Customer_ID,Customer_Name,Age,Gender,City,State,Region,Customer_Segment
CUST10000,Customer_0,56,Female,Kolkata,Delhi,South,consumer 
CUST10001,Customer_1,69,Male,Ahmedabad,Delhi,East,
CUST10002,Customer_2,46,Female,,Rajasthan,West,Corporate
CUST10003,Customer_3,32,Female,Ahmedabad,Tamil Nadu,North,Corporate
CUST10004,Customer_4,60,Female,Mumbai,Gujarat,South,Small Business
CUST10005,Customer_5,25,Female,Chennai,Tamil Nadu,North,Corporate
CUST10006,Customer_6,38,Male,Chennai,Maharashtra,West,Corporate
CUST10007,Customer_7,56,Male,Delhi,Uttar Pradesh, north ,Small Business
CUST10008,Customer_8,36,Male,Hyderabad,Karnataka, north ,Corporate
CUST10009,Customer_9,40,Female,Hyderabad,Gujarat,West,
CUST10010,Customer_10,28,Female,Kolkata,Karnataka,South,Consumer
CUST10011,Customer_11,28,Male,Ahmedabad,Maharashtra,West,Consumer
CUST10012,Customer_12,41,Female,Delhi,Tamil Nadu, north ,Consumer
CUST10013,Customer_13,53,Male,Bengaluru,Delhi,West,Small Business
CUST10014,Customer_14,57,Male,Hyderabad,Delhi,South,Consumer
CUST10015,Customer_15,41,Male,Chennai,Tamil Nadu,SOUTH,Consumer
CUST10016,Customer_16,20, FEMALE,Jaipur,Maharashtra,West,Small Business
CUST10017,Customer_17,39,Male,Hyderabad,Delhi, north ,Corporate
CUST10018,Customer_18,19,Male,Delhi,Karnataka, north ,Corporate
CUST10019,Customer_19,41,Male,Jaipur,Tamil Nadu,South,Consumer
CUST10020,Customer_20,61,Male,Ahmedabad,Telangana, north ,Small Business
CUST10021,Customer_21,47,Female,Chennai,Maharashtra,East,Corporate
CUST10022,Customer_22,55,Male,Pune,West Bengal,,consumer 
CUST10023,Customer_23,19,Male,Mumbai,Rajasthan,West,Small Business
CUST10024,Customer_24,38,Female,Mumbai,Rajasthan,East,Consumer
CUST10025,Customer_25,50,Male,,Telangana,South,Corporate
CUST10026,Customer_26,29,Female,Hyderabad,Maharashtra,,Consumer
CUST10027,Customer_27,39,Female,Ahmedabad,Tamil Nadu,North,Consumer
CUST10028,Customer_28,61,Male,Chennai,Gujarat,SOUTH,Consumer
CUST10029,Customer_29,42,Female,Mumbai,Tamil Nadu,North,consumer 
CUST10030,Customer_30,66,Male,Bengaluru,Maharashtra,South,Consumer
CUST10031,Customer_31,44,Female,Hyderabad,Delhi,South,Corporate
CUST10032,Customer_32,59,Female,Pune,Gujarat,West,Consumer
CUST10033,Customer_33,45,Male,Hyderabad,Uttar Pradesh,North,CORPORATE
CUST10034,Customer_34,33,Female,Hyderabad,Karnataka,,Corporate
CUST10035,Customer_35,32, FEMALE,Pune,Karnataka,West,Small Business
CUST10036,Customer_36,64,,Bengaluru,Gujarat,West,Corporate
CUST10037,Customer_37,68,Female,Delhi,Maharashtra,North,Consumer
CUST10038,Customer_38,61,Female,Delhi,Tamil Nadu,East,consumer 
CUST10039,Customer_39,69,Male,Bengaluru,Rajasthan,SOUTH,Corporate
CUST10040,Customer_40,20,Male,Delhi,Telangana,South,Corporate
CUST10041,Customer_41,54,Female,Bengaluru,Delhi,North,Corporate
CUST10042,Customer_42,68,Male,Jaipur,Maharashtra,East,consumer 
CUST10043,Customer_43,24,Other,Jaipur,Gujarat,SOUTH,Consumer
CUST10044,Customer_44,38,Male,Pune,Tamil Nadu,East,Consumer
CUST10045,Customer_45,26,Male,Lucknow,Uttar Pradesh,South,consumer 
CUST10046,Customer_46,56,Female,Bengaluru,Tamil Nadu,West,Consumer
CUST10047,Customer_47,35,male ,Ahmedabad,Gujarat,SOUTH,Corporate
CUST10048,Customer_48,21,Female,Hyderabad,Gujarat,North,Consumer
CUST10049,Customer_49,42,Female,Hyderabad,Tamil Nadu,North,Consumer
CUST10050,Customer_50,31,Male,Hyderabad,Karnataka,North,Corporate
CUST10051,Customer_51,67,male ,Delhi,West Bengal,North,Small Business
CUST10052,Customer_52,26,Male,Ahmedabad,Rajasthan,South,Consumer
CUST10053,Customer_53,43, FEMALE,Mumbai,Tamil Nadu,North,Consumer
CUST10054,Customer_54,19,Female,Bengaluru,Uttar Pradesh,East,Consumer
CUST10055,Customer_55,37,Female,Bengaluru,Maharashtra,South,
CUST10056,Customer_56,45,Female,Delhi,Karnataka,South,Consumer
CUST10057,Customer_57,64,Female,Mumbai,Rajasthan,SOUTH,Consumer
CUST10058,Customer_58,24,Male,Delhi,Karnataka,North,
CUST10059,Customer_59,61, FEMALE,Bengaluru,Telangana,South,consumer 
CUST10060,Customer_60,25,Female,Ahmedabad,Gujarat,South,Small Business
CUST10061,Customer_61,64,Male,Bengaluru,West Bengal,East,Consumer
CUST10062,Customer_62,52,Male,Mumbai,Gujarat,West,Consumer
CUST10063,Customer_63,31,Female,Kolkata,Uttar Pradesh,West,Consumer
CUST10064,Customer_64,34,Female,,Uttar Pradesh,East,Corporate
CUST10065,Customer_65,53,Female,Mumbai,West Bengal, north ,Consumer
CUST10066,Customer_66,67,Female,,Maharashtra,West,Consumer
CUST10067,Customer_67,57,Female,Ahmedabad,Tamil Nadu,,Consumer
CUST10068,Customer_68,21,Other,Mumbai,Karnataka,South,consumer 
CUST10069,Customer_69,19,Female,Chennai,,West,Small Business
CUST10070,Customer_70,23,male ,Mumbai,Karnataka,,Corporate
CUST10071,Customer_71,59,Male,Ahmedabad,Maharashtra,South,Consumer
CUST10072,Customer_72,21,Female,,West Bengal,North,consumer 
CUST10073,Customer_73,46,Male,Lucknow,Tamil Nadu, north ,Corporate
CUST10074,Customer_74,35,Female,Bengaluru,Delhi,North,Corporate
CUST10075,Customer_75,43, FEMALE,Hyderabad,Maharashtra,West,CORPORATE
CUST10076,Customer_76,61,Male,Bengaluru,Uttar Pradesh,North,Consumer
CUST10077,Customer_77,51,Male,Ahmedabad,Tamil Nadu,North,Corporate
CUST10078,Customer_78,27, FEMALE,Ahmedabad,Maharashtra,South,Small Business
CUST10079,Customer_79,53,Male,Hyderabad,Tamil Nadu,,Consumer
CUST10080,Customer_80,31,Female,Kolkata,Karnataka,North,Consumer
CUST10081,Customer_81,48,Female,Mumbai,Maharashtra,West,
CUST10082,Customer_82,65,male ,Hyderabad,Gujarat,North,Consumer
CUST10083,Customer_83,32,Male,Kolkata,Telangana,,Corporate
CUST10084,Customer_84,25,Male,Hyderabad,Delhi,South,Small Business
CUST10085,Customer_85,31,Female,Hyderabad,,West,Consumer
CUST10086,Customer_86,40,Other,Delhi,Uttar Pradesh,West,Consumer
CUST10087,Customer_87,57,Female,Lucknow,Karnataka,North,Consumer
CUST10088,Customer_88,38,Male,Ahmedabad,Telangana,North,Consumer
CUST10089,Customer_89,33,Female,Ahmedabad,Gujarat, north ,consumer 
CUST10090,Customer_90,62,Other,Jaipur,Karnataka,South,Small Business
CUST10091,Customer_91,35,male ,Pune,West Bengal,East,Consumer
CUST10092,Customer_92,64,,Bengaluru,Tamil Nadu,North,Consumer
CUST10093,Customer_93,41,Male,,Telangana,,Consumer
CUST10094,Customer_94,43,Male,Pune,West Bengal,SOUTH,Consumer
CUST10095,Customer_95,42,Female,Kolkata,Tamil Nadu,North,Corporate
CUST10096,Customer_96,62,male ,Kolkata,Delhi,East,Consumer
CUST10097,Customer_97,58,Male,Lucknow,Uttar Pradesh, north ,consumer 
CUST10098,Customer_98,46,Male,Delhi,Maharashtra,South,Consumer
CUST10099,Customer_99,32,male ,Mumbai,Tamil Nadu,South,consumer 
CUST10100,Customer_100,62,Male,Kolkata,West Bengal,South,Consumer
CUST10101,Customer_101,18,Male,Ahmedabad,Rajasthan,North,Small Business
CUST10102,Customer_102,42,Female,Kolkata,Telangana,West,Small Business
CUST10103,Customer_103,24,Female,Hyderabad,Uttar Pradesh,South,Consumer
CUST10104,Customer_104,26,Female,Hyderabad,Maharashtra,East,Corporate
CUST10105,Customer_105,41,Male,Jaipur,Rajasthan,South,Corporate
CUST10106,Customer_106,18,Female,Jaipur,Uttar Pradesh,West,Consumer
CUST10107,Customer_107,61,Female,Pune,Gujarat,West,Consumer
CUST10108,Customer_108,25,Female,Bengaluru,West Bengal,East,Consumer
CUST10109,Customer_109,41,Female,Ahmedabad,Karnataka, north ,Consumer
CUST10110,Customer_110,28,Male,Pune,Maharashtra,North,Corporate
CUST10111,Customer_111,68,Male,Lucknow,Karnataka,West,Consumer
CUST10112,Customer_112,34,Male,Mumbai,Tamil Nadu,East,CORPORATE
CUST10113,Customer_113,25,Male,Bengaluru,Maharashtra,South,Corporate
CUST10114,Customer_114,52,Female,Ahmedabad,Gujarat,North,Consumer
CUST10115,Customer_115,52, FEMALE,Delhi,Gujarat,South,Consumer
CUST10116,Customer_116,50,Female,Chennai,Delhi, north ,Corporate
CUST10117,Customer_117,22,male ,Chennai,West Bengal,West,Consumer
CUST10118,Customer_118,59,Male,Jaipur,Uttar Pradesh,West,Corporate
CUST10119,Customer_119,56,Female,Bengaluru,Karnataka,North,Consumer
CUST10120,Customer_120,58,Female,Mumbai,Tamil Nadu,SOUTH,Corporate
CUST10121,Customer_121,45,Male,Ahmedabad,Telangana,South,Consumer
CUST10122,Customer_122,24,Male,Pune,Maharashtra,East,Corporate
CUST10123,Customer_123,26,Female,Delhi,West Bengal,West,Consumer
CUST10124,Customer_124,25,,Mumbai,,North,Consumer
CUST10125,Customer_125,29,Male,,Telangana,West,Consumer
CUST10126,Customer_126,51,Male,Mumbai,Tamil Nadu,North,Consumer
CUST10127,Customer_127,50,male ,Pune,Karnataka,North,Consumer
CUST10128,Customer_128,65,Male,Hyderabad,Gujarat,West,Consumer
CUST10129,Customer_129,40,male ,Ahmedabad,Gujarat,North,Consumer
CUST10130,Customer_130,41,Female,Jaipur,Maharashtra,South,Small Business
CUST10131,Customer_131,54,Other,Pune,Gujarat,South,Corporate
CUST10132,Customer_132,52,Female,Delhi,Maharashtra,South,CORPORATE
CUST10133,Customer_133,61,Female,Ahmedabad,Delhi,North,Consumer
CUST10134,Customer_134,57,Female,Hyderabad,Rajasthan,West,Consumer
CUST10135,Customer_135,39,Female,Ahmedabad,Telangana,North,Small Business
CUST10136,Customer_136,44,Female,Chennai,Tamil Nadu,West,Consumer
CUST10137,Customer_137,52,Male,Kolkata,Rajasthan,West,Corporate
CUST10138,Customer_138,18,Female,Delhi,Delhi,South,CORPORATE
CUST10139,Customer_139,52,Female,Jaipur,Karnataka, north ,Corporate
CUST10140,Customer_140,54,male ,Bengaluru,Tamil Nadu,North,Corporate
CUST10141,Customer_141,64,Female,Hyderabad,Karnataka,South,Small Business
CUST10142,Customer_142,31,Female,Delhi,Delhi,North,Small Business
CUST10143,Customer_143,20,Male,Mumbai,Delhi,,Corporate
CUST10144,Customer_144,18,Female,Mumbai,Uttar Pradesh,,Consumer
CUST10145,Customer_145,22,Female,Bengaluru,Gujarat,North,
CUST10146,Customer_146,43, FEMALE,,Maharashtra,West,Consumer
CUST10147,Customer_147,31,Other,Hyderabad,Karnataka,West,Consumer
CUST10148,Customer_148,56,Male,Jaipur,Rajasthan,North,
CUST10149,Customer_149,44,male ,Delhi,Gujarat,SOUTH,consumer 
CUST10150,Customer_150,26,Male,Pune,Karnataka,,Consumer
CUST10151,Customer_151,32,Male,Chennai,Gujarat,SOUTH,Consumer
CUST10152,Customer_152,32,Female,Ahmedabad,Tamil Nadu,East,Small Business
CUST10153,Customer_153,43,Male,Lucknow,Gujarat,North,Consumer
CUST10154,Customer_154,59,Female,Chennai,Maharashtra,South,Consumer
CUST10155,Customer_155,30,Male,Jaipur,,East,
CUST10156,Customer_156,68,Male,Mumbai,Telangana,South,Corporate
CUST10157,Customer_157,49,Female,Pune,Gujarat,West,Small Business
CUST10158,Customer_158,56,Female,Delhi,Telangana,West,Small Business
CUST10159,Customer_159,66,Other,Bengaluru,Tamil Nadu,North,Small Business
CUST10160,Customer_160,69,Female,Mumbai,Uttar Pradesh,South,consumer 
CUST10161,Customer_161,49,Female,,Uttar Pradesh,SOUTH,Corporate
CUST10162,Customer_162,21,Female,Chennai,West Bengal,South,Small Business
CUST10163,Customer_163,47,Male,Jaipur,Telangana,South,Small Business
CUST10164,Customer_164,54,Male,Chennai,Uttar Pradesh,North,CORPORATE
CUST10165,Customer_165,40,Female,Delhi,Gujarat,South,Small Business
CUST10166,Customer_166,56,Female,Jaipur,Delhi,South,consumer 
CUST10167,Customer_167,62,Female,Lucknow,West Bengal,North,Consumer
CUST10168,Customer_168,32,Female,Ahmedabad,Gujarat,North,Consumer
CUST10169,Customer_169,60,Female,Pune,Rajasthan,East,Consumer
CUST10170,Customer_170,46,Male,Jaipur,Uttar Pradesh,South,Consumer
CUST10171,Customer_171,53,Male,Jaipur,Gujarat,North,Consumer
CUST10172,Customer_172,30,male ,Mumbai,Uttar Pradesh, north ,Consumer
CUST10173,Customer_173,49,Female,Mumbai,Rajasthan,East,
CUST10174,Customer_174,24, FEMALE,Delhi,Gujarat,North,Consumer
CUST10175,Customer_175,68,Male,Bengaluru,Gujarat, north ,Consumer
CUST10176,Customer_176,39,,Chennai,Uttar Pradesh,South,Small Business
CUST10177,Customer_177,45,Male,,Delhi,North,Consumer
CUST10178,Customer_178,19,Male,Hyderabad,Maharashtra, north ,Consumer
CUST10179,Customer_179,59,,Jaipur,Tamil Nadu,North,Consumer
CUST10180,Customer_180,62,Male,Kolkata,Rajasthan, north ,Consumer
CUST10181,Customer_181,23,Female,Mumbai,Karnataka,West,CORPORATE
CUST10182,Customer_182,45,Male,Delhi,Delhi,South,consumer 
CUST10183,Customer_183,45,Female,Pune,Karnataka,North,consumer 
CUST10184,Customer_184,61, FEMALE,Kolkata,Uttar Pradesh,North,consumer 
CUST10185,Customer_185,61,Male,,Gujarat,North,Consumer
CUST10186,Customer_186,37,Female,Hyderabad,Gujarat, north ,Small Business
CUST10187,Customer_187,47,Male,Ahmedabad,Telangana,South,Small Business
CUST10188,Customer_188,28,Female,Hyderabad,Telangana,North,CORPORATE
CUST10189,Customer_189,45,Male,Kolkata,Telangana,East,Consumer
CUST10190,Customer_190,42,Male,Pune,Telangana,North,Consumer
CUST10191,Customer_191,56,Male,Delhi,Rajasthan,South,Consumer
CUST10192,Customer_192,50,Male,Delhi,Karnataka,North,Consumer
CUST10193,Customer_193,18, FEMALE,Delhi,Delhi,West,Corporate
CUST10194,Customer_194,44,Female,Hyderabad,Telangana,North,Consumer
CUST10195,Customer_195,69,Male,Jaipur,Maharashtra,South,Consumer
CUST10196,Customer_196,30,Female,Mumbai,Delhi,North,Corporate
CUST10197,Customer_197,58,Male,Pune,Tamil Nadu,East,Consumer
CUST10198,Customer_198,20,Female,Bengaluru,Maharashtra,,Consumer
CUST10199,Customer_199,56,Other,Lucknow,Telangana,North,CORPORATE
CUST10200,Customer_200,23,Female,Lucknow,Karnataka,East,Small Business
CUST10201,Customer_201,25, FEMALE,Jaipur,West Bengal,East,Corporate
CUST10202,Customer_202,44,Female,Chennai,,South,consumer 
CUST10203,Customer_203,26,Male,Bengaluru,Tamil Nadu,West,Consumer
CUST10204,Customer_204,54,Female,Lucknow,Rajasthan,South,Consumer
CUST10205,Customer_205,50,Female,Mumbai,Gujarat,,Consumer
CUST10206,Customer_206,68,Female,Bengaluru,Telangana,East,Corporate
CUST10207,Customer_207,59, FEMALE,Mumbai,Maharashtra, north ,Corporate
CUST10208,Customer_208,61,Female,Kolkata,Karnataka,East,Consumer
CUST10209,Customer_209,41, FEMALE,Kolkata,Telangana,North,Consumer
CUST10210,Customer_210,32,Female,Kolkata,Rajasthan,West,Small Business
CUST10211,Customer_211,49,Female,Hyderabad,Delhi,West,Consumer
CUST10212,Customer_212,49,Female,Delhi,Gujarat,,
CUST10213,Customer_213,41,Male,Ahmedabad,Delhi,North,Consumer
CUST10214,Customer_214,58,,Chennai,Gujarat,East,Corporate
CUST10215,Customer_215,69,Female,Hyderabad,Gujarat,East,Small Business
CUST10216,Customer_216,66,Male,Pune,,West,consumer 
CUST10217,Customer_217,66,Male,Mumbai,Uttar Pradesh,,Consumer
CUST10218,Customer_218,69,Female,Mumbai,Maharashtra,East,Consumer
CUST10219,Customer_219,29,Male,Hyderabad,Rajasthan,West,Consumer
CUST10220,Customer_220,56,Male,Mumbai,Maharashtra,South,Corporate
CUST10221,Customer_221,19,Female,Bengaluru,Gujarat,South,Corporate
CUST10222,Customer_222,20,Male,Ahmedabad,Karnataka,South,Corporate
CUST10223,Customer_223,66,Female,Chennai,Karnataka,North,Consumer
CUST10224,Customer_224,54,Male,Chennai,Gujarat,South,Consumer
CUST10225,Customer_225,66,Male,Kolkata,Delhi,North,Consumer
CUST10226,Customer_226,34,Female,Ahmedabad,Maharashtra,South,consumer 
CUST10227,Customer_227,66,Female,Delhi,Telangana,East,Small Business
CUST10228,Customer_228,19,Male,Lucknow,Rajasthan,West,Consumer
CUST10229,Customer_229,19,Male,Pune,Rajasthan,East,Corporate
CUST10230,Customer_230,45,Female,Mumbai,Rajasthan,East,Consumer
CUST10231,Customer_231,40,Male,Bengaluru,Gujarat,,Corporate
CUST10232,Customer_232,54,Male,Chennai,Maharashtra, north ,Consumer
CUST10233,Customer_233,49,Male,Kolkata,Tamil Nadu,North,Small Business
CUST10234,Customer_234,50,male ,Bengaluru,Uttar Pradesh,,Corporate
CUST10235,Customer_235,18,Female,Chennai,West Bengal,East,Consumer
CUST10236,Customer_236,36,Female,Kolkata,Telangana,North,Consumer
CUST10237,Customer_237,19,Female,Hyderabad,Delhi,South,Consumer
CUST10238,Customer_238,61,Female,Ahmedabad,Delhi,North,Consumer
CUST10239,Customer_239,43,Female,Ahmedabad,Maharashtra,North,CORPORATE
CUST10240,Customer_240,49,Female,Chennai,Karnataka,South,Corporate
CUST10241,Customer_241,23,Male,Ahmedabad,Maharashtra,East,Consumer
CUST10242,Customer_242,49,Female,Delhi,Telangana,North,Corporate
CUST10243,Customer_243,21,male ,Delhi,Maharashtra,West,Corporate
CUST10244,Customer_244,28,Female,Hyderabad,Uttar Pradesh, north ,Consumer
CUST10245,Customer_245,34,Male,Pune,Gujarat,East,Consumer
CUST10246,Customer_246,55,Male,Pune,Telangana,South,Corporate
CUST10247,Customer_247,41,Female,Chennai,Tamil Nadu,North,Small Business
CUST10248,Customer_248,22,Female,Mumbai,Gujarat,North,CORPORATE
CUST10249,Customer_249,69, FEMALE,Mumbai,Tamil Nadu,West,Consumer
CUST10250,Customer_250,51,Male,Lucknow,,West,Consumer
CUST10251,Customer_251,23,male ,Ahmedabad,Maharashtra,East,consumer 
CUST10252,Customer_252,39,Female,Kolkata,Gujarat,North,Corporate
CUST10253,Customer_253,28, FEMALE,Kolkata,Tamil Nadu,North,CORPORATE
CUST10254,Customer_254,65,Female,Pune,Delhi,West,Consumer
CUST10255,Customer_255,33,Female,Mumbai,,East,Consumer
CUST10256,Customer_256,50,Female,Hyderabad,Gujarat,SOUTH,Consumer
CUST10257,Customer_257,26,Female,Kolkata,Telangana,,Consumer
CUST10258,Customer_258,23,Other,Chennai,Gujarat,West,Consumer
CUST10259,Customer_259,33,Male,Delhi,Maharashtra,South,Consumer
CUST10260,Customer_260,46,Male,Ahmedabad,Rajasthan,South,Corporate
CUST10261,Customer_261,20,Other,Lucknow,Maharashtra,South,consumer 
CUST10262,Customer_262,37,Female,Bengaluru,Karnataka,,Consumer
CUST10263,Customer_263,53,Female,Pune,Uttar Pradesh,South,Consumer
CUST10264,Customer_264,36,Female,Ahmedabad,Telangana,,
CUST10265,Customer_265,43,Male,Delhi,Delhi,SOUTH,Consumer
CUST10266,Customer_266,20,male ,Chennai,Telangana,West,Corporate
CUST10267,Customer_267,36,Female,Chennai,Maharashtra,East,Small Business
CUST10268,Customer_268,37,Male,Hyderabad,Rajasthan,North,Consumer
CUST10269,Customer_269,49,Male,Lucknow,Maharashtra,North,consumer 
CUST10270,Customer_270,24,male ,Hyderabad,Gujarat,East,Corporate
CUST10271,Customer_271,69,Male,Delhi,Karnataka,SOUTH,Consumer
CUST10272,Customer_272,58, FEMALE,Delhi,Telangana, north ,consumer 
CUST10273,Customer_273,50,Male,Delhi,Karnataka,North,Corporate
CUST10274,Customer_274,57,Female,Hyderabad,Rajasthan,South,Corporate
CUST10275,Customer_275,56,Other,Jaipur,Maharashtra,East,Corporate
CUST10276,Customer_276,35,Female,Mumbai,Tamil Nadu,East,Consumer
CUST10277,Customer_277,57,Female,Kolkata,Karnataka,North,Consumer
CUST10278,Customer_278,18,Female,Kolkata,Gujarat,South,Consumer
CUST10279,Customer_279,28,Male,Bengaluru,Delhi,SOUTH,Consumer
CUST10280,Customer_280,45,Male,Pune,Uttar Pradesh,SOUTH,Consumer
CUST10281,Customer_281,42,,Kolkata,Maharashtra,East,Consumer
CUST10282,Customer_282,67,Female,Chennai,Delhi,West,Consumer
CUST10283,Customer_283,40,Female,Bengaluru,Maharashtra,North,Consumer
CUST10284,Customer_284,48,Male,Pune,Maharashtra,,Corporate
CUST10285,Customer_285,47,Male,Ahmedabad,Tamil Nadu,North,Consumer
CUST10286,Customer_286,59,Male,Hyderabad,,North,Corporate
CUST10287,Customer_287,52,Female,Hyderabad,Delhi,North,Corporate
CUST10288,Customer_288,24,male ,Chennai,Tamil Nadu,South,Small Business
CUST10289,Customer_289,33,Female,Delhi,Telangana, north ,Corporate
CUST10290,Customer_290,43, FEMALE,Pune,Karnataka,,consumer 
CUST10291,Customer_291,65,Male,Bengaluru,Karnataka,West,Corporate
CUST10292,Customer_292,69,Male,Mumbai,Gujarat,West,Consumer
CUST10293,Customer_293,66,Male,Chennai,Delhi,South,Consumer
CUST10294,Customer_294,19,Female,Delhi,Uttar Pradesh,East,Small Business
CUST10295,Customer_295,18,Male,Hyderabad,Karnataka,West,Consumer
CUST10296,Customer_296,65,Other,Delhi,Telangana,East,Consumer
CUST10297,Customer_297,29,Male,Delhi,Telangana,North,Corporate
CUST10298,Customer_298,22,Other,Lucknow,Karnataka,West,Consumer
CUST10299,Customer_299,54,Female,Ahmedabad,Delhi,North,consumer 
CUST10300,Customer_300,49,,Mumbai,Maharashtra,North,Consumer
CUST10301,Customer_301,26,Female,Chennai,Karnataka,East,Corporate
CUST10302,Customer_302,58,Other,Bengaluru,Uttar Pradesh,North,
CUST10303,Customer_303,52,Male,Chennai,Maharashtra,West,Small Business
CUST10304,Customer_304,36,Female,Hyderabad,Uttar Pradesh,West,Corporate
CUST10305,Customer_305,65, FEMALE,Bengaluru,Karnataka,South,consumer 
CUST10306,Customer_306,33,Male,Kolkata,Gujarat,SOUTH,Corporate
CUST10307,Customer_307,20,Male,Mumbai,Telangana,West,Consumer
CUST10308,Customer_308,37,Female,Delhi,Maharashtra,North,consumer 
CUST10309,Customer_309,41,Other,Jaipur,,West,Consumer
CUST10310,Customer_310,50,Female,Kolkata,Maharashtra,South,Consumer
CUST10311,Customer_311,41,Female,Chennai,West Bengal,West,Consumer
CUST10312,Customer_312,69,Male,Chennai,West Bengal,West,Small Business
CUST10313,Customer_313,28,Male,Chennai,Telangana,North,Consumer
CUST10314,Customer_314,66,male ,Hyderabad,Gujarat,West,Corporate
CUST10315,Customer_315,25,Male,Hyderabad,Gujarat, north ,Consumer
CUST10316,Customer_316,53,Female,Chennai,Uttar Pradesh,South,Consumer
CUST10317,Customer_317,55,Other,Chennai,,North,
CUST10318,Customer_318,57,Male,Kolkata,Telangana,North,Consumer
CUST10319,Customer_319,37,Female,Jaipur,Delhi,North,Consumer
CUST10320,Customer_320,52,Male,Hyderabad,Uttar Pradesh,North,Consumer
CUST10321,Customer_321,65,Female,Hyderabad,Telangana,South,Corporate
CUST10322,Customer_322,42,Male,Hyderabad,Maharashtra,,Small Business
CUST10323,Customer_323,52,Female,Chennai,Tamil Nadu,North,consumer 
CUST10324,Customer_324,42,Male,Chennai,Gujarat,West,Consumer
CUST10325,Customer_325,46,Female,Ahmedabad,Maharashtra,,Corporate
CUST10326,Customer_326,35,Female,Kolkata,Gujarat,,Corporate
CUST10327,Customer_327,63,Male,Ahmedabad,Telangana,South,Corporate
CUST10328,Customer_328,35,Female,Kolkata,Maharashtra,West,Small Business
CUST10329,Customer_329,19,Male,Ahmedabad,Gujarat,SOUTH,Small Business
CUST10330,Customer_330,52,Female,Kolkata,Gujarat,,Consumer
CUST10331,Customer_331,33,Male,Ahmedabad,Karnataka, north ,Consumer
CUST10332,Customer_332,58,Female,Mumbai,Karnataka,West,Small Business
CUST10333,Customer_333,53,Male,Delhi,Telangana,South,Consumer
CUST10334,Customer_334,50,Female,Pune,Uttar Pradesh,North,Consumer
CUST10335,Customer_335,21,Male,,Delhi,East,Consumer
CUST10336,Customer_336,50,Female,Hyderabad,Maharashtra,North,Consumer
CUST10337,Customer_337,31,Male,Mumbai,Rajasthan,,Corporate
CUST10338,Customer_338,38, FEMALE,Chennai,Telangana,South,Consumer
CUST10339,Customer_339,65, FEMALE,Kolkata,Karnataka,SOUTH,Corporate
CUST10340,Customer_340,37,Male,Bengaluru,Gujarat,West,Consumer
CUST10341,Customer_341,25,Female,Jaipur,Gujarat,South,Small Business
CUST10342,Customer_342,24,Male,Ahmedabad,Gujarat,North,Small Business
CUST10343,Customer_343,20,Female,Ahmedabad,Karnataka,South,Corporate
CUST10344,Customer_344,34,Female,Bengaluru,Gujarat,West,Consumer
CUST10345,Customer_345,50,Female,Bengaluru,Uttar Pradesh,West,Consumer
CUST10346,Customer_346,65,Female,Hyderabad,Maharashtra,,Consumer
CUST10347,Customer_347,29,Male,Hyderabad,West Bengal,North,Consumer
CUST10348,Customer_348,68,Male,Delhi,Delhi,North,Consumer
CUST10349,Customer_349,39,Male,Jaipur,Rajasthan,North,Small Business
CUST10350,Customer_350,39,Female,Hyderabad,Uttar Pradesh,South,CORPORATE
CUST10351,Customer_351,63,Female,Ahmedabad,Uttar Pradesh,West,Consumer
CUST10352,Customer_352,47,Female,Ahmedabad,Maharashtra,North,Consumer
CUST10353,Customer_353,55,Male,Delhi,West Bengal,East,consumer 
CUST10354,Customer_354,55,Male,,Maharashtra,South,Small Business
CUST10355,Customer_355,62,Male,Jaipur,Gujarat,South,Consumer
CUST10356,Customer_356,68,Male,Chennai,Rajasthan,East,
CUST10357,Customer_357,25,Male,Hyderabad,Delhi,East,Corporate
CUST10358,Customer_358,44,male ,Chennai,Maharashtra,South,Corporate
CUST10359,Customer_359,44, FEMALE,Bengaluru,Rajasthan,West,Corporate
CUST10360,Customer_360,51,Female,Pune,Tamil Nadu,South,Consumer
CUST10361,Customer_361,38,Female,Delhi,Uttar Pradesh,West,Corporate
CUST10362,Customer_362,47,Male,Pune,Karnataka,SOUTH,Consumer
CUST10363,Customer_363,50, FEMALE,Bengaluru,Rajasthan,West,Corporate
CUST10364,Customer_364,45,Male,Delhi,Maharashtra,South,Consumer
CUST10365,Customer_365,64,Other,Pune,Tamil Nadu,West,Consumer
CUST10366,Customer_366,50,Female,Pune,Gujarat,West,Consumer
CUST10367,Customer_367,22,Male,Hyderabad,West Bengal,South,Consumer
CUST10368,Customer_368,65,Other,Delhi,Delhi,West,Consumer
CUST10369,Customer_369,36,Male,Ahmedabad,,South,Small Business
CUST10370,Customer_370,21,Female,Pune,Maharashtra,West,Consumer
CUST10371,Customer_371,52,Female,Delhi,Rajasthan,South,Small Business
CUST10372,Customer_372,66,Male,Chennai,Tamil Nadu,SOUTH,Small Business
CUST10373,Customer_373,34,Female,Chennai,Karnataka,East,Consumer
CUST10374,Customer_374,61,Female,Delhi,Maharashtra,South,Consumer
CUST10375,Customer_375,45,Female,Pune,Maharashtra,South,Small Business
CUST10376,Customer_376,47,Male,Lucknow,Gujarat,South,Corporate
CUST10377,Customer_377,46,Other,Jaipur,Gujarat,North,consumer 
CUST10378,Customer_378,63,Male,Mumbai,Tamil Nadu,North,Corporate
CUST10379,Customer_379,23,Male,Ahmedabad,Maharashtra,South,Corporate
CUST10380,Customer_380,52,Male,Bengaluru,Gujarat,South,Small Business
CUST10381,Customer_381,58,Male,Ahmedabad,Tamil Nadu,South,Consumer
CUST10382,Customer_382,54,Male,Delhi,Telangana,North,Corporate
CUST10383,Customer_383,41,,Chennai,Telangana,East,Consumer
CUST10384,Customer_384,46,Male,Pune,Telangana,North,Consumer
CUST10385,Customer_385,66,Male,Bengaluru,Tamil Nadu,,Consumer
CUST10386,Customer_386,63,Male,Jaipur,West Bengal,North,Corporate
CUST10387,Customer_387,48,Female,Pune,Tamil Nadu,East,consumer 
CUST10388,Customer_388,52, FEMALE,Delhi,Gujarat,North,Consumer
CUST10389,Customer_389,50,Male,Pune,Karnataka,South,Small Business
CUST10390,Customer_390,69,Male,Chennai,West Bengal,South,Consumer
CUST10391,Customer_391,38,Male,Mumbai,Karnataka,North,Consumer
CUST10392,Customer_392,49,Male,,Uttar Pradesh,,consumer 
CUST10393,Customer_393,40,Male,,Maharashtra,South,Consumer
CUST10394,Customer_394,50,Female,Bengaluru,Maharashtra, north ,Consumer
CUST10395,Customer_395,20,Male,Pune,Uttar Pradesh,West,Consumer
CUST10396,Customer_396,35,Female,Bengaluru,Maharashtra,,Consumer
CUST10397,Customer_397,42,Male,Jaipur,West Bengal,East,Consumer
CUST10398,Customer_398,59,Other,Ahmedabad,,East,Consumer
CUST10399,Customer_399,48, FEMALE,Hyderabad,Tamil Nadu,SOUTH,Consumer
CUST10400,Customer_400,20,Female,Lucknow,Maharashtra,South,Consumer
CUST10401,Customer_401,57,Male,Chennai,Karnataka,East,Corporate
CUST10402,Customer_402,63,Female,Hyderabad,Uttar Pradesh,South,consumer 
CUST10403,Customer_403,41,Female,Ahmedabad,Karnataka,East,Consumer
CUST10404,Customer_404,67,Female,Chennai,Uttar Pradesh,North,Corporate
CUST10405,Customer_405,49,Female,Chennai,Uttar Pradesh,West,Consumer
CUST10406,Customer_406,64, FEMALE,Kolkata,Tamil Nadu,,Consumer
CUST10407,Customer_407,39,Other,Bengaluru,Uttar Pradesh,North,Small Business
CUST10408,Customer_408,40,Male,Bengaluru,Karnataka,West,Corporate
CUST10409,Customer_409,19,Female,Ahmedabad,Tamil Nadu,South,Consumer
CUST10410,Customer_410,44,Male,Kolkata,Rajasthan,North,Consumer
CUST10411,Customer_411,59,Male,Lucknow,Maharashtra,West,Consumer
CUST10412,Customer_412,19,Female,Bengaluru,Karnataka,North,Small Business
CUST10413,Customer_413,43,Male,Pune,Rajasthan,East,Small Business
CUST10414,Customer_414,34, FEMALE,Ahmedabad,Rajasthan,North,Consumer
CUST10415,Customer_415,57,Male,Bengaluru,Tamil Nadu,East,Consumer
CUST10416,Customer_416,50,Female,Mumbai,Uttar Pradesh,East,Consumer
CUST10417,Customer_417,26,Female,Chennai,Tamil Nadu,SOUTH,Small Business
CUST10418,Customer_418,60,Female,Hyderabad,Gujarat,West,Consumer
CUST10419,Customer_419,65,Female,Mumbai,Uttar Pradesh,North,Consumer
CUST10420,Customer_420,56, FEMALE,,Karnataka,South,Consumer
CUST10421,Customer_421,46,Female,,Telangana,SOUTH,Consumer
CUST10422,Customer_422,59,Female,,Rajasthan,West,Consumer
CUST10423,Customer_423,43,Male,Jaipur,Gujarat,East,Small Business
CUST10424,Customer_424,52,Female,Lucknow,Maharashtra,East,Consumer
CUST10425,Customer_425,67,male ,Kolkata,Tamil Nadu,South,consumer 
CUST10426,Customer_426,42,Female,Delhi,Maharashtra,East,Corporate
CUST10427,Customer_427,41,male ,Mumbai,Karnataka,West,Consumer
CUST10428,Customer_428,30,Female,Delhi,Rajasthan,North,Corporate
CUST10429,Customer_429,24,Male,Delhi,Delhi,SOUTH,Consumer
CUST10430,Customer_430,53,Male,,Rajasthan,South,Consumer
CUST10431,Customer_431,62,Male,Hyderabad,Gujarat,South,CORPORATE
CUST10432,Customer_432,37,Female,Bengaluru,Gujarat,North,Corporate
CUST10433,Customer_433,18,male ,Delhi,Maharashtra,East,Consumer
CUST10434,Customer_434,25,Male,Chennai,Uttar Pradesh,South,Consumer
CUST10435,Customer_435,63,Female,Bengaluru,Gujarat,South,Consumer
CUST10436,Customer_436,33,Female,Lucknow,Delhi,,Consumer
CUST10437,Customer_437,31,Female,Delhi,Telangana,South,Consumer
CUST10438,Customer_438,29,Male,Lucknow,Gujarat,South,Consumer
CUST10439,Customer_439,68,Male,Ahmedabad,Maharashtra,East,Small Business
CUST10440,Customer_440,40,Male,Jaipur,Gujarat,North,Small Business
CUST10441,Customer_441,32,Male,Jaipur,Tamil Nadu,South,Consumer
CUST10442,Customer_442,45,Male,Ahmedabad,Delhi,South,Corporate
CUST10443,Customer_443,51,Male,Mumbai,Telangana,East,Consumer
CUST10444,Customer_444,19,Female,,Karnataka, north ,Consumer
CUST10445,Customer_445,49,Male,Jaipur,Karnataka,North,Corporate
CUST10446,Customer_446,40,Other,Jaipur,Tamil Nadu,East,consumer 
CUST10447,Customer_447,39,Male,Hyderabad,Tamil Nadu,North,Consumer
CUST10448,Customer_448,68,Male,Pune,Tamil Nadu,South,Consumer
CUST10449,Customer_449,42,Male,Kolkata,Delhi,East,
CUST10450,Customer_450,39,Male,Pune,Uttar Pradesh,North,Small Business
CUST10451,Customer_451,39,male ,Kolkata,Tamil Nadu,East,Consumer
CUST10452,Customer_452,66,Male,Delhi,Uttar Pradesh,South,Consumer
CUST10453,Customer_453,69,Other,Hyderabad,Uttar Pradesh,,CORPORATE
CUST10454,Customer_454,59, FEMALE,Hyderabad,Karnataka,West,Consumer
CUST10455,Customer_455,23,Female,Bengaluru,Delhi,South,Consumer
CUST10456,Customer_456,32,Female,Mumbai,Gujarat,North,Consumer
CUST10457,Customer_457,60,Female,Mumbai,Uttar Pradesh,North,Corporate
CUST10458,Customer_458,54,Female,Hyderabad,Maharashtra,North,Consumer
CUST10459,Customer_459,50,Female,Chennai,Rajasthan,West,Corporate
CUST10460,Customer_460,25,Male,Delhi,Delhi, north ,Consumer
CUST10461,Customer_461,61,Male,Ahmedabad,Delhi,North,Corporate
CUST10462,Customer_462,61,Female,Jaipur,Tamil Nadu,South,Consumer
CUST10463,Customer_463,22,Female,Jaipur,Delhi,South,Consumer
CUST10464,Customer_464,56, FEMALE,Mumbai,Gujarat,West,Small Business
CUST10465,Customer_465,21,Male,Pune,Gujarat,North,CORPORATE
CUST10466,Customer_466,23,male ,Chennai,Rajasthan,SOUTH,consumer 
CUST10467,Customer_467,62,Male,,Delhi,West,Consumer
CUST10468,Customer_468,49,Female,Jaipur,Karnataka,SOUTH,Consumer
CUST10469,Customer_469,69,Male,Pune,Telangana,South,Small Business
CUST10470,Customer_470,47,Female,Lucknow,Tamil Nadu,East,Corporate
CUST10471,Customer_471,64,Male,Mumbai,Maharashtra,West,Small Business
CUST10472,Customer_472,52,Female,Delhi,West Bengal,West,
CUST10473,Customer_473,57,male ,Kolkata,Telangana,North,Consumer
CUST10474,Customer_474,69,Female,Delhi,Gujarat,,Small Business
CUST10475,Customer_475,33,Female,Delhi,Gujarat,SOUTH,Consumer
CUST10476,Customer_476,30, FEMALE,Jaipur,West Bengal,North,consumer 
CUST10477,Customer_477,67,Female,Bengaluru,Rajasthan,,Small Business
CUST10478,Customer_478,59,Female,Pune,Maharashtra,South,Corporate
CUST10479,Customer_479,47,Male,Ahmedabad,Maharashtra, north ,Small Business
CUST10480,Customer_480,36, FEMALE,Bengaluru,Gujarat,West,Corporate
CUST10481,Customer_481,34,Female,Mumbai,Rajasthan,North,Corporate
CUST10482,Customer_482,36,Male,Delhi,Maharashtra,North,CORPORATE
CUST10483,Customer_483,45,Male,Mumbai,West Bengal,South,Consumer
CUST10484,Customer_484,43,male ,Delhi,Gujarat,North,
CUST10485,Customer_485,54,Male,Delhi,Karnataka,North,Consumer
CUST10486,Customer_486,43,,Hyderabad,Maharashtra,West,Corporate
CUST10487,Customer_487,40,Male,Bengaluru,Gujarat,West,Consumer
CUST10488,Customer_488,26,male ,Kolkata,Tamil Nadu,East,Consumer
CUST10489,Customer_489,29,Female,,Telangana,East,Corporate
CUST10490,Customer_490,18,Female,Jaipur,Karnataka,North,Consumer
CUST10491,Customer_491,18, FEMALE,Chennai,Gujarat,South,CORPORATE
CUST10492,Customer_492,64,Female,Delhi,Gujarat,West,Consumer
CUST10493,Customer_493,51,Female,Kolkata,Telangana,South,Consumer
CUST10494,Customer_494,49,Male,Hyderabad,Delhi,South,consumer 
CUST10495,Customer_495,65,Male,Delhi,Telangana,North,Small Business
CUST10496,Customer_496,42,Male,Lucknow,Maharashtra,East,Corporate
CUST10497,Customer_497,57,Female,Bengaluru,Maharashtra,West,Consumer
CUST10498,Customer_498,62,Male,Mumbai,Telangana,East,Small Business
CUST10499,Customer_499,18,Male,Ahmedabad,Delhi,North,Consumer
CUST10500,Customer_500,33,Female,Ahmedabad,Gujarat,West,
CUST10501,Customer_501,56,Female,Bengaluru,Delhi,North,Corporate
CUST10502,Customer_502,22,Female,Hyderabad,Telangana,East,Small Business
CUST10503,Customer_503,39,Male,Pune,Maharashtra,South,Small Business
CUST10504,Customer_504,46,Male,Jaipur,Rajasthan,SOUTH,Corporate
CUST10505,Customer_505,20,Other,Delhi,Delhi,West,Small Business
CUST10506,Customer_506,29,Male,Pune,Tamil Nadu,East,Corporate
CUST10507,Customer_507,43, FEMALE,Ahmedabad,Uttar Pradesh,West,Consumer
CUST10508,Customer_508,33, FEMALE,Bengaluru,Gujarat,East,Consumer
CUST10509,Customer_509,68,male ,Ahmedabad,Rajasthan,North,Consumer
CUST10510,Customer_510,54,Male,Ahmedabad,Delhi,West,Small Business
CUST10511,Customer_511,39,male ,Bengaluru,Delhi,East,Corporate
CUST10512,Customer_512,46,male ,Jaipur,Uttar Pradesh,West,Corporate
CUST10513,Customer_513,31,Female,Mumbai,Maharashtra,North,consumer 
CUST10514,Customer_514,45,Male,Jaipur,Telangana,North,Corporate
CUST10515,Customer_515,22,Male,Lucknow,,East,Consumer
CUST10516,Customer_516,64,Male,Bengaluru,Uttar Pradesh,South,Consumer
CUST10517,Customer_517,66,Female,Jaipur,Gujarat,North,Consumer
CUST10518,Customer_518,47,Female,Lucknow,Gujarat,South,Consumer
CUST10519,Customer_519,63,Male,Hyderabad,West Bengal,West,Consumer
CUST10520,Customer_520,69,Female,Mumbai,Uttar Pradesh,North,Corporate
CUST10521,Customer_521,22,Male,Delhi,Karnataka,South,Consumer
CUST10522,Customer_522,29,Female,Pune,,East,Consumer
CUST10523,Customer_523,33, FEMALE,Ahmedabad,Karnataka,South,
CUST10524,Customer_524,43,Male,Lucknow,West Bengal,West,
CUST10525,Customer_525,43,Female,Hyderabad,Karnataka,North,Corporate
CUST10526,Customer_526,65,Male,,Maharashtra, north ,Consumer
CUST10527,Customer_527,38,Female,Bengaluru,West Bengal,West,Small Business
CUST10528,Customer_528,56,Female,Mumbai,Karnataka,South,Corporate
CUST10529,Customer_529,53,Other,Chennai,West Bengal,SOUTH,Consumer
CUST10530,Customer_530,50,Male,Chennai,Tamil Nadu,West,Corporate
CUST10531,Customer_531,47,Other,Chennai,Tamil Nadu,SOUTH,Consumer
CUST10532,Customer_532,54,Male,Ahmedabad,Maharashtra,East,
CUST10533,Customer_533,40,Female,Pune,Telangana,South,Small Business
CUST10534,Customer_534,27,Male,Pune,Uttar Pradesh,East,Consumer
CUST10535,Customer_535,22, FEMALE,Mumbai,Karnataka,North,Consumer
CUST10536,Customer_536,53,Female,,Telangana, north ,Consumer
CUST10537,Customer_537,51,Female,Jaipur,Tamil Nadu,West,consumer 
CUST10538,Customer_538,69,male ,Ahmedabad,Gujarat,East,Consumer
CUST10539,Customer_539,48,Male,Hyderabad,Rajasthan,SOUTH,Consumer
CUST10540,Customer_540,27,Male,Chennai,Maharashtra,,Consumer
CUST10541,Customer_541,36, FEMALE,Chennai,Gujarat,North,Consumer
CUST10542,Customer_542,49,Male,Mumbai,Uttar Pradesh,West,CORPORATE
CUST10543,Customer_543,18,Male,Kolkata,Uttar Pradesh,East,CORPORATE
CUST10544,Customer_544,22,Female,Ahmedabad,Tamil Nadu,East,Consumer
CUST10545,Customer_545,62,Female,Mumbai,Uttar Pradesh,,Consumer
CUST10546,Customer_546,21,Male,Delhi,Tamil Nadu, north ,Corporate
CUST10547,Customer_547,33,Male,Jaipur,Uttar Pradesh,West,Small Business
CUST10548,Customer_548,41,Male,Bengaluru,Gujarat,South,Consumer
CUST10549,Customer_549,33,Female,Pune,Gujarat,West,Consumer
CUST10550,Customer_550,19, FEMALE,Kolkata,Telangana,East,Consumer
CUST10551,Customer_551,66,,Bengaluru,Gujarat,South,Consumer
CUST10552,Customer_552,45,Female,Lucknow,Maharashtra,South,Small Business
CUST10553,Customer_553,49,Male,Pune,Maharashtra,North,Consumer
CUST10554,Customer_554,44, FEMALE,Ahmedabad,Tamil Nadu,East,Consumer
CUST10555,Customer_555,37,Female,Jaipur,Rajasthan,West,Small Business
CUST10556,Customer_556,41,Male,Ahmedabad,Maharashtra,North,Small Business
CUST10557,Customer_557,29,Other,Delhi,Tamil Nadu,West,Consumer
CUST10558,Customer_558,67,Female,Bengaluru,Delhi,North,Consumer
CUST10559,Customer_559,52,Female,Delhi,West Bengal,East,consumer 
CUST10560,Customer_560,50,Female,Hyderabad,Gujarat,,Consumer
CUST10561,Customer_561,50,Male,Ahmedabad,Uttar Pradesh,West,Corporate
CUST10562,Customer_562,68,Male,Chennai,Telangana,West,Consumer
CUST10563,Customer_563,60,Female,Lucknow,,South,Consumer
CUST10564,Customer_564,54,Male,Bengaluru,Rajasthan,North,Consumer
CUST10565,Customer_565,29,Female,Bengaluru,Uttar Pradesh,West,Consumer
CUST10566,Customer_566,20,male ,Ahmedabad,Rajasthan,East,Consumer
CUST10567,Customer_567,18,male ,Hyderabad,,South,consumer 
CUST10568,Customer_568,50,Female,Jaipur,Uttar Pradesh,South,Corporate
CUST10569,Customer_569,57,male ,Mumbai,Tamil Nadu,North,Corporate
CUST10570,Customer_570,27,male ,Ahmedabad,Telangana,South,Small Business
CUST10571,Customer_571,60,Female,Pune,Rajasthan,South,Corporate
CUST10572,Customer_572,61,Male,Jaipur,West Bengal,East,Small Business
CUST10573,Customer_573,46,Male,Delhi,West Bengal,East,Small Business
CUST10574,Customer_574,30,Male,Chennai,Karnataka,South,Consumer
CUST10575,Customer_575,29,Male,Ahmedabad,Telangana,SOUTH,Consumer
CUST10576,Customer_576,48,Male,Ahmedabad,Tamil Nadu,East,
CUST10577,Customer_577,63,Male,Delhi,Uttar Pradesh,South,Corporate
CUST10578,Customer_578,19,Female,Bengaluru,Uttar Pradesh,North,Small Business
CUST10579,Customer_579,68, FEMALE,Hyderabad,Maharashtra,East,Small Business
CUST10580,Customer_580,67,Male,Mumbai,Karnataka,East,Corporate
CUST10581,Customer_581,52,Female,Jaipur,Delhi,East,Consumer
CUST10582,Customer_582,40,Female,Mumbai,Delhi, north ,
CUST10583,Customer_583,34,Male,Bengaluru,Maharashtra,West,Small Business
CUST10584,Customer_584,43,Other,Kolkata,Uttar Pradesh, north ,consumer 
CUST10585,Customer_585,25,Female,Chennai,Gujarat,North,Consumer
CUST10586,Customer_586,46,Male,Jaipur,Telangana,South,consumer 
CUST10587,Customer_587,43,Female,Ahmedabad,West Bengal,South,Small Business
CUST10588,Customer_588,27,Male,Delhi,Rajasthan,West,Small Business
CUST10589,Customer_589,43,Female,Kolkata,Gujarat,South,Consumer
CUST10590,Customer_590,51,Male,Mumbai,Gujarat,West,Corporate
CUST10591,Customer_591,68,male ,Hyderabad,Delhi,South,Consumer
CUST10592,Customer_592,58,Female,Delhi,Karnataka,North,Corporate
CUST10593,Customer_593,24,Female,Mumbai,Delhi,South,Corporate
CUST10594,Customer_594,21,Male,Bengaluru,West Bengal,North,Consumer
CUST10595,Customer_595,67,Female,Bengaluru,Rajasthan,North,Corporate
CUST10596,Customer_596,62,male ,Ahmedabad,Karnataka,North,Consumer
CUST10597,Customer_597,28,Female,Jaipur,Gujarat,North,Small Business
CUST10598,Customer_598,46,Female,Ahmedabad,Telangana,West,Corporate
CUST10599,Customer_599,53,Female,Pune,,South,Corporate
CUST10600,Customer_600,42, FEMALE,Bengaluru,Delhi,North,Small Business
CUST10601,Customer_601,38,Female,Bengaluru,Maharashtra,South,Corporate
CUST10602,Customer_602,53, FEMALE,Bengaluru,Karnataka, north ,
CUST10603,Customer_603,27,male ,Bengaluru,Delhi,East,Consumer
CUST10604,Customer_604,54,Female,Kolkata,Uttar Pradesh,,Small Business
CUST10605,Customer_605,26,Male,Chennai,Delhi,East,Consumer
CUST10606,Customer_606,41,Female,Hyderabad,Uttar Pradesh,SOUTH,Small Business
CUST10607,Customer_607,52,male ,Mumbai,Delhi,North,Small Business
CUST10608,Customer_608,66,Male,Delhi,Karnataka,South,Small Business
CUST10609,Customer_609,52,Female,Mumbai,Gujarat,West,Consumer
CUST10610,Customer_610,65,male ,Delhi,Gujarat,,
CUST10611,Customer_611,53,Male,Jaipur,Telangana,West,CORPORATE
CUST10612,Customer_612,35,Female,Delhi,Gujarat,East,Consumer
CUST10613,Customer_613,66,Male,Jaipur,West Bengal,North,Corporate
CUST10614,Customer_614,56,Male,Hyderabad,Telangana,South,consumer 
CUST10615,Customer_615,49,male ,Delhi,Uttar Pradesh,North,Corporate
CUST10616,Customer_616,41,Male,Lucknow,Karnataka,South,Corporate
CUST10617,Customer_617,40,Male,Pune,Karnataka,South,Corporate
CUST10618,Customer_618,49, FEMALE,Mumbai,Rajasthan,South,Corporate
CUST10619,Customer_619,54,Male,Ahmedabad,Telangana,West,Corporate
CUST10620,Customer_620,29,Other,Delhi,Maharashtra,North,Consumer
CUST10621,Customer_621,66,Other,Mumbai,Delhi,South,Corporate
CUST10622,Customer_622,30,Male,Jaipur,Uttar Pradesh,South,consumer 
CUST10623,Customer_623,40,Male,Kolkata,Rajasthan,South,consumer 
CUST10624,Customer_624,42,Female,Bengaluru,Telangana,South,Small Business
CUST10625,Customer_625,52,Female,Delhi,Gujarat,South,Consumer
CUST10626,Customer_626,58,Male,Lucknow,Telangana,SOUTH,Small Business
CUST10627,Customer_627,47,Female,Bengaluru,Rajasthan,South,Consumer
CUST10628,Customer_628,34,Male,Mumbai,Gujarat,North,Corporate
CUST10629,Customer_629,66, FEMALE,Chennai,Gujarat,East,Corporate
CUST10630,Customer_630,37,Male,Ahmedabad,Tamil Nadu,North,Consumer
CUST10631,Customer_631,65,Male,Delhi,Rajasthan,North,Consumer
CUST10632,Customer_632,42,Male,Jaipur,Telangana,South,Small Business
CUST10633,Customer_633,39,Other,Pune,Rajasthan,North,consumer 
CUST10634,Customer_634,30,Female,Hyderabad,Karnataka,West,Consumer
CUST10635,Customer_635,36,male ,Jaipur,Telangana,West,Consumer
CUST10636,Customer_636,66,Female,Ahmedabad,Maharashtra,South,Consumer
CUST10637,Customer_637,53,Male,Mumbai,Delhi,West,Corporate
CUST10638,Customer_638,29,Male,Mumbai,West Bengal,South,
CUST10639,Customer_639,58,Female,Ahmedabad,Gujarat,North,Corporate
CUST10640,Customer_640,36,Female,Kolkata,Delhi,South,Small Business
CUST10641,Customer_641,29,Female,Hyderabad,Maharashtra,East,Corporate
CUST10642,Customer_642,26,Male,Pune,Tamil Nadu,North,Consumer
CUST10643,Customer_643,24,Other,Jaipur,Rajasthan,,Small Business
CUST10644,Customer_644,45,Male,Jaipur,Maharashtra,West,Corporate
CUST10645,Customer_645,31,Other,Ahmedabad,Delhi, north ,Small Business
CUST10646,Customer_646,48,Male,Hyderabad,Tamil Nadu,North,Consumer
CUST10647,Customer_647,69,Female,Bengaluru,Uttar Pradesh,North,Consumer
CUST10648,Customer_648,36,Male,Kolkata,Delhi,North,Small Business
CUST10649,Customer_649,64,Female,Hyderabad,Karnataka,SOUTH,Consumer
CUST10650,Customer_650,33,Female,Pune,Rajasthan,West,consumer 
CUST10651,Customer_651,22,Female,Hyderabad,Maharashtra,West,Corporate
CUST10652,Customer_652,52,Female,Mumbai,Maharashtra,East,Consumer
CUST10653,Customer_653,29,Female,Chennai,Tamil Nadu,East,Small Business
CUST10654,Customer_654,42,Female,Kolkata,Gujarat,South,Corporate
CUST10655,Customer_655,69,male ,Lucknow,Karnataka, north ,Consumer
CUST10656,Customer_656,38,Male,Chennai,Tamil Nadu,West,Consumer
CUST10657,Customer_657,53,Female,Mumbai,Telangana,South,Consumer
CUST10658,Customer_658,40,Female,Hyderabad,Gujarat,South,Consumer
CUST10659,Customer_659,33,Male,Jaipur,Delhi,West,Corporate
CUST10660,Customer_660,56,Female,Hyderabad,West Bengal,North,Small Business
CUST10661,Customer_661,62,Male,Kolkata,Gujarat, north ,Consumer
CUST10662,Customer_662,59,Male,Chennai,,South,Small Business
CUST10663,Customer_663,56,Male,Bengaluru,Rajasthan,South,consumer 
CUST10664,Customer_664,31,Male,Lucknow,Telangana,West,Corporate
CUST10665,Customer_665,48,Female,Delhi,Telangana,West,Small Business
CUST10666,Customer_666,22,Female,Chennai,Karnataka,South,Consumer
CUST10667,Customer_667,52,Other,Mumbai,West Bengal,SOUTH,Consumer
CUST10668,Customer_668,40,Female,Delhi,Uttar Pradesh,,Consumer
CUST10669,Customer_669,46,Male,Chennai,Uttar Pradesh,East,Small Business
CUST10670,Customer_670,60, FEMALE,Chennai,Telangana,East,Small Business
CUST10671,Customer_671,28, FEMALE,,Rajasthan,East,CORPORATE
CUST10672,Customer_672,35,Female,Jaipur,Gujarat,East,Corporate
CUST10673,Customer_673,64,Female,Jaipur,Gujarat,SOUTH,Consumer
CUST10674,Customer_674,29,Other,Hyderabad,Rajasthan,South,Small Business
CUST10675,Customer_675,26,Female,Kolkata,West Bengal,North,Consumer
CUST10676,Customer_676,27, FEMALE,Pune,Tamil Nadu,SOUTH,Small Business
CUST10677,Customer_677,61,Male,Hyderabad,Maharashtra,North,Consumer
CUST10678,Customer_678,34,Male,Pune,Maharashtra,West,Consumer
CUST10679,Customer_679,55,Female,Ahmedabad,Tamil Nadu,North,Consumer
CUST10680,Customer_680,24,Female,Mumbai,Maharashtra,SOUTH,
CUST10681,Customer_681,63,male ,Ahmedabad,West Bengal,West,Corporate
CUST10682,Customer_682,30,,Delhi,Rajasthan,SOUTH,Consumer
CUST10683,Customer_683,57,Female,Bengaluru,Tamil Nadu,SOUTH,Consumer
CUST10684,Customer_684,59,Male,Bengaluru,Delhi,North,Consumer
CUST10685,Customer_685,26,male ,Pune,Delhi,South,Consumer
CUST10686,Customer_686,67,Female,Mumbai,Maharashtra,West,Consumer
CUST10687,Customer_687,44,Male,Ahmedabad,Maharashtra,West,Small Business
CUST10688,Customer_688,19,Female,Lucknow,,South,Small Business
CUST10689,Customer_689,22,Female,Kolkata,Karnataka,SOUTH,
CUST10690,Customer_690,46,male ,Chennai,Karnataka,North,Consumer
CUST10691,Customer_691,54,Female,Ahmedabad,Delhi, north ,consumer 
CUST10692,Customer_692,55,Male,Lucknow,West Bengal,East,Consumer
CUST10693,Customer_693,36,Other,Chennai,Rajasthan,East,Consumer
CUST10694,Customer_694,25,Female,Kolkata,Maharashtra,South,Consumer
CUST10695,Customer_695,65,Female,Pune,Gujarat,North,
CUST10696,Customer_696,62,Male,Pune,Uttar Pradesh,South,
CUST10697,Customer_697,18,Female,,Maharashtra,South,consumer 
CUST10698,Customer_698,39,Male,Chennai,Tamil Nadu,East,Consumer
CUST10699,Customer_699,69,Male,Delhi,Telangana,West,consumer 
CUST10700,Customer_700,34,Female,Hyderabad,Karnataka,South,Corporate
CUST10701,Customer_701,24,Male,Kolkata,Uttar Pradesh,South,Consumer
CUST10702,Customer_702,42,Female,Ahmedabad,Maharashtra, north ,Consumer
CUST10703,Customer_703,62,Male,Ahmedabad,Telangana,West,Small Business
CUST10704,Customer_704,21,Female,Pune,Telangana,North,Small Business
CUST10705,Customer_705,53,Male,Pune,Tamil Nadu,West,consumer 
CUST10706,Customer_706,23,Male,Mumbai,Gujarat,,Corporate
CUST10707,Customer_707,48,Male,Kolkata,Maharashtra,SOUTH,Corporate
CUST10708,Customer_708,36,Other,Delhi,Maharashtra,West,Small Business
CUST10709,Customer_709,61, FEMALE,Bengaluru,West Bengal,West,Small Business
CUST10710,Customer_710,56,Male,Kolkata,Maharashtra,South,Consumer
CUST10711,Customer_711,44,male ,Bengaluru,Delhi,West,Small Business
CUST10712,Customer_712,27,Female,Delhi,Telangana,West,Consumer
CUST10713,Customer_713,43,Other,Lucknow,Maharashtra,South,Consumer
CUST10714,Customer_714,36,Male,Bengaluru,Telangana,South,Consumer
CUST10715,Customer_715,56,Female,Delhi,Karnataka,South,Corporate
CUST10716,Customer_716,20,Male,,Delhi,West,Consumer
CUST10717,Customer_717,62,Female,Bengaluru,West Bengal,South,consumer 
CUST10718,Customer_718,30,Other,Mumbai,Delhi,East,Corporate
CUST10719,Customer_719,67,Female,Jaipur,Gujarat, north ,
CUST10720,Customer_720,45,Male,Bengaluru,Karnataka,South,Consumer
CUST10721,Customer_721,37,Male,Lucknow,Rajasthan,SOUTH,Corporate
CUST10722,Customer_722,45,Female,Mumbai,Uttar Pradesh,East,CORPORATE
CUST10723,Customer_723,25,Female,Chennai,Karnataka,North,Consumer
CUST10724,Customer_724,58,Male,Kolkata,Uttar Pradesh,,Consumer
CUST10725,Customer_725,56,Other,Kolkata,Uttar Pradesh,South,Corporate
CUST10726,Customer_726,18,Male,Pune,Karnataka,South,Consumer
CUST10727,Customer_727,20,Male,Ahmedabad,, north ,Consumer
CUST10728,Customer_728,30,Other,Mumbai,Delhi,West,
CUST10729,Customer_729,45,Male,Chennai,Maharashtra, north ,Small Business
CUST10730,Customer_730,66,Male,Ahmedabad,Uttar Pradesh,East,Corporate
CUST10731,Customer_731,42,Female,Delhi,Maharashtra,South,Consumer
CUST10732,Customer_732,50,male ,,Rajasthan,South,Consumer
CUST10733,Customer_733,55,Male,Mumbai,Gujarat,East,Consumer
CUST10734,Customer_734,23,Other,Kolkata,Gujarat,East,Corporate
CUST10735,Customer_735,61,male ,Bengaluru,Tamil Nadu,South,Corporate
CUST10736,Customer_736,62,Male,Mumbai,,SOUTH,Consumer
CUST10737,Customer_737,49,Female,Chennai,Telangana,West,CORPORATE
CUST10738,Customer_738,62,Female,Pune,Maharashtra,West,Corporate
CUST10739,Customer_739,64,Female,Bengaluru,Tamil Nadu,West,Consumer
CUST10740,Customer_740,38,male ,Bengaluru,Rajasthan,South,Small Business
CUST10741,Customer_741,33,Other,Pune,Telangana,West,Consumer
CUST10742,Customer_742,38,Male,Ahmedabad,West Bengal,,Small Business
CUST10743,Customer_743,28,Female,Kolkata,Telangana,East,Small Business
CUST10744,Customer_744,54,Female,Jaipur,Tamil Nadu,South,
CUST10745,Customer_745,53,Male,Hyderabad,Gujarat,North,Consumer
CUST10746,Customer_746,52,Male,Bengaluru,Tamil Nadu,South,Consumer
CUST10747,Customer_747,36,Male,Chennai,Karnataka,South,Consumer
CUST10748,Customer_748,37,Female,Lucknow,Uttar Pradesh,North,Consumer
CUST10749,Customer_749,35,Female,Chennai,Karnataka,West,Small Business
CUST10750,Customer_750,64,Male,Lucknow,Uttar Pradesh,East,Small Business
CUST10751,Customer_751,58,male ,,Delhi,South,
CUST10752,Customer_752,66,male ,Delhi,Karnataka,East,Consumer
CUST10753,Customer_753,31,Female,Delhi,Delhi,West,Small Business
CUST10754,Customer_754,32,Male,Mumbai,Delhi,North,Consumer
CUST10755,Customer_755,48,Female,Hyderabad,Rajasthan,East,consumer 
CUST10756,Customer_756,18,Male,Mumbai,Telangana,East,Consumer
CUST10757,Customer_757,20,Male,Ahmedabad,Gujarat, north ,Small Business
CUST10758,Customer_758,33,Female,Delhi,Tamil Nadu,East,Consumer
CUST10759,Customer_759,40,Male,Bengaluru,Karnataka,North,Consumer
CUST10760,Customer_760,28,Male,Mumbai,Uttar Pradesh,South,Small Business
CUST10761,Customer_761,29,Male,Ahmedabad,West Bengal,West,consumer 
CUST10762,Customer_762,27,Male,Kolkata,Uttar Pradesh,North,Small Business
CUST10763,Customer_763,49,Male,Ahmedabad,Rajasthan, north ,Consumer
CUST10764,Customer_764,33,,Ahmedabad,Maharashtra,North,Consumer
CUST10765,Customer_765,25,Male,Chennai,Rajasthan,North,Consumer
CUST10766,Customer_766,55,Male,Mumbai,Telangana,North,Small Business
CUST10767,Customer_767,29,Male,Mumbai,Tamil Nadu,West,Consumer
CUST10768,Customer_768,41,Other,Mumbai,Gujarat,South,consumer 
CUST10769,Customer_769,45,Female,Kolkata,Karnataka,North,Corporate
CUST10770,Customer_770,25,Male,Delhi,West Bengal, north ,Corporate
CUST10771,Customer_771,45, FEMALE,Delhi,Telangana,North,Small Business
CUST10772,Customer_772,53,Female,Pune,Delhi,South,Corporate
CUST10773,Customer_773,43,Male,Kolkata,Telangana,North,Consumer
CUST10774,Customer_774,25,Male,Kolkata,West Bengal,SOUTH,Consumer
CUST10775,Customer_775,67,Male,Hyderabad,Telangana,West,Consumer
CUST10776,Customer_776,45,Male,Lucknow,Telangana,West,Consumer
CUST10777,Customer_777,45,Female,Chennai,Uttar Pradesh,North,Consumer
CUST10778,Customer_778,54,Male,Delhi,Delhi,East,Corporate
CUST10779,Customer_779,58,Female,Lucknow,Karnataka,East,Consumer
CUST10780,Customer_780,53,Male,Ahmedabad,Uttar Pradesh,South,consumer 
CUST10781,Customer_781,44,Male,Delhi,Gujarat,South,Small Business
CUST10782,Customer_782,34,Female,Hyderabad,Telangana, north ,consumer 
CUST10783,Customer_783,26,Other,Chennai,Gujarat,North,Consumer
CUST10784,Customer_784,50,Male,Mumbai,Maharashtra,West,Small Business
CUST10785,Customer_785,37,Female,Ahmedabad,Maharashtra,South,consumer 
CUST10786,Customer_786,30,Male,Bengaluru,Gujarat,West,Consumer
CUST10787,Customer_787,45,Male,Jaipur,Gujarat,North,
CUST10788,Customer_788,65,Male,Kolkata,Maharashtra,South,Consumer
CUST10789,Customer_789,46,Male,Pune,Delhi,East,Consumer
CUST10790,Customer_790,30,Male,Mumbai,Delhi,,Consumer
CUST10791,Customer_791,63,Male,Mumbai,Karnataka,,Consumer
CUST10792,Customer_792,52,male ,Delhi,Uttar Pradesh,South,consumer 
CUST10793,Customer_793,23,Male,Bengaluru,Tamil Nadu,North,Consumer
CUST10794,Customer_794,35,Female,Bengaluru,Telangana,East,Corporate
CUST10795,Customer_795,68,Male,Lucknow,West Bengal,South,Corporate
CUST10796,Customer_796,22,Female,Hyderabad,Gujarat,West,Small Business
CUST10797,Customer_797,64,Female,Jaipur,Delhi,East,Consumer
CUST10798,Customer_798,42,Male,Hyderabad,Rajasthan,East,Small Business
CUST10799,Customer_799,19,Male,Jaipur,Gujarat,West,Consumer
CUST10800,Customer_800,27,Female,Ahmedabad,Maharashtra,North,Small Business
CUST10801,Customer_801,47, FEMALE,Mumbai,Uttar Pradesh,West,consumer 
CUST10802,Customer_802,67,Male,Ahmedabad,Rajasthan,East,Consumer
CUST10803,Customer_803,62,Male,Pune,Delhi,West,Consumer
CUST10804,Customer_804,22, FEMALE,Lucknow,Maharashtra,North,Corporate
CUST10805,Customer_805,50,Male,Kolkata,West Bengal,South,Consumer
CUST10806,Customer_806,18,Female,Hyderabad,Tamil Nadu,SOUTH,Consumer
CUST10807,Customer_807,35,Male,Mumbai,Tamil Nadu,East,Consumer
CUST10808,Customer_808,49,Male,Delhi,Maharashtra,SOUTH,Corporate
CUST10809,Customer_809,64,Female,Chennai,Rajasthan,West,Consumer
CUST10810,Customer_810,66,Female,,Karnataka,SOUTH,Consumer
CUST10811,Customer_811,28,Male,Jaipur,Telangana,South,Corporate
CUST10812,Customer_812,38,Female,Bengaluru,Telangana,North,Small Business
CUST10813,Customer_813,43,male ,Lucknow,Rajasthan,West,CORPORATE
CUST10814,Customer_814,42,Female,Jaipur,Delhi,West,Corporate
CUST10815,Customer_815,39,Male,Bengaluru,Maharashtra,East,Consumer
CUST10816,Customer_816,44,Female,Delhi,Maharashtra,East,Consumer
CUST10817,Customer_817,66,Female,Delhi,Maharashtra,SOUTH,Corporate
CUST10818,Customer_818,30,male ,Ahmedabad,Maharashtra,North,CORPORATE
CUST10819,Customer_819,50,Female,Lucknow,West Bengal,East,Small Business
CUST10820,Customer_820,51,Male,Bengaluru,Uttar Pradesh,North,Consumer
CUST10821,Customer_821,58,Female,Bengaluru,Rajasthan,North,consumer 
CUST10822,Customer_822,52,Female,Lucknow,Tamil Nadu,South,Small Business
CUST10823,Customer_823,18,Male,Ahmedabad,Delhi,West,Consumer
CUST10824,Customer_824,38,Female,Jaipur,Gujarat,West,Small Business
CUST10825,Customer_825,65,Male,Pune,Maharashtra,,Consumer
CUST10826,Customer_826,23,Female,Bengaluru,Rajasthan,North,Corporate
CUST10827,Customer_827,45,Male,Chennai,Gujarat,South,Consumer
CUST10828,Customer_828,34,Female,Mumbai,Rajasthan,North,Consumer
CUST10829,Customer_829,22,Other,Lucknow,Maharashtra,North,Small Business
CUST10830,Customer_830,48,male ,Hyderabad,Karnataka,South,Small Business
CUST10831,Customer_831,22,Other,Lucknow,Delhi,South,Consumer
CUST10832,Customer_832,55,Other,Hyderabad,West Bengal,South,Consumer
CUST10833,Customer_833,20,Male,Lucknow,West Bengal,North,Consumer
CUST10834,Customer_834,40,Female,Bengaluru,Uttar Pradesh,East,Small Business
CUST10835,Customer_835,54,Female,Hyderabad,Delhi,,Consumer
CUST10836,Customer_836,54, FEMALE,Pune,Uttar Pradesh,West,Small Business
CUST10837,Customer_837,27,Male,Delhi,Uttar Pradesh, north ,CORPORATE
CUST10838,Customer_838,27,,Ahmedabad,Maharashtra,West,Corporate
CUST10839,Customer_839,36,Female,Pune,Karnataka,South,Consumer
CUST10840,Customer_840,34,male ,Chennai,West Bengal,West,Consumer
CUST10841,Customer_841,38,Male,Lucknow,Tamil Nadu,West,Consumer
CUST10842,Customer_842,31,Male,Ahmedabad,Maharashtra,North,Consumer
CUST10843,Customer_843,26,Female,Chennai,Delhi, north ,Small Business
CUST10844,Customer_844,63,Male,Ahmedabad,Uttar Pradesh,South,Consumer
CUST10845,Customer_845,18,male ,Delhi,Maharashtra,North,Consumer
CUST10846,Customer_846,68,Male,Delhi,Maharashtra,,Corporate
CUST10847,Customer_847,62,Female,Pune,Uttar Pradesh,West,consumer 
CUST10848,Customer_848,30,Male,Hyderabad,West Bengal,East,Consumer
CUST10849,Customer_849,21,Female,Chennai,West Bengal,North,Small Business
CUST10850,Customer_850,18,Female,Bengaluru,Tamil Nadu,East,Corporate
CUST10851,Customer_851,66,Male,Hyderabad,West Bengal,South,Corporate
CUST10852,Customer_852,57,Male,Lucknow,West Bengal,,consumer 
CUST10853,Customer_853,49,Male,Pune,Gujarat,West,Consumer
CUST10854,Customer_854,51,Female,,Maharashtra,West,Corporate
CUST10855,Customer_855,45,Female,Jaipur,Maharashtra,North,Small Business
CUST10856,Customer_856,48,Female,Bengaluru,Delhi,South,consumer 
CUST10857,Customer_857,25,Female,Bengaluru,Rajasthan,South,Consumer
CUST10858,Customer_858,56,Female,,Tamil Nadu,East,Consumer
CUST10859,Customer_859,43,Female,Lucknow,Maharashtra,North,Consumer
CUST10860,Customer_860,51,Male,Delhi,Telangana,East,Small Business
CUST10861,Customer_861,20,Male,Mumbai,Maharashtra,South,consumer 
CUST10862,Customer_862,67,Other,Ahmedabad,Karnataka,East,Corporate
CUST10863,Customer_863,29, FEMALE,Kolkata,Gujarat,North,Consumer
CUST10864,Customer_864,18,Male,Mumbai,Rajasthan,South,Consumer
CUST10865,Customer_865,61,Female,Mumbai,Delhi,West,Corporate
CUST10866,Customer_866,22, FEMALE,Ahmedabad,Karnataka,East,
CUST10867,Customer_867,47,Female,Ahmedabad,Delhi,West,Small Business
CUST10868,Customer_868,47,Male,Bengaluru,Rajasthan,West,Small Business
CUST10869,Customer_869,34,Male,Hyderabad,Tamil Nadu, north ,Consumer
CUST10870,Customer_870,65,Female,Lucknow,,North,
CUST10871,Customer_871,64,Other,Jaipur,Uttar Pradesh,South,Small Business
CUST10872,Customer_872,40,Female,Lucknow,Tamil Nadu,East,Consumer
CUST10873,Customer_873,32,Male,Chennai,Uttar Pradesh,SOUTH,Small Business
CUST10874,Customer_874,54,Male,Ahmedabad,Rajasthan,West,Consumer
CUST10875,Customer_875,38,male ,Bengaluru,Karnataka,South,Corporate
CUST10876,Customer_876,31, FEMALE,Mumbai,Tamil Nadu,North,
CUST10877,Customer_877,19,Female,Kolkata,Tamil Nadu,East,Consumer
CUST10878,Customer_878,28,Female,Chennai,Telangana,South,Small Business
CUST10879,Customer_879,68,Male,Lucknow,Maharashtra,West,Corporate
CUST10880,Customer_880,56,male ,Delhi,Maharashtra,South,CORPORATE
CUST10881,Customer_881,55,male ,Lucknow,Karnataka,South,Consumer
CUST10882,Customer_882,51,Male,Bengaluru,Delhi,North,Small Business
CUST10883,Customer_883,55,Female,Kolkata,Gujarat,North,Consumer
CUST10884,Customer_884,67,Male,Delhi,Rajasthan,South,Consumer
CUST10885,Customer_885,51,Male,Pune,Rajasthan,South,Consumer
CUST10886,Customer_886,35,Male,Jaipur,West Bengal,East,Consumer
CUST10887,Customer_887,47,Male,Hyderabad,Rajasthan,West,CORPORATE
CUST10888,Customer_888,32,Male,Mumbai,,North,Consumer
CUST10889,Customer_889,44,Female,Chennai,Telangana,East,Consumer
CUST10890,Customer_890,68,Female,Lucknow,Rajasthan, north ,Consumer
CUST10891,Customer_891,51,Female,Bengaluru,Karnataka,South,Consumer
CUST10892,Customer_892,69,Male,Bengaluru,Gujarat,East,Consumer
CUST10893,Customer_893,55,Male,Bengaluru,Gujarat,East,CORPORATE
CUST10894,Customer_894,50,Female,Ahmedabad,Gujarat,South,Corporate
CUST10895,Customer_895,41,Female,Hyderabad,Delhi,North,Small Business
CUST10896,Customer_896,32,Male,Delhi,Karnataka,North,Small Business
CUST10897,Customer_897,47, FEMALE,Jaipur,Maharashtra,North,Corporate
CUST10898,Customer_898,59,Female,Kolkata,Telangana,West,consumer 
CUST10899,Customer_899,68, FEMALE,Mumbai,Tamil Nadu,South,consumer 
CUST10900,Customer_900,34,Female,,Karnataka,SOUTH,Consumer
CUST10901,Customer_901,22,Male,Pune,Uttar Pradesh,West,consumer 
CUST10902,Customer_902,46,Female,Chennai,Karnataka,West,Corporate
CUST10903,Customer_903,21,Male,Hyderabad,Gujarat,West,Consumer
CUST10904,Customer_904,27,Female,Ahmedabad,Maharashtra,North,Corporate
CUST10905,Customer_905,34,Male,Bengaluru,Telangana,East,Consumer
CUST10906,Customer_906,27,male ,Bengaluru,West Bengal,SOUTH,Consumer
CUST10907,Customer_907,34,Male,Mumbai,West Bengal,North,Small Business
CUST10908,Customer_908,37, FEMALE,Jaipur,Delhi,South,Consumer
CUST10909,Customer_909,41, FEMALE,Pune,Gujarat,North,Consumer
CUST10910,Customer_910,22,Female,Pune,West Bengal,East,CORPORATE
CUST10911,Customer_911,51,Female,Mumbai,Gujarat,North,Consumer
CUST10912,Customer_912,23,Female,Kolkata,Gujarat,East,Consumer
CUST10913,Customer_913,19,male ,Jaipur,Tamil Nadu,West,CORPORATE
CUST10914,Customer_914,30,Female,Hyderabad,Gujarat,North,consumer 
CUST10915,Customer_915,60,male ,Lucknow,Gujarat,West,Consumer
CUST10916,Customer_916,60,Female,Bengaluru,Gujarat,North,Consumer
CUST10917,Customer_917,65,Other,,Gujarat,North,consumer 
CUST10918,Customer_918,28,Female,Delhi,Uttar Pradesh,South,Consumer
CUST10919,Customer_919,68,Female,Pune,Tamil Nadu,West,Corporate
CUST10920,Customer_920,64,male ,Ahmedabad,Maharashtra, north ,Consumer
CUST10921,Customer_921,40,male ,,Gujarat,North,Small Business
CUST10922,Customer_922,33,Female,Bengaluru,Uttar Pradesh,North,Consumer
CUST10923,Customer_923,48,Male,Hyderabad,Karnataka, north ,Corporate
CUST10924,Customer_924,28,Female,Delhi,Karnataka,West,Consumer
CUST10925,Customer_925,33,Other,Ahmedabad,Rajasthan,North,Consumer
CUST10926,Customer_926,25,Female,Pune,Tamil Nadu,East,Consumer
CUST10927,Customer_927,21,male ,Hyderabad,Delhi, north ,Consumer
CUST10928,Customer_928,57,Male,Delhi,Maharashtra,North,consumer 
CUST10929,Customer_929,21,Female,Ahmedabad,Uttar Pradesh,North,consumer 
CUST10930,Customer_930,42,Female,Chennai,Karnataka,South,Small Business
CUST10931,Customer_931,20,male ,Bengaluru,Tamil Nadu,West,Corporate
CUST10932,Customer_932,49,Male,Hyderabad,Uttar Pradesh,North,Consumer
CUST10933,Customer_933,20, FEMALE,Bengaluru,Uttar Pradesh,West,Consumer
CUST10934,Customer_934,44,Female,Pune,Maharashtra,West,Consumer
CUST10935,Customer_935,46,Male,Ahmedabad,Delhi,East,Small Business
CUST10936,Customer_936,49,Male,Lucknow,West Bengal,North,Consumer
CUST10937,Customer_937,67,Male,Chennai,Uttar Pradesh,,
CUST10938,Customer_938,68,Female,Lucknow,Maharashtra,East,Small Business
CUST10939,Customer_939,36,Male,Hyderabad,Telangana,South,
CUST10940,Customer_940,38,Male,Bengaluru,Gujarat,,Consumer
CUST10941,Customer_941,22,male ,,Gujarat, north ,Corporate
CUST10942,Customer_942,35,Male,Bengaluru,Telangana,South,Consumer
CUST10943,Customer_943,45,Male,Bengaluru,Delhi,South,Corporate
CUST10944,Customer_944,59,Female,,Karnataka,North,
CUST10945,Customer_945,39,Female,Mumbai,Maharashtra,SOUTH,Consumer
CUST10946,Customer_946,38,male ,Jaipur,Maharashtra, north ,Consumer
CUST10947,Customer_947,23,Female,Ahmedabad,Tamil Nadu,South,Consumer
CUST10948,Customer_948,18,male ,Chennai,West Bengal,West,
CUST10949,Customer_949,22,Female,Delhi,Maharashtra,West,Consumer
CUST10950,Customer_950,58,Male,Hyderabad,Gujarat,North,Small Business
CUST10951,Customer_951,29,Male,Delhi,West Bengal,East,Consumer
CUST10952,Customer_952,43,Female,Hyderabad,West Bengal,South,consumer 
CUST10953,Customer_953,63,Female,Lucknow,,West,Corporate
CUST10954,Customer_954,51,Female,Hyderabad,West Bengal,North,Consumer
CUST10955,Customer_955,66,Female,Hyderabad,Gujarat,West,Small Business
CUST10956,Customer_956,31,Female,Pune,Karnataka,South,consumer 
CUST10957,Customer_957,43,Male,Pune,Karnataka,North,Consumer
CUST10958,Customer_958,62,Male,Lucknow,Tamil Nadu,North,Small Business
CUST10959,Customer_959,44,Female,Bengaluru,Tamil Nadu,West,Consumer
CUST10960,Customer_960,26,Female,Lucknow,Maharashtra,South,CORPORATE
CUST10961,Customer_961,43,Female,Pune,Rajasthan,West,Consumer
CUST10962,Customer_962,64,Male,Bengaluru,Delhi,South,Consumer
CUST10963,Customer_963,39,Female,Bengaluru,Rajasthan,West,Consumer
CUST10964,Customer_964,64, FEMALE,Hyderabad,Telangana,East,Consumer
CUST10965,Customer_965,47,Male,Pune,Rajasthan,South,Consumer
CUST10966,Customer_966,60,Female,Mumbai,Tamil Nadu,North,Consumer
CUST10967,Customer_967,65,Other,Ahmedabad,,South,Corporate
CUST10968,Customer_968,34,Male,Pune,Karnataka,West,Consumer
CUST10969,Customer_969,43,Female,Ahmedabad,,West,Consumer
CUST10970,Customer_970,53,Male,Delhi,Delhi,North,Small Business
CUST10971,Customer_971,18,Female,Bengaluru,Rajasthan,West,Small Business
CUST10972,Customer_972,25,Male,Delhi,Telangana,North,Consumer
CUST10973,Customer_973,66,Other,Bengaluru,Uttar Pradesh,North,Consumer
CUST10974,Customer_974,52,Female,Ahmedabad,Uttar Pradesh,East,Consumer
CUST10975,Customer_975,69,male ,Delhi,Uttar Pradesh,South,Small Business
CUST10976,Customer_976,32,Female,Hyderabad,Delhi,West,CORPORATE
CUST10977,Customer_977,64,Female,Delhi,Uttar Pradesh,SOUTH,Consumer
CUST10978,Customer_978,39,Female,Hyderabad,Maharashtra,North,Small Business
CUST10979,Customer_979,31, FEMALE,Lucknow,Delhi,East,Consumer
CUST10980,Customer_980,43,Other,Pune,Maharashtra,SOUTH,Consumer
CUST10981,Customer_981,45,Female,Jaipur,Tamil Nadu,North,Corporate
CUST10982,Customer_982,40,Other,Bengaluru,Uttar Pradesh,South,Consumer
CUST10983,Customer_983,31,Female,Ahmedabad,Maharashtra,North,Small Business
CUST10984,Customer_984,41,Female,Kolkata,Maharashtra,West,Small Business
CUST10985,Customer_985,19,Female,Hyderabad,Rajasthan,West,CORPORATE
CUST10986,Customer_986,62,Male,Hyderabad,,West,Consumer
CUST10987,Customer_987,43,Male,Ahmedabad,West Bengal,East,Corporate
CUST10988,Customer_988,31,Male,Pune,Rajasthan,West,Consumer
CUST10989,Customer_989,68,Female,Kolkata,West Bengal,North,Consumer
CUST10990,Customer_990,24,Male,Hyderabad,Uttar Pradesh,SOUTH,Corporate
CUST10991,Customer_991,20,Female,Mumbai,,North,Small Business
CUST10992,Customer_992,64,,Jaipur,Tamil Nadu,North,Consumer
CUST10993,Customer_993,40,Male,Pune,Telangana,,
CUST10994,Customer_994,63,Female,Chennai,Gujarat,West,Small Business
CUST10995,Customer_995,60,Male,Pune,Gujarat,West,Small Business
CUST10996,Customer_996,64,Male,Mumbai,Maharashtra,North,
CUST10997,Customer_997,62,male ,Lucknow,West Bengal,West,Corporate
CUST10998,Customer_998,35,Female,Ahmedabad,Uttar Pradesh,East,Consumer
CUST10999,Customer_999,55,male ,Ahmedabad,Tamil Nadu,West,Small Business
CUST11000,Customer_1000,52,Male,Bengaluru,Telangana,,consumer 
CUST11001,Customer_1001,68,Female,,Rajasthan,North,Consumer
CUST11002,Customer_1002,32,Male,Lucknow,Karnataka,East,Consumer
CUST11003,Customer_1003,42,Male,Pune,Karnataka,West,Consumer
CUST11004,Customer_1004,54,Male,Pune,,South,Consumer
CUST11005,Customer_1005,45,Male,Ahmedabad,West Bengal,North,CORPORATE
CUST11006,Customer_1006,27,Male,Chennai,Gujarat,North,Consumer
CUST11007,Customer_1007,56,Male,Chennai,Uttar Pradesh,East,Small Business
CUST11008,Customer_1008,34,,Delhi,Rajasthan,South,consumer 
CUST11009,Customer_1009,56,Male,Delhi,Gujarat,North,Small Business
CUST11010,Customer_1010,39,Male,,Karnataka,South,Consumer
CUST11011,Customer_1011,43,Male,Ahmedabad,West Bengal,North,Corporate
CUST11012,Customer_1012,61,Female,Hyderabad,West Bengal,North,CORPORATE
CUST11013,Customer_1013,42,Male,Chennai,West Bengal,North,Consumer
CUST11014,Customer_1014,34, FEMALE,Lucknow,Maharashtra, north ,Consumer
CUST11015,Customer_1015,30,Other,Pune,Karnataka,North,consumer 
CUST11016,Customer_1016,37,Male,Pune,Karnataka,,Corporate
CUST11017,Customer_1017,42,Female,Bengaluru,West Bengal,West,Corporate
CUST11018,Customer_1018,21,Male,Lucknow,,East,CORPORATE
CUST11019,Customer_1019,27,Female,Mumbai,Gujarat,North,Small Business
CUST11020,Customer_1020,20,Female,Delhi,Maharashtra, north ,Consumer
CUST11021,Customer_1021,58,Male,Mumbai,Karnataka,East,Consumer
CUST11022,Customer_1022,62,Male,Bengaluru,Delhi,North,Consumer
CUST11023,Customer_1023,35,Female,Bengaluru,Telangana,South,Consumer
CUST11024,Customer_1024,64,Female,Kolkata,Uttar Pradesh,North,Consumer
CUST11025,Customer_1025,53,Male,,Gujarat,South,Consumer
CUST11026,Customer_1026,64,Female,Kolkata,Maharashtra,,consumer 
CUST11027,Customer_1027,39,Female,Delhi,Karnataka,,Consumer
CUST11028,Customer_1028,51, FEMALE,Mumbai,Maharashtra,West,Corporate
CUST11029,Customer_1029,64,Male,Chennai,Karnataka,SOUTH,Small Business
CUST11030,Customer_1030,25,male ,Ahmedabad,Uttar Pradesh,South,Small Business
CUST11031,Customer_1031,57,Female,Lucknow,Rajasthan,South,Corporate
CUST11032,Customer_1032,66,Male,Ahmedabad,Uttar Pradesh,,Consumer
CUST11033,Customer_1033,61,Female,Kolkata,West Bengal,East,consumer 
CUST11034,Customer_1034,36,Female,Kolkata,Karnataka,South,Consumer
CUST11035,Customer_1035,59,Other,Pune,Maharashtra,,Small Business
CUST11036,Customer_1036,58,Male,Pune,Delhi, north ,CORPORATE
CUST11037,Customer_1037,54,Female,Mumbai,Uttar Pradesh,East,Consumer
CUST11038,Customer_1038,23,Female,Pune,Gujarat,North,CORPORATE
CUST11039,Customer_1039,69,Other,Hyderabad,Uttar Pradesh,East,Small Business
CUST11040,Customer_1040,43,Male,Hyderabad,Delhi,East,Corporate
CUST11041,Customer_1041,51,Other,Chennai,Uttar Pradesh,South,Consumer
CUST11042,Customer_1042,62, FEMALE,Mumbai,Delhi,South,consumer 
CUST11043,Customer_1043,23,Male,Hyderabad,Maharashtra,East,Consumer
CUST11044,Customer_1044,54,male ,Delhi,Telangana,South,Consumer
CUST11045,Customer_1045,50,,Ahmedabad,Tamil Nadu,North,Small Business
CUST11046,Customer_1046,39,Male,Delhi,Uttar Pradesh, north ,Small Business
CUST11047,Customer_1047,38,Female,Bengaluru,Rajasthan, north ,Consumer
CUST11048,Customer_1048,23,Female,Ahmedabad,Maharashtra,West,Consumer
CUST11049,Customer_1049,23,Male,Chennai,Maharashtra,South,Small Business
CUST11050,Customer_1050,65,Male,Mumbai,Karnataka,South,Consumer
CUST11051,Customer_1051,21,Male,Hyderabad,Maharashtra,West,Consumer
CUST11052,Customer_1052,47,Male,Delhi,Karnataka,East,Consumer
CUST11053,Customer_1053,28,Female,Mumbai,Uttar Pradesh,East,Corporate
CUST11054,Customer_1054,47,Male,Delhi,Karnataka,North,Corporate
CUST11055,Customer_1055,48, FEMALE,Hyderabad,Uttar Pradesh,East,consumer 
CUST11056,Customer_1056,41,Female,Lucknow,Tamil Nadu, north ,Consumer
CUST11057,Customer_1057,26,Male,Pune,Karnataka,North,consumer 
CUST11058,Customer_1058,20,Female,Pune,Telangana,South,consumer 
CUST11059,Customer_1059,68,Female,Mumbai,Rajasthan,East,Consumer
CUST11060,Customer_1060,48,Other,Bengaluru,Tamil Nadu,West,Consumer
CUST11061,Customer_1061,57,Male,Lucknow,Delhi,North,CORPORATE
CUST11062,Customer_1062,54,Male,Delhi,Gujarat, north ,Consumer
CUST11063,Customer_1063,53,Other,Lucknow,Delhi,,Corporate
CUST11064,Customer_1064,41,Other,Chennai,Gujarat, north ,Corporate
CUST11065,Customer_1065,48,Female,Lucknow,Delhi,North,Small Business
CUST11066,Customer_1066,23,male ,Bengaluru,Uttar Pradesh,North,Corporate
CUST11067,Customer_1067,19,Male,Bengaluru,Tamil Nadu,West,Consumer
CUST11068,Customer_1068,37,Female,Jaipur,Tamil Nadu, north ,consumer 
CUST11069,Customer_1069,45,Male,Jaipur,Delhi,,CORPORATE
CUST11070,Customer_1070,28,Male,Mumbai,Maharashtra,North,Corporate
CUST11071,Customer_1071,21,male ,Ahmedabad,Uttar Pradesh,East,Consumer
CUST11072,Customer_1072,32,Male,Delhi,Gujarat,North,Small Business
CUST11073,Customer_1073,23,Female,Delhi,Tamil Nadu,North,Small Business
CUST11074,Customer_1074,66,Other,Pune,Karnataka,North,Consumer
CUST11075,Customer_1075,47,Male,Jaipur,Delhi,North,Corporate
CUST11076,Customer_1076,55,Other,Ahmedabad,Rajasthan, north ,Consumer
CUST11077,Customer_1077,68,,Hyderabad,Karnataka,North,Corporate
CUST11078,Customer_1078,19,Female,Delhi,Delhi,West,Small Business
CUST11079,Customer_1079,32,Male,Pune,Rajasthan,West,Consumer
CUST11080,Customer_1080,28,Male,Bengaluru,Tamil Nadu,North,Consumer
CUST11081,Customer_1081,25,Female,Hyderabad,Delhi,,Consumer
CUST11082,Customer_1082,43,Male,Chennai,Maharashtra,South,consumer 
CUST11083,Customer_1083,68,Male,Delhi,Rajasthan, north ,Small Business
CUST11084,Customer_1084,62,Other,Chennai,Delhi,SOUTH,Consumer
CUST11085,Customer_1085,61,Male,Hyderabad,Gujarat,SOUTH,Consumer
CUST11086,Customer_1086,22,Female,Jaipur,Karnataka,West,Small Business
CUST11087,Customer_1087,23,Male,Kolkata,Delhi,South,Consumer
CUST11088,Customer_1088,43,Female,Mumbai,Uttar Pradesh,North,Corporate
CUST11089,Customer_1089,21,Other,Mumbai,Tamil Nadu,East,Corporate
CUST11090,Customer_1090,36,Male,Bengaluru,Karnataka,South,Corporate
CUST11091,Customer_1091,37,Male,Mumbai,Telangana,West,Corporate
CUST11092,Customer_1092,50,Female,Kolkata,Delhi,West,consumer 
CUST11093,Customer_1093,37,Female,,Rajasthan,South,consumer 
CUST11094,Customer_1094,66,Female,Kolkata,Telangana,North,Consumer
CUST11095,Customer_1095,29,Male,Pune,Rajasthan,South,Corporate
CUST11096,Customer_1096,64,Male,Hyderabad,West Bengal,East,Consumer
CUST11097,Customer_1097,18,Other,Bengaluru,Rajasthan,North,Consumer
CUST11098,Customer_1098,43,Other,Ahmedabad,Uttar Pradesh,West,Corporate
CUST11099,Customer_1099,31,Female,Ahmedabad,West Bengal,West,Corporate
CUST11100,Customer_1100,55, FEMALE,Chennai,Telangana,North,Small Business
CUST11101,Customer_1101,54,Female,Bengaluru,Telangana,East,Consumer
CUST11102,Customer_1102,28,Female,Jaipur,Maharashtra,East,Consumer
CUST11103,Customer_1103,53,Male,Mumbai,Uttar Pradesh,East,Consumer
CUST11104,Customer_1104,30,Female,Jaipur,Uttar Pradesh,SOUTH,Small Business
CUST11105,Customer_1105,60,Female,Lucknow,Karnataka,North,consumer 
CUST11106,Customer_1106,20,Male,Mumbai,Gujarat,South,Corporate
CUST11107,Customer_1107,50,Female,Ahmedabad,West Bengal, north ,Corporate
CUST11108,Customer_1108,23,male ,,Tamil Nadu,South,Consumer
CUST11109,Customer_1109,67,Female,Ahmedabad,Delhi,South,Corporate
CUST11110,Customer_1110,27,Female,Chennai,Telangana,West,Corporate
CUST11111,Customer_1111,22, FEMALE,Bengaluru,Rajasthan,West,Consumer
CUST11112,Customer_1112,40,Male,Pune,Delhi,North,Small Business
CUST11113,Customer_1113,27,Female,Hyderabad,Telangana,South,Consumer
CUST11114,Customer_1114,61,male ,Mumbai,,South,Small Business
CUST11115,Customer_1115,19,Female,Hyderabad,Rajasthan,West,Consumer
CUST11116,Customer_1116,30,Male,Kolkata,Tamil Nadu,East,
CUST11117,Customer_1117,57,Male,Delhi,Tamil Nadu,West,Consumer
CUST11118,Customer_1118,19, FEMALE,Bengaluru,Delhi,West,Consumer
CUST11119,Customer_1119,37,Female,Delhi,Gujarat,South,
CUST11120,Customer_1120,18, FEMALE,Jaipur,Gujarat,South,Consumer
CUST11121,Customer_1121,54,Female,Kolkata,Rajasthan,South,Corporate
CUST11122,Customer_1122,26,Female,Delhi,Delhi,South,Consumer
CUST11123,Customer_1123,34,male ,Ahmedabad,Maharashtra,West,Corporate
CUST11124,Customer_1124,26,Female,Delhi,Maharashtra,East,Corporate
CUST11125,Customer_1125,28,Female,Pune,Tamil Nadu,North,Small Business
CUST11126,Customer_1126,32,Female,Jaipur,Maharashtra, north ,Consumer
CUST11127,Customer_1127,41,male ,Jaipur,Rajasthan,East,Small Business
CUST11128,Customer_1128,55,Male,Delhi,Tamil Nadu,North,Consumer
CUST11129,Customer_1129,52,Female,Ahmedabad,Delhi,North,Corporate
CUST11130,Customer_1130,47,Male,Ahmedabad,Uttar Pradesh,East,Consumer
CUST11131,Customer_1131,48,Other,Pune,Maharashtra,,
CUST11132,Customer_1132,66,Male,Chennai,Uttar Pradesh, north ,Small Business
CUST11133,Customer_1133,22,Female,Delhi,Karnataka,East,Consumer
CUST11134,Customer_1134,61,Female,Pune,Karnataka,SOUTH,Small Business
CUST11135,Customer_1135,67,Female,Hyderabad,Delhi,North,Consumer
CUST11136,Customer_1136,31,Female,Jaipur,,West,consumer 
CUST11137,Customer_1137,28,Male,Hyderabad,West Bengal, north ,Consumer
CUST11138,Customer_1138,26,Female,Kolkata,Telangana,South,Consumer
CUST11139,Customer_1139,51,male ,Delhi,Delhi,North,Consumer
CUST11140,Customer_1140,29,male ,Mumbai,Rajasthan,South,Small Business
CUST11141,Customer_1141,52,Male,Mumbai,Karnataka,SOUTH,Consumer
CUST11142,Customer_1142,52, FEMALE,Delhi,,West,Consumer
CUST11143,Customer_1143,18,Female,Pune,Gujarat,West,Small Business
CUST11144,Customer_1144,57, FEMALE,Lucknow,Uttar Pradesh,West,Consumer
CUST11145,Customer_1145,39,Female,Pune,,North,Consumer
CUST11146,Customer_1146,46,Female,Pune,Maharashtra,South,Small Business
CUST11147,Customer_1147,25,Other,Kolkata,Karnataka,North,consumer 
CUST11148,Customer_1148,28, FEMALE,Bengaluru,Karnataka,South,Small Business
CUST11149,Customer_1149,58,Female,Hyderabad,Delhi,West,Corporate
CUST11150,Customer_1150,54,Male,Bengaluru,,West,Consumer
CUST11151,Customer_1151,31,Female,Jaipur,Delhi,,Small Business
CUST11152,Customer_1152,47,Female,Mumbai,Gujarat,North,Consumer
CUST11153,Customer_1153,52,Male,Delhi,Uttar Pradesh,South,Consumer
CUST11154,Customer_1154,38,Male,Pune,Telangana,West,Consumer
CUST11155,Customer_1155,54, FEMALE,Ahmedabad,Delhi,North,Small Business
CUST11156,Customer_1156,22,Male,Pune,Delhi,North,Corporate
CUST11157,Customer_1157,36,Female,,Maharashtra,South,consumer 
CUST11158,Customer_1158,31,Male,Kolkata,Tamil Nadu,South,Consumer
CUST11159,Customer_1159,43,Male,Chennai,Telangana,,Small Business
CUST11160,Customer_1160,21,Male,Jaipur,West Bengal,South,Corporate
CUST11161,Customer_1161,42,Male,Lucknow,Uttar Pradesh, north ,Consumer
CUST11162,Customer_1162,62,male ,Mumbai,Telangana, north ,Corporate
CUST11163,Customer_1163,59, FEMALE,Bengaluru,Maharashtra,North,Small Business
CUST11164,Customer_1164,42,Male,Mumbai,Uttar Pradesh,West,Consumer
CUST11165,Customer_1165,35,Female,Chennai,Karnataka,South,Consumer
CUST11166,Customer_1166,57,Female,Ahmedabad,Karnataka,North,consumer 
CUST11167,Customer_1167,25, FEMALE,Bengaluru,Uttar Pradesh, north ,Consumer
CUST11168,Customer_1168,56,male ,Hyderabad,Gujarat,South,
CUST11169,Customer_1169,57,Female,Ahmedabad,Gujarat,South,Small Business
CUST11170,Customer_1170,31,Female,Chennai,Maharashtra,South,Small Business
CUST11171,Customer_1171,49, FEMALE,Chennai,Tamil Nadu,North,Consumer
CUST11172,Customer_1172,68,Male,Ahmedabad,Delhi,South,Consumer
CUST11173,Customer_1173,55,Female,Chennai,Gujarat,South,Corporate
CUST11174,Customer_1174,50, FEMALE,Kolkata,Maharashtra,South,Consumer
CUST11175,Customer_1175,40,Female,Delhi,Maharashtra,SOUTH,Consumer
CUST11176,Customer_1176,32,Female,Mumbai,Gujarat,South,Consumer
CUST11177,Customer_1177,50,Female,Hyderabad,Gujarat,North,Consumer
CUST11178,Customer_1178,42,Male,Chennai,Rajasthan,North,Consumer
CUST11179,Customer_1179,34,Female,Ahmedabad,Maharashtra,West,Consumer
CUST11180,Customer_1180,50,Female,Ahmedabad,Tamil Nadu,East,Small Business
CUST11181,Customer_1181,64,Female,Lucknow,Uttar Pradesh,SOUTH,Corporate
CUST11182,Customer_1182,19,Female,Bengaluru,West Bengal,West,CORPORATE
CUST11183,Customer_1183,31, FEMALE,Ahmedabad,Maharashtra,North,Consumer
CUST11184,Customer_1184,57,Male,Kolkata,Maharashtra,North,Small Business
CUST11185,Customer_1185,57,Female,Hyderabad,Gujarat,East,Corporate
CUST11186,Customer_1186,68,Female,Kolkata,Tamil Nadu,West,Corporate
CUST11187,Customer_1187,56,Female,Delhi,Rajasthan,North,Corporate
CUST11188,Customer_1188,68,Male,Mumbai,Telangana,East,Small Business
CUST11189,Customer_1189,23,Female,Lucknow,Tamil Nadu, north ,Consumer
CUST11190,Customer_1190,23, FEMALE,Kolkata,,West,Consumer
CUST11191,Customer_1191,20,Female,Hyderabad,Karnataka,West,Consumer
CUST11192,Customer_1192,24,Other,Chennai,Rajasthan,West,Consumer
CUST11193,Customer_1193,68,,Ahmedabad,Maharashtra,North,Corporate
CUST11194,Customer_1194,25,Male,Kolkata,Maharashtra,North,Corporate
CUST11195,Customer_1195,59,Male,Hyderabad,Uttar Pradesh,North,Small Business
CUST11196,Customer_1196,69,Other,Mumbai,Gujarat,North,Consumer
CUST11197,Customer_1197,32,Other,Bengaluru,Rajasthan,SOUTH,Corporate
CUST11198,Customer_1198,64,Male,Ahmedabad,Maharashtra,North,Consumer
CUST11199,Customer_1199,46,Male,Hyderabad,Karnataka,West,Consumer
CUST11200,Customer_1200,50,Male,Chennai,Gujarat,West,Small Business
CUST11201,Customer_1201,69,,Chennai,Karnataka,,Small Business
CUST11202,Customer_1202,47,Male,Ahmedabad,Uttar Pradesh,East,Corporate
CUST11203,Customer_1203,56,Female,Pune,Karnataka,East,Consumer
CUST11204,Customer_1204,44, FEMALE,Kolkata,Gujarat,South,CORPORATE
CUST11205,Customer_1205,53,Male,Hyderabad,Gujarat,SOUTH,consumer 
CUST11206,Customer_1206,46,Female,Delhi,Delhi,North,Corporate
CUST11207,Customer_1207,55,Male,Ahmedabad,Uttar Pradesh,North,
CUST11208,Customer_1208,50, FEMALE,Ahmedabad,Maharashtra,East,Consumer
CUST11209,Customer_1209,54,Male,Ahmedabad,Maharashtra,South,Corporate
CUST11210,Customer_1210,44,Female,Ahmedabad,Telangana,South,CORPORATE
CUST11211,Customer_1211,50,Female,Lucknow,West Bengal,,Consumer
CUST11212,Customer_1212,21,Male,Kolkata,Karnataka,West,Consumer
CUST11213,Customer_1213,39,Male,Lucknow,West Bengal, north ,Consumer
CUST11214,Customer_1214,19,Female,Pune,Maharashtra,South,Consumer
CUST11215,Customer_1215,27,Male,Mumbai,Delhi,South,Consumer
CUST11216,Customer_1216,22,male ,Hyderabad,West Bengal,West,Corporate
CUST11217,Customer_1217,27,male ,Ahmedabad,Tamil Nadu,West,Consumer
CUST11218,Customer_1218,50,Female,Hyderabad,Rajasthan,East,Consumer
CUST11219,Customer_1219,55,Female,Ahmedabad,Rajasthan, north ,Corporate
CUST11220,Customer_1220,30,Female,Delhi,Gujarat,SOUTH,Corporate
CUST11221,Customer_1221,48,male ,Bengaluru,Telangana,East,Small Business
CUST11222,Customer_1222,64,Female,Hyderabad,Delhi,North,Small Business
CUST11223,Customer_1223,53,Male,Delhi,West Bengal,East,Corporate
CUST11224,Customer_1224,62,Male,Delhi,Rajasthan,,Consumer
CUST11225,Customer_1225,41,Female,Mumbai,Tamil Nadu,South,Small Business
CUST11226,Customer_1226,69,Female,Lucknow,Rajasthan,East,Consumer
CUST11227,Customer_1227,32,Female,Delhi,Karnataka,West,Corporate
CUST11228,Customer_1228,46,Male,Bengaluru,Maharashtra,North,Consumer
CUST11229,Customer_1229,25,Female,Delhi,Rajasthan,East,Consumer
CUST11230,Customer_1230,22,Male,Kolkata,Karnataka,South,Consumer
CUST11231,Customer_1231,46,Male,Pune,Telangana, north ,Consumer
CUST11232,Customer_1232,64,Female,Kolkata,Tamil Nadu,West,Consumer
CUST11233,Customer_1233,21,Male,Hyderabad,Tamil Nadu,West,Consumer
CUST11234,Customer_1234,29,Female,Mumbai,West Bengal,North,CORPORATE
CUST11235,Customer_1235,62,Male,Jaipur,Delhi,North,CORPORATE
CUST11236,Customer_1236,19,Female,Lucknow,, north ,Corporate
CUST11237,Customer_1237,44,Female,Mumbai,Rajasthan,South,consumer 
CUST11238,Customer_1238,48,Male,Chennai,Telangana,North,Small Business
CUST11239,Customer_1239,68,Male,Bengaluru,Maharashtra,North,Consumer
CUST11240,Customer_1240,68, FEMALE,Mumbai,Delhi,East,Corporate
CUST11241,Customer_1241,53,Female,Jaipur,Rajasthan,North,Consumer
CUST11242,Customer_1242,53,Female,Chennai,Karnataka,East,Small Business
CUST11243,Customer_1243,43,Male,Mumbai,Maharashtra,West,Consumer
CUST11244,Customer_1244,60,Female,Bengaluru,Telangana,East,Small Business
CUST11245,Customer_1245,44,Female,Ahmedabad,West Bengal, north ,Corporate
CUST11246,Customer_1246,22,Female,Lucknow,Rajasthan,North,Consumer
CUST11247,Customer_1247,37,Female,Ahmedabad,Rajasthan,East,consumer 
CUST11248,Customer_1248,28,Male,Chennai,Gujarat,North,consumer 
CUST11249,Customer_1249,27,Male,Pune,Maharashtra, north ,consumer 
CUST11250,Customer_1250,57,male ,Hyderabad,West Bengal,SOUTH,Small Business
CUST11251,Customer_1251,55,Other,Delhi,Maharashtra,,Corporate
CUST11252,Customer_1252,23,Male,Hyderabad,Tamil Nadu,South,Consumer
CUST11253,Customer_1253,25,Female,Pune,West Bengal,South,Consumer
CUST11254,Customer_1254,40,Male,Bengaluru,Maharashtra, north ,Consumer
CUST11255,Customer_1255,64,Male,Lucknow,Telangana,West,Consumer
CUST11256,Customer_1256,43,Male,Mumbai,Uttar Pradesh, north ,Consumer
CUST11257,Customer_1257,63,Male,Hyderabad,Maharashtra,North,Corporate
CUST11258,Customer_1258,60,Female,Mumbai,Telangana,East,Consumer
CUST11259,Customer_1259,29,Female,Hyderabad,Gujarat,West,Consumer
CUST11260,Customer_1260,43,Male,Delhi,Tamil Nadu, north ,Small Business
CUST11261,Customer_1261,30,Male,Bengaluru,Uttar Pradesh,South,Consumer
CUST11262,Customer_1262,57,male ,Hyderabad,Uttar Pradesh,South,Consumer
CUST11263,Customer_1263,35,Male,Chennai,Maharashtra,SOUTH,Consumer
CUST11264,Customer_1264,42,Female,Pune,Maharashtra,North,Consumer
CUST11265,Customer_1265,50,Male,Bengaluru,Uttar Pradesh,East,CORPORATE
CUST11266,Customer_1266,64,Female,Chennai,Uttar Pradesh,South,Corporate
CUST11267,Customer_1267,57,Male,Chennai,Delhi,North,Consumer
CUST11268,Customer_1268,60,Male,Bengaluru,Karnataka,South,Consumer
CUST11269,Customer_1269,29,Male,Lucknow,Telangana,West,Consumer
CUST11270,Customer_1270,61,Male,Pune,Uttar Pradesh,South,Corporate
CUST11271,Customer_1271,53,Female,Bengaluru,Telangana,South,CORPORATE
CUST11272,Customer_1272,65,Female,Ahmedabad,Gujarat,West,Consumer
CUST11273,Customer_1273,21,Male,Lucknow,,,Small Business
CUST11274,Customer_1274,22,Male,,Uttar Pradesh,West,Consumer
CUST11275,Customer_1275,54,Female,Kolkata,Rajasthan, north ,Corporate
CUST11276,Customer_1276,25,Female,Hyderabad,Telangana,SOUTH,Consumer
CUST11277,Customer_1277,59,Other,Bengaluru,Delhi,West,Consumer
CUST11278,Customer_1278,66,Female,Kolkata,West Bengal,,Corporate
CUST11279,Customer_1279,45,Female,,Telangana,West,Consumer
CUST11280,Customer_1280,48,Female,Pune,Karnataka,West,Small Business
CUST11281,Customer_1281,26,Other,Ahmedabad,Rajasthan,West,CORPORATE
CUST11282,Customer_1282,68,male ,Bengaluru,Tamil Nadu, north ,Consumer
CUST11283,Customer_1283,46,Male,Hyderabad,Uttar Pradesh,West,Consumer
CUST11284,Customer_1284,31,Male,Ahmedabad,Telangana,West,Consumer
CUST11285,Customer_1285,57,Male,Jaipur,Maharashtra,North,Consumer
CUST11286,Customer_1286,58,Female,,Tamil Nadu,,Corporate
CUST11287,Customer_1287,39,Female,,Gujarat,South,Consumer
CUST11288,Customer_1288,28,Female,Hyderabad,Uttar Pradesh,North,Corporate
CUST11289,Customer_1289,40,Male,Chennai,Maharashtra,West,Corporate
CUST11290,Customer_1290,18,Female,Ahmedabad,Telangana,South,Consumer
CUST11291,Customer_1291,63,male ,Pune,Gujarat,North,Small Business
CUST11292,Customer_1292,54,Male,Bengaluru,Maharashtra,South,consumer 
CUST11293,Customer_1293,38,Female,Hyderabad,Karnataka,North,Consumer
CUST11294,Customer_1294,43,Female,Chennai,Karnataka,North,Corporate
CUST11295,Customer_1295,63, FEMALE,Delhi,West Bengal,East,Corporate
CUST11296,Customer_1296,53, FEMALE,Jaipur,Telangana, north ,Small Business
CUST11297,Customer_1297,40,Female,Delhi,Delhi,South,Consumer
CUST11298,Customer_1298,18,Female,,West Bengal,West,Small Business
CUST11299,Customer_1299,68, FEMALE,Lucknow,Delhi,West,Corporate
CUST11300,Customer_1300,57,Female,Chennai,West Bengal,South,Consumer
CUST11301,Customer_1301,32,Male,Lucknow,Tamil Nadu,West,Small Business
CUST11302,Customer_1302,38,Female,Bengaluru,Tamil Nadu,South,CORPORATE
CUST11303,Customer_1303,64,Male,Ahmedabad,Delhi,West,Small Business
CUST11304,Customer_1304,26,Female,Mumbai,West Bengal,North,CORPORATE
CUST11305,Customer_1305,26, FEMALE,Delhi,Telangana,,Consumer
CUST11306,Customer_1306,27,Female,Ahmedabad,Telangana,North,Consumer
CUST11307,Customer_1307,69,Female,Jaipur,West Bengal,East,Corporate
CUST11308,Customer_1308,43,Male,Mumbai,West Bengal,South,Consumer
CUST11309,Customer_1309,58,Male,,Delhi,East,Corporate
CUST11310,Customer_1310,52,Male,Chennai,Maharashtra,South,Consumer
CUST11311,Customer_1311,69,Male,Ahmedabad,Maharashtra,South,Consumer
CUST11312,Customer_1312,42,Female,Chennai,Rajasthan,South,Corporate
CUST11313,Customer_1313,43,Male,Chennai,West Bengal,North,Corporate
CUST11314,Customer_1314,28,Female,Hyderabad,Uttar Pradesh,West,Consumer
CUST11315,Customer_1315,55,Female,Bengaluru,Uttar Pradesh,North,consumer 
CUST11316,Customer_1316,19,,Chennai,Gujarat,West,Small Business
CUST11317,Customer_1317,24,Female,Chennai,Telangana,East,Corporate
CUST11318,Customer_1318,35,Male,Delhi,Karnataka,North,Small Business
CUST11319,Customer_1319,44,Male,Bengaluru,Uttar Pradesh,North,Consumer
CUST11320,Customer_1320,51,Female,Mumbai,Maharashtra, north ,Consumer
CUST11321,Customer_1321,44,Female,Ahmedabad,Tamil Nadu,East,Consumer
CUST11322,Customer_1322,34,Female,Pune,Maharashtra,North,Small Business
CUST11323,Customer_1323,60,Female,Jaipur,Gujarat,West,Consumer
CUST11324,Customer_1324,61,Male,Ahmedabad,Telangana,West,Small Business
CUST11325,Customer_1325,68,Female,Kolkata,Maharashtra,,Consumer
CUST11326,Customer_1326,41,Female,,Rajasthan,East,Small Business
CUST11327,Customer_1327,42,Male,Bengaluru,Karnataka,South,Consumer
CUST11328,Customer_1328,24,Male,Mumbai,Gujarat,North,Corporate
CUST11329,Customer_1329,69,Male,Hyderabad,Telangana,South,Small Business
CUST11330,Customer_1330,23,Male,Chennai,Rajasthan,West,Corporate
CUST11331,Customer_1331,41,Female,Ahmedabad,Karnataka,South,Small Business
CUST11332,Customer_1332,50,Male,Pune,Uttar Pradesh,South,Corporate
CUST11333,Customer_1333,66,Male,Bengaluru,Gujarat,South,Corporate
CUST11334,Customer_1334,46,Male,Jaipur,Uttar Pradesh,South,Consumer
CUST11335,Customer_1335,60,Other,Chennai,Gujarat,South,Consumer
CUST11336,Customer_1336,39, FEMALE,Mumbai,Maharashtra,East,Small Business
CUST11337,Customer_1337,43,Male,Pune,Gujarat,North,CORPORATE
CUST11338,Customer_1338,45,Male,Ahmedabad,West Bengal,West,Corporate
CUST11339,Customer_1339,67,Male,Lucknow,Gujarat,North,Small Business
CUST11340,Customer_1340,38,Female,Pune,Rajasthan,West,Small Business
CUST11341,Customer_1341,66,Male,Hyderabad,Maharashtra,South,
CUST11342,Customer_1342,24,Female,Delhi,West Bengal,West,Small Business
CUST11343,Customer_1343,34,Female,Chennai,Delhi,West,Corporate
CUST11344,Customer_1344,37, FEMALE,Jaipur,Rajasthan,North,Consumer
CUST11345,Customer_1345,58,Male,Hyderabad,Telangana,West,Consumer
CUST11346,Customer_1346,66,male ,Mumbai,Maharashtra,North,Consumer
CUST11347,Customer_1347,37,male ,Ahmedabad,,North,consumer 
CUST11348,Customer_1348,39,Male,Lucknow,Gujarat,SOUTH,Consumer
CUST11349,Customer_1349,45,Female,Kolkata,Gujarat,North,Corporate
CUST11350,Customer_1350,57,Male,Mumbai,Uttar Pradesh,North,CORPORATE
CUST11351,Customer_1351,66,Male,Mumbai,Rajasthan,North,Small Business
CUST11352,Customer_1352,24,Male,Delhi,Rajasthan,East,Small Business
CUST11353,Customer_1353,18,Female,Pune,Maharashtra,SOUTH,Consumer
CUST11354,Customer_1354,49,Female,Delhi,Gujarat,South,Consumer
CUST11355,Customer_1355,30,Other,Lucknow,Gujarat,East,Consumer
CUST11356,Customer_1356,47,Male,,Uttar Pradesh,South,Small Business
CUST11357,Customer_1357,40,Other,Hyderabad,Gujarat,South,Consumer
CUST11358,Customer_1358,68,Male,Chennai,Tamil Nadu,East,Consumer
CUST11359,Customer_1359,36,male ,Jaipur,Telangana,East,Small Business
CUST11360,Customer_1360,49,Male,Ahmedabad,Gujarat,South,Consumer
CUST11361,Customer_1361,47,Male,Ahmedabad,Tamil Nadu, north ,Corporate
CUST11362,Customer_1362,46, FEMALE,Delhi,Rajasthan,North,Small Business
CUST11363,Customer_1363,66,Male,Mumbai,Telangana,North,Corporate
CUST11364,Customer_1364,62,Female,Jaipur,West Bengal,,
CUST11365,Customer_1365,46,Female,Kolkata,Uttar Pradesh,West,Consumer
CUST11366,Customer_1366,47,Female,Mumbai,West Bengal,West,Consumer
CUST11367,Customer_1367,33,Female,Chennai,Tamil Nadu,East,Consumer
CUST11368,Customer_1368,57,Female,Jaipur,Karnataka,South,Corporate
CUST11369,Customer_1369,36,Male,Mumbai,Rajasthan,West,consumer 
CUST11370,Customer_1370,35,Female,Ahmedabad,Gujarat,North,CORPORATE
CUST11371,Customer_1371,18, FEMALE,Delhi,Delhi,West,
CUST11372,Customer_1372,31,Male,Jaipur,Maharashtra,East,Corporate
CUST11373,Customer_1373,68,Male,Pune,Maharashtra,SOUTH,Corporate
CUST11374,Customer_1374,64,Female,Bengaluru,Gujarat,West,Corporate
CUST11375,Customer_1375,67,Female,Jaipur,Rajasthan,North,Consumer
CUST11376,Customer_1376,19,Female,Jaipur,Gujarat,East,Consumer
CUST11377,Customer_1377,45,Male,Ahmedabad,West Bengal,North,Consumer
CUST11378,Customer_1378,66,Female,Hyderabad,Tamil Nadu,West,Consumer
CUST11379,Customer_1379,67,Male,Kolkata,Uttar Pradesh,East,Consumer
CUST11380,Customer_1380,47,Female,Pune,Maharashtra,South,consumer 
CUST11381,Customer_1381,55,male ,Chennai,Telangana,SOUTH,Small Business
CUST11382,Customer_1382,68,Male,Ahmedabad,Tamil Nadu,,Corporate
CUST11383,Customer_1383,21,Female,Delhi,Karnataka,SOUTH,Consumer
CUST11384,Customer_1384,18,,Bengaluru,Telangana,North,Corporate
CUST11385,Customer_1385,25,Female,Chennai,Delhi,West,Corporate
CUST11386,Customer_1386,46, FEMALE,Mumbai,Maharashtra,SOUTH,Consumer
CUST11387,Customer_1387,56,Female,Ahmedabad,Karnataka,East,Corporate
CUST11388,Customer_1388,20,male ,Kolkata,Uttar Pradesh,North,consumer 
CUST11389,Customer_1389,49,Male,Chennai,Maharashtra,,Small Business
CUST11390,Customer_1390,27,Male,Lucknow,Karnataka, north ,Consumer
CUST11391,Customer_1391,27,Male,Chennai,Delhi,West,Consumer
CUST11392,Customer_1392,36,Female,Pune,Tamil Nadu,South,Consumer
CUST11393,Customer_1393,63, FEMALE,Delhi,West Bengal,North,CORPORATE
CUST11394,Customer_1394,51,Male,Hyderabad,Gujarat,West,Small Business
CUST11395,Customer_1395,50,Female,Mumbai,Uttar Pradesh,East,Consumer
CUST11396,Customer_1396,40,Female,Kolkata,Karnataka,West,Small Business
CUST11397,Customer_1397,45,Female,Chennai,Maharashtra,North,Consumer
CUST11398,Customer_1398,49,Male,Bengaluru,Maharashtra,North,Corporate
CUST11399,Customer_1399,67,Female,Chennai,Gujarat,South,Small Business
CUST11400,Customer_1400,24,Male,Mumbai,Rajasthan,South,Corporate
CUST11401,Customer_1401,46,Male,Ahmedabad,Delhi,East,Consumer
CUST11402,Customer_1402,25,,Delhi,Maharashtra,South,Consumer
CUST11403,Customer_1403,18,Male,Ahmedabad,Tamil Nadu,West,Consumer
CUST11404,Customer_1404,20,Male,Chennai,Maharashtra,West,Small Business
CUST11405,Customer_1405,41, FEMALE,Pune,Uttar Pradesh,North,Small Business
CUST11406,Customer_1406,40,Male,Bengaluru,West Bengal,SOUTH,Small Business
CUST11407,Customer_1407,25,Female,Ahmedabad,West Bengal,West,Consumer
CUST11408,Customer_1408,64,Male,Bengaluru,Tamil Nadu,West,Small Business
CUST11409,Customer_1409,54,Female,Pune,Karnataka, north ,Consumer
CUST11410,Customer_1410,20,Male,,West Bengal,South,Consumer
CUST11411,Customer_1411,68,Male,Ahmedabad,Rajasthan,South,Corporate
CUST11412,Customer_1412,50,Female,Chennai,Telangana,North,Consumer
CUST11413,Customer_1413,45,Female,,Tamil Nadu,South,Consumer
CUST11414,Customer_1414,64,Female,Kolkata,Uttar Pradesh,East,Consumer
CUST11415,Customer_1415,25,Other,Mumbai,Maharashtra,East,Corporate
CUST11416,Customer_1416,51,Male,Hyderabad,Tamil Nadu,North,Consumer
CUST11417,Customer_1417,52,Female,Bengaluru,Karnataka,North,Consumer
CUST11418,Customer_1418,49,Female,Bengaluru,Rajasthan,South,Consumer
CUST11419,Customer_1419,41,Other,Jaipur,Delhi,North,Consumer
CUST11420,Customer_1420,31,Male,Pune,Rajasthan,West,Corporate
CUST11421,Customer_1421,49,Female,Delhi,Maharashtra,West,CORPORATE
CUST11422,Customer_1422,63, FEMALE,Ahmedabad,Delhi,,Consumer
CUST11423,Customer_1423,60,Male,Bengaluru,Uttar Pradesh,North,
CUST11424,Customer_1424,33, FEMALE,,Rajasthan,North,Consumer
CUST11425,Customer_1425,21,Male,Ahmedabad,Gujarat,West,Consumer
CUST11426,Customer_1426,69,Female,Ahmedabad,Tamil Nadu,,Small Business
CUST11427,Customer_1427,54,Other,Lucknow,Tamil Nadu,,Small Business
CUST11428,Customer_1428,38,Female,Mumbai,Rajasthan,West,Consumer
CUST11429,Customer_1429,31,Female,Chennai,Karnataka, north ,Consumer
CUST11430,Customer_1430,48,Male,Mumbai,Delhi,North,Small Business
CUST11431,Customer_1431,65,Other,Bengaluru,Maharashtra,SOUTH,CORPORATE
CUST11432,Customer_1432,35,Female,Pune,Maharashtra,East,
CUST11433,Customer_1433,24,Male,Delhi,Karnataka,SOUTH,Corporate
CUST11434,Customer_1434,27,Female,Ahmedabad,Gujarat,East,Small Business
CUST11435,Customer_1435,24,Female,Ahmedabad,Uttar Pradesh,South,Small Business
CUST11436,Customer_1436,50,Male,Hyderabad,Gujarat,,Small Business
CUST11437,Customer_1437,40,Male,Chennai,,South,
CUST11438,Customer_1438,38,Male,Chennai,Telangana, north ,Small Business
CUST11439,Customer_1439,36,Female,Ahmedabad,Maharashtra,North,Corporate
CUST11440,Customer_1440,65,Female,Kolkata,West Bengal,West,Consumer
CUST11441,Customer_1441,36,Female,Bengaluru,Gujarat,South,Corporate
CUST11442,Customer_1442,53,male ,Hyderabad,Tamil Nadu,,consumer 
CUST11443,Customer_1443,46, FEMALE,Hyderabad,Tamil Nadu,North,Consumer
CUST11444,Customer_1444,35,Female,Ahmedabad,Maharashtra,South,Consumer
CUST11445,Customer_1445,19,Male,Mumbai,Telangana,West,Consumer
CUST11446,Customer_1446,18,Female,Delhi,Telangana,,CORPORATE
CUST11447,Customer_1447,64,Female,Ahmedabad,Karnataka,South,Small Business
CUST11448,Customer_1448,22,Female,Ahmedabad,Gujarat,South,Consumer
CUST11449,Customer_1449,37,Female,Ahmedabad,Delhi,East,Consumer
CUST11450,Customer_1450,28,Male,Chennai,,South,Corporate
CUST11451,Customer_1451,59,Other,Kolkata,Delhi,West,Corporate
CUST11452,Customer_1452,19,Male,Pune,Gujarat,North,Consumer
CUST11453,Customer_1453,20,Female,Delhi,Tamil Nadu,West,CORPORATE
CUST11454,Customer_1454,40,Male,Pune,Rajasthan,East,Corporate
CUST11455,Customer_1455,29,Other,Delhi,Maharashtra,South,Corporate
CUST11456,Customer_1456,37,Male,Bengaluru,Rajasthan,East,consumer 
CUST11457,Customer_1457,22,Male,Ahmedabad,Gujarat,West,Consumer
CUST11458,Customer_1458,54,Male,Bengaluru,Maharashtra,South,Corporate
CUST11459,Customer_1459,55,Male,Ahmedabad,Maharashtra,North,Corporate
CUST11460,Customer_1460,47,Male,Bengaluru,Karnataka,North,CORPORATE
CUST11461,Customer_1461,26,Female,Bengaluru,Maharashtra,West,Consumer
CUST11462,Customer_1462,51,Female,Pune,Maharashtra,South,Small Business
CUST11463,Customer_1463,61,Male,Jaipur,Rajasthan,SOUTH,Corporate
CUST11464,Customer_1464,52,Male,Chennai,Maharashtra,East,consumer 
CUST11465,Customer_1465,69,male ,Ahmedabad,Rajasthan,South,Small Business
CUST11466,Customer_1466,39,Female,Delhi,Gujarat,East,Consumer
CUST11467,Customer_1467,61,Female,Ahmedabad,Rajasthan,South,Consumer
CUST11468,Customer_1468,41,Female,Mumbai,Maharashtra, north ,Consumer
CUST11469,Customer_1469,34,Male,Ahmedabad,West Bengal,South,Consumer
CUST11470,Customer_1470,27,Male,Hyderabad,Telangana,North,consumer 
CUST11471,Customer_1471,47,Male,Lucknow,Karnataka,,Consumer
CUST11472,Customer_1472,63,male ,Kolkata,Karnataka,West,Corporate
CUST11473,Customer_1473,40,,Mumbai,Gujarat,West,consumer 
CUST11474,Customer_1474,49,Female,Ahmedabad,Uttar Pradesh,SOUTH,CORPORATE
CUST11475,Customer_1475,34,Male,Bengaluru,Maharashtra,South,Corporate
CUST11476,Customer_1476,67,Male,Bengaluru,Tamil Nadu,South,Small Business
CUST11477,Customer_1477,68,Male,Lucknow,Karnataka,East,Consumer
CUST11478,Customer_1478,34,Female,Delhi,, north ,Consumer
CUST11479,Customer_1479,31,Male,Mumbai,,,Consumer
CUST11480,Customer_1480,26,Other,Chennai,Karnataka,,Corporate
CUST11481,Customer_1481,57,Male,Lucknow,Karnataka,North,Consumer
CUST11482,Customer_1482,19,Other,Mumbai,West Bengal,East,Consumer
CUST11483,Customer_1483,62,male ,Pune,Tamil Nadu,South,Consumer
CUST11484,Customer_1484,42,Female,Jaipur,Maharashtra,South,Consumer
CUST11485,Customer_1485,56,Female,Ahmedabad,Rajasthan,North,Consumer
CUST11486,Customer_1486,26,Female,Ahmedabad,Karnataka,North,CORPORATE
CUST11487,Customer_1487,39,Female,Jaipur,Rajasthan,South,CORPORATE
CUST11488,Customer_1488,60,Female,Kolkata,Telangana,South,Consumer
CUST11489,Customer_1489,63,Female,Hyderabad,Rajasthan,South,Consumer
CUST11490,Customer_1490,21,,Delhi,Rajasthan,South,consumer 
CUST11491,Customer_1491,43,Female,Kolkata,Tamil Nadu,West,Consumer
CUST11492,Customer_1492,46,male ,,Rajasthan,South,CORPORATE
CUST11493,Customer_1493,62, FEMALE,Jaipur,Tamil Nadu,West,Consumer
CUST11494,Customer_1494,51,Male,Delhi,Maharashtra,South,Corporate
CUST11495,Customer_1495,40,Male,Chennai,Maharashtra,West,Small Business
CUST11496,Customer_1496,54,Female,Pune,Karnataka,North,Consumer
CUST11497,Customer_1497,28,Female,Kolkata,Delhi,North,Consumer
CUST11498,Customer_1498,23,male ,Jaipur,Rajasthan,West,Small Business
CUST11499,Customer_1499,35,Female,,Telangana,SOUTH,
CUST11500,Customer_1500,38,Female,Mumbai,Delhi,North,Corporate
CUST11501,Customer_1501,59,Female,Ahmedabad,Uttar Pradesh,North,Small Business
CUST11502,Customer_1502,53,Male,Kolkata,Rajasthan,SOUTH,CORPORATE
CUST11503,Customer_1503,58,Female,Mumbai,Telangana,North,Consumer
CUST11504,Customer_1504,55,male ,Bengaluru,Karnataka,South,Consumer
CUST11505,Customer_1505,51,Male,Ahmedabad,Maharashtra,SOUTH,Consumer
CUST11506,Customer_1506,34,Female,Ahmedabad,Telangana,West,Consumer
CUST11507,Customer_1507,54,Female,Hyderabad,Gujarat,South,Small Business
CUST11508,Customer_1508,42,Male,Delhi,Maharashtra,SOUTH,Consumer
CUST11509,Customer_1509,55,Male,Delhi,West Bengal,East,Consumer
CUST11510,Customer_1510,29,,Bengaluru,Gujarat,North,Consumer
CUST11511,Customer_1511,40,Female,Pune,West Bengal,West,Consumer
CUST11512,Customer_1512,59,Male,Pune,Telangana,East,Consumer
CUST11513,Customer_1513,39,Male,Kolkata,Rajasthan,East,Consumer
CUST11514,Customer_1514,38,Female,Jaipur,Uttar Pradesh,,consumer 
CUST11515,Customer_1515,44,Female,Delhi,West Bengal,North,Small Business
CUST11516,Customer_1516,48,Female,Delhi,Gujarat,West,consumer 
CUST11517,Customer_1517,23,Male,Hyderabad,Tamil Nadu,South,consumer 
CUST11518,Customer_1518,44, FEMALE,Mumbai,Uttar Pradesh,South,CORPORATE
CUST11519,Customer_1519,57,Female,Delhi,Gujarat,West,Consumer
CUST11520,Customer_1520,51,Male,Kolkata,Tamil Nadu,West,consumer 
CUST11521,Customer_1521,29,Female,Lucknow,West Bengal, north ,Corporate
CUST11522,Customer_1522,62,Female,Jaipur,West Bengal, north ,Consumer
CUST11523,Customer_1523,24, FEMALE,Lucknow,Uttar Pradesh,East,Corporate
CUST11524,Customer_1524,27,Other,Kolkata,Uttar Pradesh,South,Consumer
CUST11525,Customer_1525,62,Male,Jaipur,Delhi,East,Consumer
CUST11526,Customer_1526,34, FEMALE,Bengaluru,Uttar Pradesh,South,Consumer
CUST11527,Customer_1527,43,male ,,Uttar Pradesh,South,Consumer
CUST11528,Customer_1528,38,Other,Mumbai,Rajasthan,East,Small Business
CUST11529,Customer_1529,45,Male,Mumbai,Rajasthan,West,Consumer
CUST11530,Customer_1530,63,Female,Bengaluru,Delhi,East,Small Business
CUST11531,Customer_1531,19,Male,Ahmedabad,Telangana,SOUTH,Consumer
CUST11532,Customer_1532,60,male ,,Uttar Pradesh,South,Consumer
CUST11533,Customer_1533,18,Male,Lucknow,Gujarat,South,Consumer
CUST11534,Customer_1534,68,Female,Pune,Maharashtra,West,consumer 
CUST11535,Customer_1535,53,Male,Chennai,West Bengal,East,CORPORATE
CUST11536,Customer_1536,68,Male,Ahmedabad,Uttar Pradesh,North,Consumer
CUST11537,Customer_1537,43,Female,Kolkata,Uttar Pradesh,South,
CUST11538,Customer_1538,46, FEMALE,Ahmedabad,West Bengal,South,Small Business
CUST11539,Customer_1539,38,Female,Bengaluru,Delhi,West,Consumer
CUST11540,Customer_1540,28, FEMALE,Bengaluru,Uttar Pradesh, north ,Corporate
CUST11541,Customer_1541,57,Male,Lucknow,Uttar Pradesh,South,Small Business
CUST11542,Customer_1542,28,Female,Mumbai,Uttar Pradesh,North,Corporate
CUST11543,Customer_1543,53,Female,Ahmedabad,Uttar Pradesh,North,Corporate
CUST11544,Customer_1544,66,Male,Chennai,Telangana,North,Consumer
CUST11545,Customer_1545,56,Female,Ahmedabad,,South,Consumer
CUST11546,Customer_1546,57,Female,Bengaluru,Uttar Pradesh,South,Consumer
CUST11547,Customer_1547,52,Female,Jaipur,West Bengal,East,Corporate
CUST11548,Customer_1548,51,Female,Chennai,Gujarat,South,Small Business
CUST11549,Customer_1549,64,Female,Pune,Gujarat,East,Small Business
CUST11550,Customer_1550,41,Male,Chennai,Uttar Pradesh,South,Corporate
CUST11551,Customer_1551,39,Male,Ahmedabad,West Bengal,West,Consumer
CUST11552,Customer_1552,22,Female,Kolkata,Tamil Nadu,SOUTH,Consumer
CUST11553,Customer_1553,50,Male,Bengaluru,Karnataka,South,consumer 
CUST11554,Customer_1554,53,Male,Ahmedabad,Karnataka,North,Consumer
CUST11555,Customer_1555,64,Female,Bengaluru,Tamil Nadu,South,Corporate
CUST11556,Customer_1556,37,Female,Hyderabad,West Bengal,North,Consumer
CUST11557,Customer_1557,36,Male,Delhi,Karnataka,South,Consumer
CUST11558,Customer_1558,52,Female,Ahmedabad,Gujarat,,Consumer
CUST11559,Customer_1559,69,Female,Bengaluru,Tamil Nadu,East,Small Business
CUST11560,Customer_1560,60,Male,Bengaluru,Tamil Nadu,South,Corporate
CUST11561,Customer_1561,34,Female,Ahmedabad,Telangana,West,Corporate
CUST11562,Customer_1562,62,Female,,Delhi,North,consumer 
CUST11563,Customer_1563,60,Female,Mumbai,Gujarat,North,Consumer
CUST11564,Customer_1564,51,Female,Jaipur,Karnataka,West,Consumer
CUST11565,Customer_1565,26,Male,Ahmedabad,Rajasthan,North,Consumer
CUST11566,Customer_1566,43,Female,Delhi,West Bengal,West,Consumer
CUST11567,Customer_1567,19,Male,Lucknow,West Bengal,,consumer 
CUST11568,Customer_1568,26,Other,Pune,Tamil Nadu,West,consumer 
CUST11569,Customer_1569,26,male ,Kolkata,Maharashtra,North,Corporate
CUST11570,Customer_1570,57,Female,,Karnataka,East,Corporate
CUST11571,Customer_1571,34,Male,Kolkata,Tamil Nadu,South,consumer 
CUST11572,Customer_1572,18,Male,Delhi,Uttar Pradesh,,Corporate
CUST11573,Customer_1573,42,Male,Jaipur,Telangana,SOUTH,Consumer
CUST11574,Customer_1574,60,Female,Delhi,Maharashtra,North,Small Business
CUST11575,Customer_1575,57,Male,Chennai,Delhi, north ,Small Business
CUST11576,Customer_1576,59,Female,Mumbai,Rajasthan,North,Corporate
CUST11577,Customer_1577,42,Male,Lucknow,Telangana,South,Consumer
CUST11578,Customer_1578,56,Other,Bengaluru,Maharashtra,South,Consumer
CUST11579,Customer_1579,52,Male,Chennai,Rajasthan,South,Consumer
CUST11580,Customer_1580,20,Other,Hyderabad,Maharashtra, north ,Consumer
CUST11581,Customer_1581,67,Other,Jaipur,Tamil Nadu,South,Consumer
CUST11582,Customer_1582,54,Female,Chennai,Karnataka,West,Consumer
CUST11583,Customer_1583,61,Female,Jaipur,Gujarat,,Corporate
CUST11584,Customer_1584,61,Female,Delhi,Maharashtra, north ,Consumer
CUST11585,Customer_1585,68,Female,Mumbai,Telangana,South,CORPORATE
CUST11586,Customer_1586,47,Male,Pune,Gujarat,West,Consumer
CUST11587,Customer_1587,55,Male,Ahmedabad,Karnataka,East,Consumer
CUST11588,Customer_1588,51,Female,Delhi,Rajasthan,West,Consumer
CUST11589,Customer_1589,29,Female,Delhi,Karnataka,North,Consumer
CUST11590,Customer_1590,36,Female,Mumbai,Maharashtra,West,Small Business
CUST11591,Customer_1591,54,Male,Kolkata,West Bengal,West,Consumer
CUST11592,Customer_1592,61,Male,Hyderabad,Gujarat,West,Corporate
CUST11593,Customer_1593,66,Male,Lucknow,Telangana,SOUTH,Consumer
CUST11594,Customer_1594,34,Male,Delhi,West Bengal,North,Consumer
CUST11595,Customer_1595,27,Male,Mumbai,West Bengal,South,Small Business
CUST11596,Customer_1596,66,Male,Bengaluru,Telangana,East,CORPORATE
CUST11597,Customer_1597,64,Male,Pune,West Bengal,South,Corporate
CUST11598,Customer_1598,29,male ,Kolkata,Karnataka,South,consumer 
CUST11599,Customer_1599,33,Male,Mumbai,Telangana,North,Small Business
CUST11600,Customer_1600,41,Female,Ahmedabad,Telangana,West,Consumer
CUST11601,Customer_1601,36,Male,Bengaluru,Gujarat, north ,consumer 
CUST11602,Customer_1602,25, FEMALE,Jaipur,Karnataka,North,Corporate
CUST11603,Customer_1603,48,Female,Chennai,West Bengal,North,Consumer
CUST11604,Customer_1604,38,Male,Mumbai,Maharashtra,North,CORPORATE
CUST11605,Customer_1605,34,Female,Lucknow,Karnataka,East,Consumer
CUST11606,Customer_1606,40,Female,Lucknow,Rajasthan,,Consumer
CUST11607,Customer_1607,54,Female,Hyderabad,Uttar Pradesh,North,Consumer
CUST11608,Customer_1608,33,Male,Pune,Tamil Nadu,West,Corporate
CUST11609,Customer_1609,23,,Bengaluru,Karnataka,North,Corporate
CUST11610,Customer_1610,25,Female,Kolkata,Gujarat,,Consumer
CUST11611,Customer_1611,42,Male,Bengaluru,Maharashtra, north ,Consumer
CUST11612,Customer_1612,35,Female,Lucknow,Uttar Pradesh,SOUTH,Consumer
CUST11613,Customer_1613,42,Male,Mumbai,Rajasthan,North,Consumer
CUST11614,Customer_1614,29,male ,Delhi,Rajasthan,East,Small Business
CUST11615,Customer_1615,32,Female,Bengaluru,Gujarat,North,Small Business
CUST11616,Customer_1616,43,Female,Mumbai,Uttar Pradesh,East,Consumer
CUST11617,Customer_1617,58,Male,Chennai,Karnataka,South,Consumer
CUST11618,Customer_1618,62, FEMALE,Mumbai,Karnataka,West,Consumer
CUST11619,Customer_1619,43,Female,Jaipur,Telangana,West,Consumer
CUST11620,Customer_1620,64,Male,Bengaluru,Delhi,East,Small Business
CUST11621,Customer_1621,49,Male,Kolkata,Gujarat,West,Consumer
CUST11622,Customer_1622,27,Male,Pune,Delhi,East,Consumer
CUST11623,Customer_1623,33,Other,,Rajasthan,South,Corporate
CUST11624,Customer_1624,24,Male,,Uttar Pradesh,West,
CUST11625,Customer_1625,34,Female,Ahmedabad,Gujarat,SOUTH,Consumer
CUST11626,Customer_1626,40,Male,Jaipur,Tamil Nadu,East,Consumer
CUST11627,Customer_1627,43,Female,Hyderabad,Uttar Pradesh,West,
CUST11628,Customer_1628,38,Female,Jaipur,Karnataka,SOUTH,Consumer
CUST11629,Customer_1629,39,Other,Ahmedabad,Uttar Pradesh,East,Small Business
CUST11630,Customer_1630,24,Female,Delhi,Karnataka,,Small Business
CUST11631,Customer_1631,31,male ,Chennai,Gujarat,North,Consumer
CUST11632,Customer_1632,32,Female,Mumbai,Maharashtra,East,Consumer
CUST11633,Customer_1633,24,Male,Pune,Karnataka,North,Consumer
CUST11634,Customer_1634,26,Male,Chennai,Tamil Nadu,South,Small Business
CUST11635,Customer_1635,68,Female,Pune,Uttar Pradesh,North,consumer 
CUST11636,Customer_1636,65,Other,Pune,Uttar Pradesh,North,Small Business
CUST11637,Customer_1637,25, FEMALE,Ahmedabad,Maharashtra,North,Consumer
CUST11638,Customer_1638,67,Male,Pune,Maharashtra,South,Consumer
CUST11639,Customer_1639,40,Male,Lucknow,Karnataka,North,Consumer
CUST11640,Customer_1640,46,Male,Bengaluru,Tamil Nadu,West,consumer 
CUST11641,Customer_1641,35,Other,Hyderabad,Tamil Nadu,North,consumer 
CUST11642,Customer_1642,48, FEMALE,Chennai,Telangana,South,Consumer
CUST11643,Customer_1643,47,male ,Bengaluru,Rajasthan,North,Consumer
CUST11644,Customer_1644,69,Female,Hyderabad,Telangana,North,Small Business
CUST11645,Customer_1645,56,Female,Pune,Gujarat,,Consumer
CUST11646,Customer_1646,52,Female,Pune,Karnataka,West,Corporate
CUST11647,Customer_1647,35,Male,Kolkata,West Bengal, north ,Consumer
CUST11648,Customer_1648,59,Female,Hyderabad,West Bengal,South,Consumer
CUST11649,Customer_1649,56,Male,Bengaluru,Karnataka,North,Consumer
CUST11650,Customer_1650,34,Male,Pune,Telangana,North,Consumer
CUST11651,Customer_1651,31, FEMALE,Mumbai,Telangana,East,Consumer
CUST11652,Customer_1652,48,Female,Bengaluru,Maharashtra,West,Consumer
CUST11653,Customer_1653,41,Female,Delhi,Tamil Nadu, north ,Consumer
CUST11654,Customer_1654,52,Female,Delhi,Telangana,South,Consumer
CUST11655,Customer_1655,61,Male,Bengaluru,Maharashtra,South,Consumer
CUST11656,Customer_1656,62,Female,Delhi,Telangana,,Consumer
CUST11657,Customer_1657,51,male ,Bengaluru,Telangana,West,Corporate
CUST11658,Customer_1658,20,male ,Kolkata,Maharashtra,South,CORPORATE
CUST11659,Customer_1659,54,Female,Delhi,Maharashtra,East,Consumer
CUST11660,Customer_1660,60,Male,Hyderabad,Rajasthan,SOUTH,Consumer
CUST11661,Customer_1661,57,Male,Ahmedabad,Rajasthan,West,Consumer
CUST11662,Customer_1662,43,Female,Lucknow,Gujarat,North,Small Business
CUST11663,Customer_1663,40,Male,Bengaluru,Delhi,North,Consumer
CUST11664,Customer_1664,61,Female,Ahmedabad,Maharashtra,West,Consumer
CUST11665,Customer_1665,56,Male,Bengaluru,Delhi,East,consumer 
CUST11666,Customer_1666,32,Male,Delhi,Tamil Nadu,West,Consumer
CUST11667,Customer_1667,66,Female,,West Bengal,North,
CUST11668,Customer_1668,21,Other,Ahmedabad,Telangana, north ,Small Business
CUST11669,Customer_1669,46,Male,Chennai,Uttar Pradesh,West,Small Business
CUST11670,Customer_1670,39,Female,Kolkata,Rajasthan, north ,Corporate
CUST11671,Customer_1671,42,Female,Kolkata,,South,Consumer
CUST11672,Customer_1672,30,Male,Mumbai,Maharashtra,South,Small Business
CUST11673,Customer_1673,35,Female,Mumbai,Delhi,North,Consumer
CUST11674,Customer_1674,50,Female,Chennai,Karnataka,SOUTH,Corporate
CUST11675,Customer_1675,33,Female,Ahmedabad,Delhi,North,Consumer
CUST11676,Customer_1676,62, FEMALE,Delhi,Gujarat,North,Consumer
CUST11677,Customer_1677,59,Male,Jaipur,Karnataka,,Corporate
CUST11678,Customer_1678,61,Male,Delhi,Tamil Nadu,West,Consumer
CUST11679,Customer_1679,19,Other,Chennai,Karnataka, north ,Consumer
CUST11680,Customer_1680,52,Male,Kolkata,Karnataka,West,Consumer
CUST11681,Customer_1681,59,Female,Kolkata,Maharashtra,East,Small Business
CUST11682,Customer_1682,51,male ,Delhi,Karnataka,,Consumer
CUST11683,Customer_1683,47,Male,Hyderabad,West Bengal,North,Corporate
CUST11684,Customer_1684,30,Female,Pune,, north ,Small Business
CUST11685,Customer_1685,30,Male,Delhi,Tamil Nadu,South,consumer 
CUST11686,Customer_1686,35,Male,Mumbai,Tamil Nadu,South,Corporate
CUST11687,Customer_1687,49,Male,Kolkata,Delhi,North,CORPORATE
CUST11688,Customer_1688,49,male ,Chennai,Gujarat,North,Consumer
CUST11689,Customer_1689,52,Male,Mumbai,Delhi,South,Consumer
CUST11690,Customer_1690,56,Female,Chennai,Gujarat,North,Small Business
CUST11691,Customer_1691,63,Other,Ahmedabad,Tamil Nadu,East,Consumer
CUST11692,Customer_1692,69,Female,Delhi,Maharashtra,North,consumer 
CUST11693,Customer_1693,46,Female,Kolkata,Telangana,North,Consumer
CUST11694,Customer_1694,66,Female,Delhi,, north ,Small Business
CUST11695,Customer_1695,46,Male,Delhi,Karnataka,SOUTH,Corporate
CUST11696,Customer_1696,61,Female,Mumbai,Karnataka,SOUTH,Consumer
CUST11697,Customer_1697,33,Female,Hyderabad,Maharashtra,West,Small Business
CUST11698,Customer_1698,61,,Lucknow,West Bengal,West,Small Business
CUST11699,Customer_1699,64,Other,,Delhi,West,
CUST11700,Customer_1700,27, FEMALE,Pune,Uttar Pradesh,West,Consumer
CUST11701,Customer_1701,47, FEMALE,Hyderabad,Gujarat,South,Corporate
CUST11702,Customer_1702,42,Female,Mumbai,Gujarat,North,consumer 
CUST11703,Customer_1703,56,Female,Chennai,Maharashtra,South,Consumer
CUST11704,Customer_1704,37, FEMALE,Lucknow,Tamil Nadu, north ,Consumer
CUST11705,Customer_1705,22,Female,Lucknow,Delhi,West,Consumer
CUST11706,Customer_1706,18,Other,Lucknow,West Bengal,South,
CUST11707,Customer_1707,47,Female,Bengaluru,Uttar Pradesh,North,Consumer
CUST11708,Customer_1708,66,Female,Lucknow,Tamil Nadu,South,Small Business
CUST11709,Customer_1709,20,Female,Mumbai,Gujarat,West,Consumer
CUST11710,Customer_1710,62,Other,Jaipur,Uttar Pradesh,East,Consumer
CUST11711,Customer_1711,31,Male,Ahmedabad,Karnataka,South,consumer 
CUST11712,Customer_1712,47,Female,,West Bengal,South,Consumer
CUST11713,Customer_1713,67,Female,Hyderabad,Delhi,East,Corporate
CUST11714,Customer_1714,21,Male,Kolkata,Telangana,SOUTH,Consumer
CUST11715,Customer_1715,35,male ,Kolkata,Maharashtra, north ,Consumer
CUST11716,Customer_1716,54,Female,Mumbai,Gujarat,North,Small Business
CUST11717,Customer_1717,42,Female,Ahmedabad,Telangana,East,Consumer
CUST11718,Customer_1718,65,Male,Pune,Rajasthan,,Corporate
CUST11719,Customer_1719,18,Female,Mumbai,Uttar Pradesh,,Consumer
CUST11720,Customer_1720,63,Female,Delhi,Uttar Pradesh,East,consumer 
CUST11721,Customer_1721,32,Female,Jaipur,Uttar Pradesh,North,Small Business
CUST11722,Customer_1722,26,Male,Delhi,Karnataka,West,Small Business
CUST11723,Customer_1723,32,Other,Mumbai,Rajasthan,East,Consumer
CUST11724,Customer_1724,66,Female,Pune,Tamil Nadu,,Corporate
CUST11725,Customer_1725,41,Female,Pune,West Bengal,North,Consumer
CUST11726,Customer_1726,21,Female,Kolkata,Delhi,North,Consumer
CUST11727,Customer_1727,29,Male,Hyderabad,Karnataka,West,Consumer
CUST11728,Customer_1728,54,Female,Jaipur,Gujarat,West,consumer 
CUST11729,Customer_1729,54,Female,Ahmedabad,Karnataka,East,
CUST11730,Customer_1730,60,Female,Bengaluru,Telangana,,Corporate
CUST11731,Customer_1731,23,Female,Kolkata,Maharashtra,South,Corporate
CUST11732,Customer_1732,56,Female,Ahmedabad,Maharashtra,South,Consumer
CUST11733,Customer_1733,63,Male,Kolkata,Maharashtra,SOUTH,Consumer
CUST11734,Customer_1734,41,Female,Kolkata,Tamil Nadu,East,Small Business
CUST11735,Customer_1735,28,Male,Mumbai,Gujarat,,Corporate
CUST11736,Customer_1736,30,Male,Chennai,Karnataka,West,Corporate
CUST11737,Customer_1737,51,Other,Pune,Karnataka,East,Small Business
CUST11738,Customer_1738,42,Female,Kolkata,West Bengal,South,CORPORATE
CUST11739,Customer_1739,24,Female,,Karnataka,South,Consumer
CUST11740,Customer_1740,69,Female,Delhi,Gujarat,South,Consumer
CUST11741,Customer_1741,21, FEMALE,Delhi,Telangana,North,
CUST11742,Customer_1742,25,Female,Delhi,Tamil Nadu,SOUTH,Corporate
CUST11743,Customer_1743,37,male ,Jaipur,Tamil Nadu,North,consumer 
CUST11744,Customer_1744,46,Male,Mumbai,Uttar Pradesh,North,Consumer
CUST11745,Customer_1745,68,Other,Pune,West Bengal,West,Consumer
CUST11746,Customer_1746,62,male ,Bengaluru,Maharashtra,West,Consumer
CUST11747,Customer_1747,63, FEMALE,Chennai,Maharashtra,West,Consumer
CUST11748,Customer_1748,27,Male,,Gujarat,South,consumer 
CUST11749,Customer_1749,60,Male,Ahmedabad,Uttar Pradesh, north ,Corporate
CUST11750,Customer_1750,51,Male,Pune,Delhi,East,CORPORATE
CUST11751,Customer_1751,43,Male,Ahmedabad,Uttar Pradesh,South,Consumer
CUST11752,Customer_1752,58, FEMALE,Pune,West Bengal,West,Consumer
CUST11753,Customer_1753,66,Male,Mumbai,Tamil Nadu,South,Consumer
CUST11754,Customer_1754,20,Male,Mumbai,Delhi, north ,Consumer
CUST11755,Customer_1755,23,Male,,Uttar Pradesh,East,Corporate
CUST11756,Customer_1756,22,Male,Jaipur,Maharashtra, north ,Consumer
CUST11757,Customer_1757,22,Male,Delhi,Uttar Pradesh,North,Consumer
CUST11758,Customer_1758,64,male ,Kolkata,Delhi,SOUTH,Small Business
CUST11759,Customer_1759,40,Female,Hyderabad,Uttar Pradesh,West,Consumer
CUST11760,Customer_1760,66,Male,Bengaluru,Delhi,East,Consumer
CUST11761,Customer_1761,26,Female,Mumbai,Maharashtra,South,Corporate
CUST11762,Customer_1762,52,Female,Lucknow,Karnataka,SOUTH,Small Business
CUST11763,Customer_1763,37,Male,Delhi,Maharashtra,South,consumer 
CUST11764,Customer_1764,66,Female,Bengaluru,Tamil Nadu,East,Corporate
CUST11765,Customer_1765,59,Female,Bengaluru,Karnataka,West,CORPORATE
CUST11766,Customer_1766,52,Female,Mumbai,,South,Consumer
CUST11767,Customer_1767,67,Female,Chennai,West Bengal,South,Consumer
CUST11768,Customer_1768,35,Male,Delhi,West Bengal,West,Small Business
CUST11769,Customer_1769,34,Other,Bengaluru,Maharashtra,North,Small Business
CUST11770,Customer_1770,41,male ,Ahmedabad,Telangana,West,Corporate
CUST11771,Customer_1771,20, FEMALE,Bengaluru,Maharashtra,West,Corporate
CUST11772,Customer_1772,49,Male,Hyderabad,Uttar Pradesh,East,Consumer
CUST11773,Customer_1773,52,Other,Chennai,Karnataka,North,Consumer
CUST11774,Customer_1774,55,male ,Pune,Uttar Pradesh,West,Consumer
CUST11775,Customer_1775,30,male ,Lucknow,Telangana,West,Consumer
CUST11776,Customer_1776,64,Male,Mumbai,,,Small Business
CUST11777,Customer_1777,42,Female,Ahmedabad,Maharashtra,South,Consumer
CUST11778,Customer_1778,26,Other,Jaipur,Delhi,South,Consumer
CUST11779,Customer_1779,21,Female,Jaipur,West Bengal,,
CUST11780,Customer_1780,31,Female,Delhi,Gujarat,West,Consumer
CUST11781,Customer_1781,54,Other,Delhi,Rajasthan,North,Consumer
CUST11782,Customer_1782,51,Female,Pune,Delhi,West,Small Business
CUST11783,Customer_1783,28,Female,Ahmedabad,Tamil Nadu, north ,Small Business
CUST11784,Customer_1784,58,Female,Pune,Gujarat,North,Consumer
CUST11785,Customer_1785,20,Other,Mumbai,Delhi,West,Small Business
CUST11786,Customer_1786,45,Male,Delhi,Maharashtra, north ,Consumer
CUST11787,Customer_1787,46,Female,Kolkata,Uttar Pradesh,,Small Business
CUST11788,Customer_1788,26,Female,Jaipur,Gujarat,South,Consumer
CUST11789,Customer_1789,20,male ,Mumbai,Rajasthan,South,Consumer
CUST11790,Customer_1790,42,Female,Delhi,,SOUTH,Corporate
CUST11791,Customer_1791,51, FEMALE,Hyderabad,Delhi,North,Small Business
CUST11792,Customer_1792,29,Other,Pune,Tamil Nadu,East,Corporate
CUST11793,Customer_1793,59,Male,Kolkata,Rajasthan,East,consumer 
CUST11794,Customer_1794,26,Female,Lucknow,Rajasthan,East,Consumer
CUST11795,Customer_1795,32,Male,Pune,Uttar Pradesh,South,Corporate
CUST11796,Customer_1796,57,Male,Delhi,Gujarat,SOUTH,Consumer
CUST11797,Customer_1797,42,Female,Kolkata,Telangana,South,Consumer
CUST11798,Customer_1798,22,Other,,Delhi,West,Corporate
CUST11799,Customer_1799,28, FEMALE,Ahmedabad,Telangana,East,Consumer
CUST11800,Customer_1800,51,Male,Ahmedabad,Rajasthan,South,Consumer
CUST11801,Customer_1801,41,Male,Bengaluru,Maharashtra,North,Small Business
CUST11802,Customer_1802,32,Female,Jaipur,Uttar Pradesh,SOUTH,Consumer
CUST11803,Customer_1803,55,Female,Lucknow,Maharashtra,East,Consumer
CUST11804,Customer_1804,25,Male,Kolkata,Delhi,East,Corporate
CUST11805,Customer_1805,22, FEMALE,Bengaluru,Tamil Nadu,West,Consumer
CUST11806,Customer_1806,65,Other,Ahmedabad,Uttar Pradesh,,Consumer
CUST11807,Customer_1807,43,Female,Chennai,Karnataka,West,Consumer
CUST11808,Customer_1808,35, FEMALE,Mumbai,Uttar Pradesh,North,Consumer
CUST11809,Customer_1809,23,Female,Delhi,Telangana,West,consumer 
CUST11810,Customer_1810,54,Female,Kolkata,Maharashtra,North,CORPORATE
CUST11811,Customer_1811,65,Female,Hyderabad,Delhi,West,Consumer
CUST11812,Customer_1812,30,Male,Delhi,Rajasthan,West,Consumer
CUST11813,Customer_1813,45,Other,Jaipur,Telangana,,Consumer
CUST11814,Customer_1814,22,Female,Lucknow,Gujarat,South,Consumer
CUST11815,Customer_1815,30,Female,Jaipur,Tamil Nadu,North,Consumer
CUST11816,Customer_1816,34,Male,Mumbai,Karnataka, north ,Consumer
CUST11817,Customer_1817,67,Male,Kolkata,Karnataka,North,Small Business
CUST11818,Customer_1818,57,Male,Delhi,Maharashtra,East,Consumer
CUST11819,Customer_1819,62,Female,Bengaluru,West Bengal,South,Corporate
CUST11820,Customer_1820,49,Female,Hyderabad,West Bengal,,Consumer
CUST11821,Customer_1821,46,Male,Lucknow,Uttar Pradesh,East,Corporate
CUST11822,Customer_1822,68,Female,,Maharashtra,North,Consumer
CUST11823,Customer_1823,20,Female,Delhi,Karnataka,West,CORPORATE
CUST11824,Customer_1824,57,Female,Hyderabad,Delhi,,Corporate
CUST11825,Customer_1825,51,Female,Chennai,Karnataka,East,Consumer
CUST11826,Customer_1826,57,Other,Ahmedabad,Telangana,South,Consumer
CUST11827,Customer_1827,44,Female,Ahmedabad,Gujarat,South,Consumer
CUST11828,Customer_1828,30,Female,Mumbai,Rajasthan,North,Corporate
CUST11829,Customer_1829,62,Male,,Uttar Pradesh,North,Consumer
CUST11830,Customer_1830,50,Male,Mumbai,Karnataka,East,Consumer
CUST11831,Customer_1831,23,Male,Jaipur,Maharashtra,West,Consumer
CUST11832,Customer_1832,41,Female,Delhi,Karnataka, north ,Small Business
CUST11833,Customer_1833,36,Male,Mumbai,Karnataka,West,Corporate
CUST11834,Customer_1834,33,Male,Chennai,West Bengal,North,consumer 
CUST11835,Customer_1835,57,male ,Bengaluru,Karnataka,West,CORPORATE
CUST11836,Customer_1836,45,Male,Delhi,Gujarat,East,CORPORATE
CUST11837,Customer_1837,50,Male,Hyderabad,,East,Consumer
CUST11838,Customer_1838,65,Male,Bengaluru,Karnataka,East,Small Business
CUST11839,Customer_1839,58,male ,Chennai,Rajasthan,North,Consumer
CUST11840,Customer_1840,30,Male,Ahmedabad,Rajasthan,North,Consumer
CUST11841,Customer_1841,60,Female,Mumbai,Maharashtra,East,consumer 
CUST11842,Customer_1842,62,Female,,Gujarat,North,Consumer
CUST11843,Customer_1843,42,Female,Ahmedabad,Maharashtra,East,Consumer
CUST11844,Customer_1844,59,Female,Ahmedabad,Uttar Pradesh,South,Corporate
CUST11845,Customer_1845,53,male ,Hyderabad,Karnataka, north ,Consumer
CUST11846,Customer_1846,44,Male,Kolkata,Telangana,SOUTH,consumer 
CUST11847,Customer_1847,55,Male,Delhi,Telangana,,Consumer
CUST11848,Customer_1848,24,Male,Jaipur,Gujarat, north ,Corporate
CUST11849,Customer_1849,22,Male,Ahmedabad,Maharashtra,,CORPORATE
CUST11850,Customer_1850,60,Male,Chennai,Delhi,West,Small Business
CUST11851,Customer_1851,62,Male,Chennai,Telangana,SOUTH,consumer 
CUST11852,Customer_1852,68,Female,Mumbai,Delhi,West,Consumer
CUST11853,Customer_1853,48,Female,Kolkata,Rajasthan,West,Corporate
CUST11854,Customer_1854,40,Female,Pune,Uttar Pradesh,North,Corporate
CUST11855,Customer_1855,59,Female,Kolkata,Gujarat,West,Small Business
CUST11856,Customer_1856,27,Male,Delhi,Uttar Pradesh,SOUTH,Consumer
CUST11857,Customer_1857,49,Male,Pune,Gujarat,East,Corporate
CUST11858,Customer_1858,60,Female,Pune,Uttar Pradesh,North,Consumer
CUST11859,Customer_1859,47,Male,,Gujarat,,Consumer
CUST11860,Customer_1860,56,Male,Mumbai,Maharashtra,West,Consumer
CUST11861,Customer_1861,48,Female,Bengaluru,Tamil Nadu,West,Corporate
CUST11862,Customer_1862,35,Other,Jaipur,,East,CORPORATE
CUST11863,Customer_1863,53,Female,Pune,Rajasthan,North,Small Business
CUST11864,Customer_1864,19,Male,Lucknow,Gujarat,SOUTH,Corporate
CUST11865,Customer_1865,31, FEMALE,Bengaluru,Delhi,West,Consumer
CUST11866,Customer_1866,30,Female,Ahmedabad,Gujarat,South,Consumer
CUST11867,Customer_1867,46,Female,Jaipur,Rajasthan,West,Corporate
CUST11868,Customer_1868,29,male ,Hyderabad,Maharashtra,South,Consumer
CUST11869,Customer_1869,56,Female,Delhi,Delhi,South,Small Business
CUST11870,Customer_1870,19,Male,Bengaluru,Karnataka, north ,Consumer
CUST11871,Customer_1871,49,Female,Ahmedabad,Gujarat, north ,Consumer
CUST11872,Customer_1872,30,Female,Bengaluru,Rajasthan,South,Small Business
CUST11873,Customer_1873,63,Female,Bengaluru,Gujarat,North,Small Business
CUST11874,Customer_1874,44,Female,Mumbai,Telangana,North,Consumer
CUST11875,Customer_1875,66,Other,Lucknow,Gujarat, north ,Consumer
CUST11876,Customer_1876,58, FEMALE,Bengaluru,Tamil Nadu, north ,CORPORATE
CUST11877,Customer_1877,34, FEMALE,Bengaluru,Maharashtra,South,Small Business
CUST11878,Customer_1878,57,male ,Hyderabad,Maharashtra,South,Small Business
CUST11879,Customer_1879,48,Other,Hyderabad,,South,Consumer
CUST11880,Customer_1880,51,Male,Hyderabad,Karnataka, north ,Consumer
CUST11881,Customer_1881,41,Male,Chennai,Maharashtra,South,Consumer
CUST11882,Customer_1882,62,Female,Lucknow,Delhi,East,Consumer
CUST11883,Customer_1883,52, FEMALE,Lucknow,Karnataka,West,Consumer
CUST11884,Customer_1884,65,Female,Lucknow,Gujarat,North,Consumer
CUST11885,Customer_1885,23,Female,Delhi,Tamil Nadu,South,
CUST11886,Customer_1886,36,Male,Lucknow,West Bengal,South,Consumer
CUST11887,Customer_1887,47,Male,Mumbai,Gujarat,West,Small Business
CUST11888,Customer_1888,24,Female,Mumbai,Tamil Nadu,West,consumer 
CUST11889,Customer_1889,27,Male,,Uttar Pradesh,East,Consumer
CUST11890,Customer_1890,58,Male,Lucknow,Karnataka,North,Consumer
CUST11891,Customer_1891,49,Male,Pune,,South,Consumer
CUST11892,Customer_1892,51,Male,Ahmedabad,Delhi,North,consumer 
CUST11893,Customer_1893,45,Female,,Uttar Pradesh,North,Corporate
CUST11894,Customer_1894,32,Male,Pune,Rajasthan,East,Consumer
CUST11895,Customer_1895,47,Female,,Maharashtra,SOUTH,Small Business
CUST11896,Customer_1896,54,Male,Jaipur,Telangana,West,Consumer
CUST11897,Customer_1897,46,male ,Mumbai,Karnataka,West,Consumer
CUST11898,Customer_1898,39,Male,Mumbai,Delhi,West,Corporate
CUST11899,Customer_1899,21,Female,Jaipur,West Bengal, north ,Small Business
CUST11900,Customer_1900,37,Female,,,West,Consumer
CUST11901,Customer_1901,49,Male,,Tamil Nadu,West,Consumer
CUST11902,Customer_1902,53, FEMALE,Bengaluru,Tamil Nadu,South,Consumer
CUST11903,Customer_1903,67,Female,Hyderabad,Delhi,,Consumer
CUST11904,Customer_1904,21,Female,Ahmedabad,Maharashtra,East,Small Business
CUST11905,Customer_1905,44,Male,Kolkata,Tamil Nadu,SOUTH,Corporate
CUST11906,Customer_1906,34,Other,Chennai,,East,Corporate
CUST11907,Customer_1907,29,Female,Ahmedabad,Gujarat,North,consumer 
CUST11908,Customer_1908,39,Male,Ahmedabad,Karnataka,West,Small Business
CUST11909,Customer_1909,34,Male,Chennai,Tamil Nadu,East,Consumer
CUST11910,Customer_1910,27,male ,Ahmedabad,Tamil Nadu,SOUTH,Consumer
CUST11911,Customer_1911,18,Female,Hyderabad,Rajasthan,North,Consumer
CUST11912,Customer_1912,39,male ,Mumbai,Rajasthan,West,Small Business
CUST11913,Customer_1913,43,Female,Mumbai,Uttar Pradesh,West,Small Business
CUST11914,Customer_1914,35,Female,Kolkata,Delhi,,Consumer
CUST11915,Customer_1915,67,Female,Chennai,Gujarat,East,Small Business
CUST11916,Customer_1916,31,Male,Kolkata,Delhi, north ,Consumer
CUST11917,Customer_1917,64,Female,Kolkata,Tamil Nadu,North,Small Business
CUST11918,Customer_1918,46,Other,Delhi,Gujarat,North,Consumer
CUST11919,Customer_1919,29,Male,Delhi,Tamil Nadu,South,Consumer
CUST11920,Customer_1920,53,Female,Chennai,Delhi,East,Small Business
CUST11921,Customer_1921,52,Female,Mumbai,Maharashtra,South,Consumer
CUST11922,Customer_1922,69,Female,Kolkata,West Bengal,North,Small Business
CUST11923,Customer_1923,29, FEMALE,Pune,Delhi,East,Small Business
CUST11924,Customer_1924,24,male ,Pune,Telangana,,Corporate
CUST11925,Customer_1925,46,Male,Bengaluru,Karnataka,East,Small Business
CUST11926,Customer_1926,28,,,Uttar Pradesh,North,Corporate
CUST11927,Customer_1927,50,Female,Lucknow,Maharashtra,SOUTH,consumer 
CUST11928,Customer_1928,23, FEMALE,,Rajasthan,East,Corporate
CUST11929,Customer_1929,64,Female,Lucknow,Telangana,South,Corporate
CUST11930,Customer_1930,32, FEMALE,Pune,West Bengal,West,Corporate
CUST11931,Customer_1931,49,Male,Mumbai,Maharashtra,South,consumer 
CUST11932,Customer_1932,68,Male,Kolkata,West Bengal,East,Consumer
CUST11933,Customer_1933,28, FEMALE,Ahmedabad,Rajasthan,South,Small Business
CUST11934,Customer_1934,40,Male,Mumbai,Delhi, north ,Consumer
CUST11935,Customer_1935,43,Male,Bengaluru,Uttar Pradesh,,Consumer
CUST11936,Customer_1936,51,male ,Mumbai,Gujarat,North,CORPORATE
CUST11937,Customer_1937,63,male ,Jaipur,Delhi,North,Consumer
CUST11938,Customer_1938,51,Male,Hyderabad,West Bengal,North,Small Business
CUST11939,Customer_1939,46, FEMALE,Delhi,West Bengal,East,Consumer
CUST11940,Customer_1940,21,Female,Ahmedabad,Delhi,North,Small Business
CUST11941,Customer_1941,34,Female,Pune,Karnataka,West,Small Business
CUST11942,Customer_1942,52,male ,Bengaluru,Gujarat,South,Consumer
CUST11943,Customer_1943,30,Female,Bengaluru,Tamil Nadu,East,Consumer
CUST11944,Customer_1944,58,Male,Bengaluru,Gujarat,South,Consumer
CUST11945,Customer_1945,56,Male,Chennai,Rajasthan, north ,Consumer
CUST11946,Customer_1946,32,Female,Bengaluru,Delhi,North,Small Business
CUST11947,Customer_1947,46,Female,Pune,Delhi,,Consumer
CUST11948,Customer_1948,46,male ,Jaipur,Uttar Pradesh,West,Small Business
CUST11949,Customer_1949,28,male ,Kolkata,Tamil Nadu,West,Consumer
CUST11950,Customer_1950,69,Female,Bengaluru,Maharashtra,South,Consumer
CUST11951,Customer_1951,49,male ,Chennai,West Bengal,North,Consumer
CUST11952,Customer_1952,19,Male,Lucknow,Uttar Pradesh,West,Consumer
CUST11953,Customer_1953,64,Male,Delhi,Uttar Pradesh,West,Consumer
CUST11954,Customer_1954,31, FEMALE,Delhi,Karnataka,North,Consumer
CUST11955,Customer_1955,37,Male,Pune,Karnataka,South,
CUST11956,Customer_1956,39,Male,Kolkata,Gujarat,North,
CUST11957,Customer_1957,28,Female,Mumbai,Gujarat,East,Corporate
CUST11958,Customer_1958,44,Female,Jaipur,Karnataka,West,Corporate
CUST11959,Customer_1959,20, FEMALE,Kolkata,Uttar Pradesh,West,CORPORATE
CUST11960,Customer_1960,34,Male,Ahmedabad,Maharashtra,South,Small Business
CUST11961,Customer_1961,61,Male,Mumbai,Maharashtra,North,Consumer
CUST11962,Customer_1962,45,Male,Jaipur,Maharashtra,West,Small Business
CUST11963,Customer_1963,46,Female,Delhi,Delhi,South,Consumer
CUST11964,Customer_1964,38,Male,Pune,Gujarat,North,Consumer
CUST11965,Customer_1965,64,Female,Pune,West Bengal,East,Corporate
CUST11966,Customer_1966,33, FEMALE,,Karnataka,South,Small Business
CUST11967,Customer_1967,54,Other,Lucknow,Gujarat, north ,Consumer
CUST11968,Customer_1968,37,Male,Delhi,Uttar Pradesh,North,Consumer
CUST11969,Customer_1969,23,Female,Chennai,Maharashtra,South,consumer 
CUST11970,Customer_1970,36,Female,Mumbai,Rajasthan,South,Small Business
CUST11971,Customer_1971,22,Other,Jaipur,Uttar Pradesh,West,Corporate
CUST11972,Customer_1972,20,,Delhi,Rajasthan,East,Corporate
CUST11973,Customer_1973,18,Male,Lucknow,Uttar Pradesh,West,Small Business
CUST11974,Customer_1974,55,Female,Lucknow,Maharashtra,South,Consumer
CUST11975,Customer_1975,32,Male,Lucknow,Karnataka,North,Consumer
CUST11976,Customer_1976,51,Male,Mumbai,Gujarat,North,Corporate
CUST11977,Customer_1977,52,Male,Kolkata,Gujarat,,CORPORATE
CUST11978,Customer_1978,66,Female,Delhi,Karnataka,South,Small Business
CUST11979,Customer_1979,42,Female,Lucknow,Delhi,West,Consumer
CUST11980,Customer_1980,41,Male,Jaipur,Gujarat, north ,Consumer
CUST11981,Customer_1981,29,Female,Chennai,Telangana,North,consumer 
CUST11982,Customer_1982,35,Male,Jaipur,Karnataka,West,Corporate
CUST11983,Customer_1983,32,Female,Delhi,Karnataka,South,Consumer
CUST11984,Customer_1984,61,Male,Chennai,Telangana,South,Consumer
CUST11985,Customer_1985,33,Male,Bengaluru,Telangana,North,Small Business
CUST11986,Customer_1986,44,Female,Ahmedabad,West Bengal,West,Consumer
CUST11987,Customer_1987,25,Male,Lucknow,Delhi,South,Corporate
CUST11988,Customer_1988,63,Female,Jaipur,,North,Corporate
CUST11989,Customer_1989,42,Male,Ahmedabad,Gujarat,North,Small Business
CUST11990,Customer_1990,34,Female,Bengaluru,Gujarat,North,Corporate
CUST11991,Customer_1991,46,Male,Ahmedabad,Gujarat, north ,Corporate
CUST11992,Customer_1992,25,Female,Bengaluru,Rajasthan,South,Consumer
CUST11993,Customer_1993,32,Female,Jaipur,Maharashtra,SOUTH,Corporate
CUST11994,Customer_1994,44,Male,Jaipur,Delhi,West,Consumer
CUST11995,Customer_1995,63,Female,Delhi,Delhi,West,Consumer
CUST11996,Customer_1996,67,Male,Hyderabad,Karnataka,South,Corporate
CUST11997,Customer_1997,69,Female,Delhi,Tamil Nadu,South,Small Business
CUST11998,Customer_1998,24,Male,,,East,Small Business
CUST11999,Customer_1999,20,Female,Mumbai,Telangana,South,Small Business
CUST12000,Customer_2000,46,Female,Pune,Tamil Nadu,East,Consumer
CUST12001,Customer_2001,61,Other,Lucknow,Rajasthan,North,Consumer
CUST12002,Customer_2002,41,Female,Mumbai,Maharashtra,,Consumer
CUST12003,Customer_2003,20,Female,Chennai,Gujarat,North,Consumer
CUST12004,Customer_2004,37,Female,Pune,Tamil Nadu,North,Corporate
CUST12005,Customer_2005,63,Other,Mumbai,Karnataka,West,Consumer
CUST12006,Customer_2006,32,male ,Jaipur,Gujarat,North,Corporate
CUST12007,Customer_2007,42,Male,Bengaluru,West Bengal,North,consumer 
CUST12008,Customer_2008,47, FEMALE,Mumbai,Tamil Nadu,North,Small Business
CUST12009,Customer_2009,31,Female,Pune,West Bengal,,Small Business
CUST12010,Customer_2010,24,male ,Hyderabad,Uttar Pradesh,South,consumer 
CUST12011,Customer_2011,34,male ,Ahmedabad,Maharashtra,South,Consumer
CUST12012,Customer_2012,61,Male,Ahmedabad,Gujarat,East,Small Business
CUST12013,Customer_2013,37,Female,Chennai,Gujarat,South,Consumer
CUST12014,Customer_2014,53,Male,Hyderabad,West Bengal,East,Consumer
CUST12015,Customer_2015,26,Male,Bengaluru,Rajasthan,East,Consumer
CUST12016,Customer_2016,55,Male,Bengaluru,Gujarat,South,Consumer
CUST12017,Customer_2017,65,Female,Pune,Telangana,North,Corporate
CUST12018,Customer_2018,39,Male,Lucknow,, north ,Consumer
CUST12019,Customer_2019,19,Male,Bengaluru,Rajasthan,West,
CUST12020,Customer_2020,41,Female,Mumbai,Telangana,North,consumer 
CUST12021,Customer_2021,25,Male,Chennai,Rajasthan,SOUTH,
CUST12022,Customer_2022,28,Male,Delhi,Tamil Nadu,West,Small Business
CUST12023,Customer_2023,30,Male,Kolkata,Maharashtra,North,CORPORATE
CUST12024,Customer_2024,34,Male,Chennai,Uttar Pradesh,,Consumer
CUST12025,Customer_2025,25,Female,Chennai,West Bengal,South,Corporate
CUST12026,Customer_2026,38,Male,Bengaluru,Uttar Pradesh,,Consumer
CUST12027,Customer_2027,35,Other,Ahmedabad,Maharashtra,,Corporate
CUST12028,Customer_2028,47,Female,Delhi,Tamil Nadu,,Small Business
CUST12029,Customer_2029,35,Male,Ahmedabad,Uttar Pradesh,West,Corporate
CUST12030,Customer_2030,63,Male,Hyderabad,,,Consumer
CUST12031,Customer_2031,64,Female,Ahmedabad,Gujarat,North,Corporate
CUST12032,Customer_2032,48,Female,Jaipur,Gujarat,West,Consumer
CUST12033,Customer_2033,55,Male,Delhi,Karnataka,North,Small Business
CUST12034,Customer_2034,49,Male,Lucknow,Uttar Pradesh,SOUTH,Consumer
CUST12035,Customer_2035,28, FEMALE,Kolkata,Maharashtra,South,consumer 
CUST12036,Customer_2036,62,Male,Delhi,Maharashtra, north ,CORPORATE
CUST12037,Customer_2037,42,Female,Mumbai,Maharashtra,South,Consumer
CUST12038,Customer_2038,50, FEMALE,Kolkata,Gujarat,East,
CUST12039,Customer_2039,55,Female,Kolkata,Maharashtra,South,CORPORATE
CUST12040,Customer_2040,58,Male,Jaipur,Maharashtra,West,Corporate
CUST12041,Customer_2041,25,Female,Jaipur,Karnataka,South,Small Business
CUST12042,Customer_2042,28,Male,Kolkata,West Bengal,North,Consumer
CUST12043,Customer_2043,39,Female,Jaipur,Gujarat,North,
CUST12044,Customer_2044,68,Female,Pune,Telangana,North,Consumer
CUST12045,Customer_2045,41,male ,Bengaluru,Tamil Nadu,South,consumer 
CUST12046,Customer_2046,58,Other,Ahmedabad,Maharashtra,West,Consumer
CUST12047,Customer_2047,34,Other,Delhi,Karnataka,North,Small Business
CUST12048,Customer_2048,29, FEMALE,Hyderabad,Maharashtra,South,Consumer
CUST12049,Customer_2049,63,Female,Jaipur,Telangana, north ,Consumer
CUST12050,Customer_2050,49,Male,Hyderabad,West Bengal,West,CORPORATE
CUST12051,Customer_2051,32,Female,Delhi,Karnataka,SOUTH,Small Business
CUST12052,Customer_2052,33,Female,Delhi,Gujarat,SOUTH,consumer 
CUST12053,Customer_2053,39, FEMALE,Kolkata,,North,Corporate
CUST12054,Customer_2054,45,Male,Ahmedabad,Maharashtra,SOUTH,consumer 
CUST12055,Customer_2055,37,Other,Pune,Delhi,North,Small Business
CUST12056,Customer_2056,50,male ,Chennai,Uttar Pradesh,,Consumer
CUST12057,Customer_2057,27,Other,Bengaluru,Maharashtra,East,Small Business
CUST12058,Customer_2058,57, FEMALE,Bengaluru,Karnataka,East,Consumer
CUST12059,Customer_2059,49,Male,Delhi,Telangana,West,Small Business
CUST12060,Customer_2060,67,Male,Bengaluru,Gujarat, north ,Consumer
CUST12061,Customer_2061,50,Male,Hyderabad,Rajasthan,East,Corporate
CUST12062,Customer_2062,19,Male,Mumbai,Delhi,South,Small Business
CUST12063,Customer_2063,50,Female,Delhi,Delhi,North,Corporate
CUST12064,Customer_2064,50,male ,Jaipur,Maharashtra,West,Corporate
CUST12065,Customer_2065,58, FEMALE,Ahmedabad,Karnataka,North,consumer 
CUST12066,Customer_2066,30,Female,Ahmedabad,Tamil Nadu,West,Consumer
CUST12067,Customer_2067,47,Male,Pune,Uttar Pradesh,East,Corporate
CUST12068,Customer_2068,50,Male,,Karnataka,South,Consumer
CUST12069,Customer_2069,30,Male,Jaipur,Telangana,East,Consumer
CUST12070,Customer_2070,69,Male,Delhi,Karnataka,West,Consumer
CUST12071,Customer_2071,43,Female,Kolkata,Delhi,SOUTH,Corporate
CUST12072,Customer_2072,39,Male,Jaipur,Gujarat,South,Consumer
CUST12073,Customer_2073,56,Male,Jaipur,Maharashtra,SOUTH,consumer 
CUST12074,Customer_2074,19,Male,Ahmedabad,Karnataka,SOUTH,Consumer
CUST12075,Customer_2075,55,Female,Jaipur,Maharashtra,West,Consumer
CUST12076,Customer_2076,56,Female,Kolkata,Tamil Nadu, north ,Corporate
CUST12077,Customer_2077,43,Female,Bengaluru,Gujarat,West,Consumer
CUST12078,Customer_2078,63,Female,Ahmedabad,Maharashtra,North,Consumer
CUST12079,Customer_2079,67,Other,Mumbai,Telangana,East,Small Business
CUST12080,Customer_2080,32,Male,Ahmedabad,Delhi,West,Corporate
CUST12081,Customer_2081,51,Female,Bengaluru,Uttar Pradesh,SOUTH,Consumer
CUST12082,Customer_2082,59,Female,Mumbai,Rajasthan,East,Consumer
CUST12083,Customer_2083,61,Female,Lucknow,Rajasthan,West,Consumer
CUST12084,Customer_2084,66,Other,Delhi,Tamil Nadu,West,Small Business
CUST12085,Customer_2085,57,Male,Lucknow,Gujarat,South,Consumer
CUST12086,Customer_2086,28,Female,Bengaluru,Telangana,North,Consumer
CUST12087,Customer_2087,20,Male,Ahmedabad,Tamil Nadu,West,Consumer
CUST12088,Customer_2088,23,Female,Kolkata,Rajasthan,South,CORPORATE
CUST12089,Customer_2089,26,Male,Kolkata,Tamil Nadu,South,Consumer
CUST12090,Customer_2090,23,Male,Hyderabad,Maharashtra,West,Consumer
CUST12091,Customer_2091,26,Female,Delhi,Karnataka,West,Corporate
CUST12092,Customer_2092,56,Female,Lucknow,Delhi,East,Small Business
CUST12093,Customer_2093,48,Male,Mumbai,Telangana, north ,Consumer
CUST12094,Customer_2094,49,Female,Hyderabad,West Bengal,North,Corporate
CUST12095,Customer_2095,58,Female,Pune,Maharashtra,South,Small Business
CUST12096,Customer_2096,67,Male,Chennai,West Bengal,West,Consumer
CUST12097,Customer_2097,29,Female,Mumbai,Gujarat,West,CORPORATE
CUST12098,Customer_2098,25,Female,Mumbai,Karnataka,East,Corporate
CUST12099,Customer_2099,25,Female,Mumbai,Maharashtra,North,Corporate
CUST12100,Customer_2100,67,Female,Ahmedabad,Gujarat,West,CORPORATE
CUST12101,Customer_2101,45,Male,Delhi,Rajasthan,West,Consumer
CUST12102,Customer_2102,37,Female,Ahmedabad,Maharashtra,South,Small Business
CUST12103,Customer_2103,64,Other,Mumbai,Telangana,North,Small Business
CUST12104,Customer_2104,24,Female,Delhi,Rajasthan,East,Corporate
CUST12105,Customer_2105,28,Male,Pune,West Bengal,North,Consumer
CUST12106,Customer_2106,37,Female,Delhi,West Bengal,South,Corporate
CUST12107,Customer_2107,33, FEMALE,Pune,West Bengal,North,Consumer
CUST12108,Customer_2108,21,Male,Lucknow,Uttar Pradesh,North,Corporate
CUST12109,Customer_2109,23,,Delhi,Karnataka,South,Small Business
CUST12110,Customer_2110,39,Other,Lucknow,Rajasthan,North,Corporate
CUST12111,Customer_2111,43,Male,Hyderabad,,North,Corporate
CUST12112,Customer_2112,20,Other,Mumbai,Telangana,West,Consumer
CUST12113,Customer_2113,58,Male,Mumbai,Uttar Pradesh,North,Consumer
CUST12114,Customer_2114,59, FEMALE,Ahmedabad,Karnataka,West,consumer 
CUST12115,Customer_2115,31,Female,Delhi,Karnataka,West,Consumer
CUST12116,Customer_2116,28,Female,Ahmedabad,Gujarat,North,Consumer
CUST12117,Customer_2117,35,Female,Pune,Delhi,North,CORPORATE
CUST12118,Customer_2118,29,male ,Delhi,Maharashtra,West,Consumer
CUST12119,Customer_2119,40,Male,Chennai,Tamil Nadu,South,Corporate
CUST12120,Customer_2120,29,Female,Lucknow,Telangana,East,Consumer
CUST12121,Customer_2121,30,Male,Jaipur,West Bengal,West,Consumer
CUST12122,Customer_2122,42,Male,Chennai,Maharashtra,North,Corporate
CUST12123,Customer_2123,62,Male,Ahmedabad,Delhi,East,Corporate
CUST12124,Customer_2124,68,Female,Mumbai,Telangana,SOUTH,CORPORATE
CUST12125,Customer_2125,36,Male,Ahmedabad,Tamil Nadu,North,Corporate
CUST12126,Customer_2126,63,Male,Lucknow,West Bengal,North,Consumer
CUST12127,Customer_2127,53,Male,Kolkata,West Bengal,East,Consumer
CUST12128,Customer_2128,62,Male,Lucknow,Tamil Nadu,SOUTH,Consumer
CUST12129,Customer_2129,25,Female,Pune,Karnataka,North,Consumer
CUST12130,Customer_2130,46,Other,Kolkata,Uttar Pradesh,South,Corporate
CUST12131,Customer_2131,49,Male,Pune,Delhi,North,Consumer
CUST12132,Customer_2132,68,Other,Hyderabad,Maharashtra,South,Consumer
CUST12133,Customer_2133,61,Female,Pune,Uttar Pradesh,North,CORPORATE
CUST12134,Customer_2134,35,Female,Bengaluru,Karnataka,South,Corporate
CUST12135,Customer_2135,23,Female,Hyderabad,Tamil Nadu,East,Consumer
CUST12136,Customer_2136,35,male ,Bengaluru,Karnataka,,Consumer
CUST12137,Customer_2137,36,Male,Mumbai,Tamil Nadu,West,Small Business
CUST12138,Customer_2138,39,Female,Bengaluru,Karnataka,West,consumer 
CUST12139,Customer_2139,54,Female,Lucknow,,North,Corporate
CUST12140,Customer_2140,49,Female,Hyderabad,Karnataka,,Consumer
CUST12141,Customer_2141,58,male ,Jaipur,West Bengal,East,Small Business
CUST12142,Customer_2142,20,Male,Mumbai,Gujarat,East,CORPORATE
CUST12143,Customer_2143,45,Female,Hyderabad,West Bengal,East,Consumer
CUST12144,Customer_2144,27,Female,Delhi,West Bengal,North,consumer 
CUST12145,Customer_2145,68,Male,Mumbai,West Bengal,East,consumer 
CUST12146,Customer_2146,52,Male,Pune,Tamil Nadu,North,Consumer
CUST12147,Customer_2147,46,Female,Pune,Uttar Pradesh,South,Consumer
CUST12148,Customer_2148,32, FEMALE,Mumbai,Delhi,North,Corporate
CUST12149,Customer_2149,50,Female,Chennai,Gujarat, north ,Consumer
CUST12150,Customer_2150,24,male ,Ahmedabad,West Bengal,North,Consumer
CUST12151,Customer_2151,29,Female,Mumbai,Gujarat,SOUTH,CORPORATE
CUST12152,Customer_2152,66,Male,Delhi,Delhi, north ,Corporate
CUST12153,Customer_2153,47,Male,Kolkata,Gujarat,West,Consumer
CUST12154,Customer_2154,38,Male,Delhi,Maharashtra,,Consumer
CUST12155,Customer_2155,48,Female,Ahmedabad,Uttar Pradesh,North,Corporate
CUST12156,Customer_2156,41,Male,Pune,Telangana,West,Small Business
CUST12157,Customer_2157,37,Female,Chennai,Rajasthan, north ,Consumer
CUST12158,Customer_2158,54,Female,Hyderabad,West Bengal,North,Consumer
CUST12159,Customer_2159,21,Male,Pune,Maharashtra,East,Consumer
CUST12160,Customer_2160,45,Male,Delhi,Tamil Nadu,South,Consumer
CUST12161,Customer_2161,61,Male,Ahmedabad,Karnataka,South,consumer 
CUST12162,Customer_2162,37,Female,Pune,West Bengal,SOUTH,Consumer
CUST12163,Customer_2163,41,Male,Mumbai,Uttar Pradesh,East,Consumer
CUST12164,Customer_2164,67,Male,Pune,Delhi,North,Corporate
CUST12165,Customer_2165,66,Other,Mumbai,Tamil Nadu,SOUTH,Corporate
CUST12166,Customer_2166,68,male ,Delhi,West Bengal,North,Consumer
CUST12167,Customer_2167,49,Male,Kolkata,Karnataka, north ,Corporate
CUST12168,Customer_2168,58,Female,Kolkata,Gujarat,,Consumer
CUST12169,Customer_2169,53,Male,Pune,Tamil Nadu, north ,Consumer
CUST12170,Customer_2170,51,male ,Mumbai,Maharashtra,West,Consumer
CUST12171,Customer_2171,53,Female,Pune,Maharashtra,West,Consumer
CUST12172,Customer_2172,19,Male,Delhi,Tamil Nadu,West,Consumer
CUST12173,Customer_2173,32,Female,Pune,Telangana,East,Corporate
CUST12174,Customer_2174,51,Female,Pune,Maharashtra,South,Consumer
CUST12175,Customer_2175,53,Male,Kolkata,Delhi,South,Consumer
CUST12176,Customer_2176,23,Male,Ahmedabad,West Bengal,West,Corporate
CUST12177,Customer_2177,56,Female,Lucknow,West Bengal,West,Consumer
CUST12178,Customer_2178,59,Male,,Maharashtra,East,Consumer
CUST12179,Customer_2179,68,Male,Ahmedabad,West Bengal,West,Consumer
CUST12180,Customer_2180,68,Female,Jaipur,Gujarat,West,Small Business
CUST12181,Customer_2181,29,Male,Ahmedabad,,West,Consumer
CUST12182,Customer_2182,20,male ,Ahmedabad,Gujarat,North,Corporate
CUST12183,Customer_2183,62,Male,Jaipur,Uttar Pradesh,South,Consumer
CUST12184,Customer_2184,35,Male,Delhi,Maharashtra,South,Small Business
CUST12185,Customer_2185,57,Female,Delhi,Maharashtra,East,Small Business
CUST12186,Customer_2186,38,male ,Lucknow,Telangana,North,Small Business
CUST12187,Customer_2187,32,male ,Chennai,West Bengal,West,Consumer
CUST12188,Customer_2188,50,Female,Lucknow,Gujarat,North,Corporate
CUST12189,Customer_2189,52,Male,Bengaluru,Maharashtra,South,Corporate
CUST12190,Customer_2190,43,Female,Hyderabad,Tamil Nadu,West,Consumer
CUST12191,Customer_2191,25,Female,Kolkata,Rajasthan,North,consumer 
CUST12192,Customer_2192,53,Male,Ahmedabad,Telangana,West,
CUST12193,Customer_2193,65, FEMALE,Delhi,Telangana,SOUTH,Consumer
CUST12194,Customer_2194,47,Male,Ahmedabad,Maharashtra,East,Small Business
CUST12195,Customer_2195,40,,Lucknow,,West,Corporate
CUST12196,Customer_2196,59, FEMALE,Bengaluru,Tamil Nadu,West,Consumer
CUST12197,Customer_2197,61,Female,Hyderabad,Tamil Nadu,North,Consumer
CUST12198,Customer_2198,31,Other,Delhi,Maharashtra,,Consumer
CUST12199,Customer_2199,31,Female,Delhi,Tamil Nadu,South,consumer 
CUST12200,Customer_2200,19,Male,Chennai,Karnataka,South,Small Business
CUST12201,Customer_2201,54,Female,Delhi,Maharashtra,North,Consumer
CUST12202,Customer_2202,22,Male,Mumbai,Karnataka,East,Small Business
CUST12203,Customer_2203,55,Female,Lucknow,Delhi,West,Small Business
CUST12204,Customer_2204,62,Female,Pune,West Bengal, north ,Consumer
CUST12205,Customer_2205,58,Female,Kolkata,Telangana,South,Consumer
CUST12206,Customer_2206,64,Male,Mumbai,Gujarat,South,Small Business
CUST12207,Customer_2207,31,Female,Lucknow,Delhi,West,Small Business
CUST12208,Customer_2208,56, FEMALE,Ahmedabad,Delhi,West,
CUST12209,Customer_2209,42,Male,Chennai,Gujarat,South,Consumer
CUST12210,Customer_2210,37,Female,Ahmedabad,Maharashtra,South,Corporate
CUST12211,Customer_2211,19,Male,Lucknow,Delhi,East,Small Business
CUST12212,Customer_2212,56,Female,Jaipur,Maharashtra,South,Corporate
CUST12213,Customer_2213,23,Male,Jaipur,Uttar Pradesh,West,Small Business
CUST12214,Customer_2214,34,Female,Delhi,Uttar Pradesh,East,Consumer
CUST12215,Customer_2215,42,Male,Bengaluru,Karnataka,North,Consumer
CUST12216,Customer_2216,45,Male,Delhi,Rajasthan,North,Consumer
CUST12217,Customer_2217,19,Other,Delhi,Tamil Nadu, north ,Consumer
CUST12218,Customer_2218,52,Male,Mumbai,Gujarat,North,Consumer
CUST12219,Customer_2219,54,Female,Ahmedabad,Delhi,North,consumer 
CUST12220,Customer_2220,22,Male,Mumbai,Uttar Pradesh,,Consumer
CUST12221,Customer_2221,18,Female,Ahmedabad,Maharashtra,West,Consumer
CUST12222,Customer_2222,57,Female,Pune,Telangana,East,CORPORATE
CUST12223,Customer_2223,29,Male,Mumbai,Maharashtra,East,Corporate
CUST12224,Customer_2224,53,Male,Chennai,Rajasthan,SOUTH,Consumer
CUST12225,Customer_2225,62,Male,Mumbai,Rajasthan,North,Consumer
CUST12226,Customer_2226,40,Female,,Tamil Nadu,East,Corporate
CUST12227,Customer_2227,64,male ,Lucknow,Rajasthan,East,Consumer
CUST12228,Customer_2228,48,Female,Delhi,West Bengal,North,CORPORATE
CUST12229,Customer_2229,28,Female,Ahmedabad,Uttar Pradesh,South,Corporate
CUST12230,Customer_2230,27,Male,Jaipur,Maharashtra,West,Small Business
CUST12231,Customer_2231,20,Male,Delhi,Telangana,East,Corporate
CUST12232,Customer_2232,31,Male,Kolkata,Maharashtra, north ,CORPORATE
CUST12233,Customer_2233,33,Male,Kolkata,Telangana,West,Corporate
CUST12234,Customer_2234,27,Male,Mumbai,Rajasthan,West,Corporate
CUST12235,Customer_2235,46,Female,Jaipur,Rajasthan,West,consumer 
CUST12236,Customer_2236,27,Female,,Rajasthan,West,consumer 
CUST12237,Customer_2237,29,Other,Chennai,Karnataka,West,Consumer
CUST12238,Customer_2238,47,Male,Delhi,Rajasthan,West,Consumer
CUST12239,Customer_2239,58,Female,Ahmedabad,Telangana,East,Consumer
CUST12240,Customer_2240,18,male ,Jaipur,Gujarat,East,Consumer
CUST12241,Customer_2241,22,Female,Mumbai,Karnataka,North,consumer 
CUST12242,Customer_2242,37,Male,Bengaluru,West Bengal,West,Consumer
CUST12243,Customer_2243,25,Male,Mumbai,Uttar Pradesh,South,Consumer
CUST12244,Customer_2244,60,Male,Jaipur,Gujarat,East,Consumer
CUST12245,Customer_2245,29,Male,Delhi,Telangana,South,
CUST12246,Customer_2246,18,Female,Lucknow,Telangana,West,Small Business
CUST12247,Customer_2247,37,Male,Ahmedabad,Telangana,,Corporate
CUST12248,Customer_2248,45,Male,Kolkata,Karnataka,West,Small Business
CUST12249,Customer_2249,60,Female,Mumbai,Rajasthan,East,Small Business
CUST12250,Customer_2250,54,male ,Hyderabad,Gujarat,East,Corporate
CUST12251,Customer_2251,64,Female,Chennai,Maharashtra,East,Consumer
CUST12252,Customer_2252,54,Female,Pune,West Bengal,North,Small Business
CUST12253,Customer_2253,29,Female,Kolkata,Gujarat,South,Corporate
CUST12254,Customer_2254,54,Male,Pune,Maharashtra,South,Small Business
CUST12255,Customer_2255,66,Female,Hyderabad,Tamil Nadu,SOUTH,Corporate
CUST12256,Customer_2256,66,Female,Ahmedabad,Gujarat,South,CORPORATE
CUST12257,Customer_2257,61,Other,Delhi,Gujarat,East,Corporate
CUST12258,Customer_2258,45,Male,Chennai,Tamil Nadu,SOUTH,Corporate
CUST12259,Customer_2259,64,Female,Jaipur,Delhi,East,consumer 
CUST12260,Customer_2260,32,Male,Delhi,Maharashtra,South,Consumer
CUST12261,Customer_2261,23,Female,Kolkata,West Bengal,South,Consumer
CUST12262,Customer_2262,61,Male,Lucknow,Maharashtra,South,Corporate
CUST12263,Customer_2263,37,Male,Kolkata,Maharashtra,,Corporate
CUST12264,Customer_2264,67,male ,Delhi,Uttar Pradesh,South,Consumer
CUST12265,Customer_2265,31,Female,Mumbai,Uttar Pradesh,West,Small Business
CUST12266,Customer_2266,19,Female,Bengaluru,Gujarat, north ,Small Business
CUST12267,Customer_2267,26,Male,Mumbai,Maharashtra,South,Corporate
CUST12268,Customer_2268,54,Male,Ahmedabad,Maharashtra,North,Corporate
CUST12269,Customer_2269,37,Female,Kolkata,Uttar Pradesh,West,Consumer
CUST12270,Customer_2270,43,male ,Bengaluru,Uttar Pradesh,South,consumer 
CUST12271,Customer_2271,46,Other,Ahmedabad,Uttar Pradesh,East,Small Business
CUST12272,Customer_2272,18,Female,Jaipur,,West,Corporate
CUST12273,Customer_2273,52,Female,Bengaluru,Gujarat,South,Corporate
CUST12274,Customer_2274,23, FEMALE,Hyderabad,Tamil Nadu,SOUTH,Consumer
CUST12275,Customer_2275,54,Female,Mumbai,Karnataka,South,Consumer
CUST12276,Customer_2276,22,Female,Ahmedabad,West Bengal,South,Consumer
CUST12277,Customer_2277,50,Male,Chennai,West Bengal, north ,Consumer
CUST12278,Customer_2278,66,Female,Ahmedabad,Karnataka,North,Corporate
CUST12279,Customer_2279,68,Female,Bengaluru,Uttar Pradesh,North,Corporate
CUST12280,Customer_2280,31,male ,Ahmedabad,Delhi,SOUTH,Consumer
CUST12281,Customer_2281,29,male ,Delhi,Uttar Pradesh,North,Corporate
CUST12282,Customer_2282,59,Male,,Delhi,North,Consumer
CUST12283,Customer_2283,37,Female,Ahmedabad,Tamil Nadu,East,Small Business
CUST12284,Customer_2284,67,male ,Hyderabad,Gujarat,North,Consumer
CUST12285,Customer_2285,41,Male,Jaipur,Delhi,West,Corporate
CUST12286,Customer_2286,60,Male,Jaipur,Tamil Nadu,South,Consumer
CUST12287,Customer_2287,51,Male,Ahmedabad,Maharashtra,West,Consumer
CUST12288,Customer_2288,42,Female,Bengaluru,Gujarat,South,Corporate
CUST12289,Customer_2289,67,Male,Chennai,Uttar Pradesh, north ,Small Business
CUST12290,Customer_2290,46,Female,Ahmedabad,Gujarat,South,Consumer
CUST12291,Customer_2291,56,Male,Jaipur,Gujarat,West,Consumer
CUST12292,Customer_2292,48, FEMALE,Hyderabad,Uttar Pradesh,SOUTH,Consumer
CUST12293,Customer_2293,64,Male,Lucknow,Maharashtra,,Corporate
CUST12294,Customer_2294,60,Male,Delhi,Karnataka,North,Small Business
CUST12295,Customer_2295,67,Female,Jaipur,Tamil Nadu,North,Corporate
CUST12296,Customer_2296,40,Female,,West Bengal,SOUTH,Consumer
CUST12297,Customer_2297,61,Male,Bengaluru,Uttar Pradesh,West,Corporate
CUST12298,Customer_2298,55,Male,Chennai,Maharashtra,SOUTH,Consumer
CUST12299,Customer_2299,37,Male,Hyderabad,Maharashtra,West,Small Business
CUST12300,Customer_2300,40,Female,Chennai,Tamil Nadu,South,CORPORATE
CUST12301,Customer_2301,62,male ,Pune,Maharashtra,North,Corporate
CUST12302,Customer_2302,69,Female,Bengaluru,Rajasthan,SOUTH,consumer 
CUST12303,Customer_2303,33,Female,Mumbai,West Bengal,East,Consumer
CUST12304,Customer_2304,67,Female,Jaipur,Uttar Pradesh,South,Consumer
CUST12305,Customer_2305,59,Male,Hyderabad,Delhi,East,Consumer
CUST12306,Customer_2306,25,Other,Chennai,Gujarat,North,Small Business
CUST12307,Customer_2307,67,male ,Kolkata,Delhi,South,Corporate
CUST12308,Customer_2308,38,Male,Ahmedabad,Karnataka,West,Consumer
CUST12309,Customer_2309,18,Male,Kolkata,Rajasthan,North,Consumer
CUST12310,Customer_2310,25,Male,Delhi,Delhi,North,Small Business
CUST12311,Customer_2311,46,Male,Lucknow,Delhi,East,Consumer
CUST12312,Customer_2312,49,Female,,Delhi,West,Consumer
CUST12313,Customer_2313,55,Female,Chennai,West Bengal,North,Consumer
CUST12314,Customer_2314,22,male ,Ahmedabad,Gujarat,North,Consumer
CUST12315,Customer_2315,64,Female,Pune,Tamil Nadu,SOUTH,Consumer
CUST12316,Customer_2316,39,Female,Chennai,West Bengal,North,Corporate
CUST12317,Customer_2317,64,Female,Bengaluru,Karnataka,North,Consumer
CUST12318,Customer_2318,51,Male,Kolkata,Delhi,South,Corporate
CUST12319,Customer_2319,18,Male,Mumbai,Delhi,North,Small Business
CUST12320,Customer_2320,43,Female,Delhi,Gujarat,East,consumer 
CUST12321,Customer_2321,60,Male,Delhi,Maharashtra, north ,Consumer
CUST12322,Customer_2322,27,Male,Bengaluru,,East,Consumer
CUST12323,Customer_2323,47, FEMALE,Hyderabad,Maharashtra,,Consumer
CUST12324,Customer_2324,67,Female,Pune,Rajasthan, north ,Corporate
CUST12325,Customer_2325,35,Male,Bengaluru,Gujarat,North,Consumer
CUST12326,Customer_2326,34,Female,,Telangana,East,Small Business
CUST12327,Customer_2327,43,male ,Bengaluru,Uttar Pradesh,West,Corporate
CUST12328,Customer_2328,25,Male,Hyderabad,Karnataka,South,Small Business
CUST12329,Customer_2329,64,Male,Delhi,Karnataka,West,Consumer
CUST12330,Customer_2330,57,Other,Bengaluru,Maharashtra,West,Consumer
CUST12331,Customer_2331,66,Male,Delhi,Uttar Pradesh,South,Small Business
CUST12332,Customer_2332,29,Male,Pune,Karnataka,North,Consumer
CUST12333,Customer_2333,44,Female,Jaipur,Karnataka,North,Consumer
CUST12334,Customer_2334,25,male ,Mumbai,,South,Consumer
CUST12335,Customer_2335,42,Male,Hyderabad,Karnataka,North,Corporate
CUST12336,Customer_2336,63,Male,Delhi,Telangana,West,consumer 
CUST12337,Customer_2337,21,Male,Lucknow,,South,Consumer
CUST12338,Customer_2338,50,,Jaipur,Telangana,West,Corporate
CUST12339,Customer_2339,18,Male,Delhi,Telangana,South,consumer 
CUST12340,Customer_2340,36,Female,Hyderabad,Uttar Pradesh,West,Corporate
CUST12341,Customer_2341,48,Other,Ahmedabad,Karnataka, north ,Consumer
CUST12342,Customer_2342,33,Male,Hyderabad,Maharashtra,West,
CUST12343,Customer_2343,31,Other,Chennai,Telangana,East,Consumer
CUST12344,Customer_2344,65,Other,Hyderabad,Rajasthan,North,Consumer
CUST12345,Customer_2345,22, FEMALE,Pune,Delhi,South,consumer 
CUST12346,Customer_2346,58,Male,Ahmedabad,Telangana,South,Consumer
CUST12347,Customer_2347,43,Female,,Karnataka,SOUTH,Small Business
CUST12348,Customer_2348,45,male ,Jaipur,Karnataka,East,Consumer
CUST12349,Customer_2349,19,,Hyderabad,Rajasthan,,Small Business
CUST12350,Customer_2350,67,Male,Chennai,Karnataka,West,Small Business
CUST12351,Customer_2351,23,male ,Hyderabad,West Bengal,East,Consumer
CUST12352,Customer_2352,26,Male,,Tamil Nadu,East,Corporate
CUST12353,Customer_2353,50,Male,Kolkata,Maharashtra,South,Consumer
CUST12354,Customer_2354,58,Female,Hyderabad,Karnataka,North,Consumer
CUST12355,Customer_2355,42,male ,Delhi,Maharashtra,West,Small Business
CUST12356,Customer_2356,65,Female,Chennai,Delhi, north ,consumer 
CUST12357,Customer_2357,30,Female,,West Bengal,South,Small Business
CUST12358,Customer_2358,26,,Chennai,Rajasthan,East,consumer 
CUST12359,Customer_2359,30,Female,Mumbai,Maharashtra,South,consumer 
CUST12360,Customer_2360,48,Female,Delhi,West Bengal,South,Small Business
CUST12361,Customer_2361,58,Male,Hyderabad,,North,consumer 
CUST12362,Customer_2362,28,Female,Ahmedabad,Delhi,West,Consumer
CUST12363,Customer_2363,21,Female,,Tamil Nadu,East,Small Business
CUST12364,Customer_2364,51,Other,Ahmedabad,Uttar Pradesh,East,Small Business
CUST12365,Customer_2365,55,Female,Jaipur,Delhi,North,Consumer
CUST12366,Customer_2366,63,male ,Pune,Uttar Pradesh,West,consumer 
CUST12367,Customer_2367,21,Male,Pune,,North,Consumer
CUST12368,Customer_2368,55,Male,Chennai,Delhi,South,Consumer
CUST12369,Customer_2369,36,Female,,Uttar Pradesh,South,Consumer
CUST12370,Customer_2370,23,Male,Hyderabad,Telangana,South,Corporate
CUST12371,Customer_2371,51,Male,Kolkata,Maharashtra,North,Consumer
CUST12372,Customer_2372,35,Female,Mumbai,Tamil Nadu, north ,Corporate
CUST12373,Customer_2373,30,Male,Bengaluru,Delhi,South,Small Business
CUST12374,Customer_2374,58,Male,Lucknow,Tamil Nadu,East,Small Business
CUST12375,Customer_2375,40,Female,Ahmedabad,Delhi,East,Small Business
CUST12376,Customer_2376,36,Female,Chennai,Uttar Pradesh,East,Consumer
CUST12377,Customer_2377,62,Other,Delhi,Tamil Nadu,East,Consumer
CUST12378,Customer_2378,28,Female,Ahmedabad,Telangana,West,Small Business
CUST12379,Customer_2379,18,Female,Kolkata,Maharashtra,West,Corporate
CUST12380,Customer_2380,41,Other,Hyderabad,Telangana,South,Small Business
CUST12381,Customer_2381,24,male ,Pune,Maharashtra,West,Consumer
CUST12382,Customer_2382,42,Male,Hyderabad,Uttar Pradesh,North,Consumer
CUST12383,Customer_2383,38,Male,Chennai,Maharashtra,North,CORPORATE
CUST12384,Customer_2384,32,Female,Ahmedabad,West Bengal,East,consumer 
CUST12385,Customer_2385,18,Female,Mumbai,Karnataka, north ,Consumer
CUST12386,Customer_2386,29,male ,Delhi,Rajasthan,West,Corporate
CUST12387,Customer_2387,24,Female,Delhi,Tamil Nadu,West,Corporate
CUST12388,Customer_2388,32,Female,Bengaluru,Telangana,North,Consumer
CUST12389,Customer_2389,38,,Mumbai,Rajasthan,South,Consumer
CUST12390,Customer_2390,36,Female,Mumbai,Telangana,South,Corporate
CUST12391,Customer_2391,46,Male,Delhi,Uttar Pradesh,West,CORPORATE
CUST12392,Customer_2392,42,male ,Mumbai,Uttar Pradesh,North,consumer 
CUST12393,Customer_2393,50,Male,Bengaluru,Tamil Nadu,East,consumer 
CUST12394,Customer_2394,66,male ,Delhi,Gujarat,SOUTH,Small Business
CUST12395,Customer_2395,49,Other,Pune,Uttar Pradesh, north ,Consumer
CUST12396,Customer_2396,66,Female,Pune,Tamil Nadu, north ,Consumer
CUST12397,Customer_2397,52,Female,Delhi,Delhi,South,Corporate
CUST12398,Customer_2398,61,Female,Pune,West Bengal,SOUTH,consumer 
CUST12399,Customer_2399,55,Male,,Karnataka,West,CORPORATE
CUST12400,Customer_2400,43,Male,Ahmedabad,Tamil Nadu, north ,Consumer
CUST12401,Customer_2401,28,Female,Delhi,Rajasthan,SOUTH,Consumer
CUST12402,Customer_2402,52,Female,Lucknow,Rajasthan,SOUTH,Consumer
CUST12403,Customer_2403,25,Female,Hyderabad,Rajasthan,South,Corporate
CUST12404,Customer_2404,63,Male,Delhi,Rajasthan,North,Consumer
CUST12405,Customer_2405,31,Female,Bengaluru,Maharashtra,West,consumer 
CUST12406,Customer_2406,27,male ,Bengaluru,Maharashtra,East,Consumer
CUST12407,Customer_2407,19,Female,Chennai,West Bengal,South,
CUST12408,Customer_2408,63,Female,Kolkata,Telangana,West,Consumer
CUST12409,Customer_2409,26,male ,Jaipur,Uttar Pradesh,North,Consumer
CUST12410,Customer_2410,20,Female,Bengaluru,Maharashtra,North,Corporate
CUST12411,Customer_2411,38,Female,Bengaluru,Maharashtra,South,consumer 
CUST12412,Customer_2412,43, FEMALE,Bengaluru,Tamil Nadu,North,Consumer
CUST12413,Customer_2413,25,Male,Hyderabad,Tamil Nadu,West,Small Business
CUST12414,Customer_2414,65,,,Karnataka,SOUTH,Consumer
CUST12415,Customer_2415,19,Male,Jaipur,Telangana,West,consumer 
CUST12416,Customer_2416,23,Male,Ahmedabad,Delhi,West,Consumer
CUST12417,Customer_2417,45, FEMALE,,Delhi,North,Consumer
CUST12418,Customer_2418,46,Male,Hyderabad,Delhi,East,Consumer
CUST12419,Customer_2419,43,Female,Hyderabad,West Bengal,West,Consumer
CUST12420,Customer_2420,42,male ,Chennai,Gujarat,West,Consumer
CUST12421,Customer_2421,29, FEMALE,Hyderabad,Karnataka,North,Consumer
CUST12422,Customer_2422,22,,Lucknow,Delhi, north ,Small Business
CUST12423,Customer_2423,51,Male,Chennai,Rajasthan,SOUTH,Small Business
CUST12424,Customer_2424,65,Female,Bengaluru,Gujarat,South,Consumer
CUST12425,Customer_2425,54,Male,Jaipur,Maharashtra,North,
CUST12426,Customer_2426,32,Female,Lucknow,Telangana,South,
CUST12427,Customer_2427,61, FEMALE,Hyderabad,Maharashtra,North,consumer 
CUST12428,Customer_2428,53,Male,Kolkata,Maharashtra, north ,Corporate
CUST12429,Customer_2429,32,Female,Delhi,Rajasthan,SOUTH,Consumer
CUST12430,Customer_2430,60,Female,Chennai,Gujarat,West,Consumer
CUST12431,Customer_2431,65,Female,Delhi,Rajasthan,West,Consumer
CUST12432,Customer_2432,40,Other,Delhi,,West,Corporate
CUST12433,Customer_2433,23,Male,Pune,Telangana,South,Corporate
CUST12434,Customer_2434,63,Female,Bengaluru,Gujarat,West,Corporate
CUST12435,Customer_2435,67, FEMALE,Jaipur,Maharashtra,West,Corporate
CUST12436,Customer_2436,61,Female,Ahmedabad,Maharashtra,West,Consumer
CUST12437,Customer_2437,60,Male,Mumbai,Rajasthan,,Small Business
CUST12438,Customer_2438,62,Female,Jaipur,Telangana,East,Consumer
CUST12439,Customer_2439,38,Male,Chennai,Karnataka,South,Corporate
CUST12440,Customer_2440,40,Male,Delhi,Rajasthan,West,Consumer
CUST12441,Customer_2441,60, FEMALE,Kolkata,Karnataka,East,Consumer
CUST12442,Customer_2442,33,Female,Pune,West Bengal,South,consumer 
CUST12443,Customer_2443,64,Other,Chennai,Karnataka,West,Consumer
CUST12444,Customer_2444,32,male ,Ahmedabad,Uttar Pradesh,East,Corporate
CUST12445,Customer_2445,42,Female,Chennai,Karnataka,South,consumer 
CUST12446,Customer_2446,53,Male,,Tamil Nadu, north ,Consumer
CUST12447,Customer_2447,28,Female,Chennai,Delhi,North,Consumer
CUST12448,Customer_2448,68,Male,Delhi,Uttar Pradesh,North,Consumer
CUST12449,Customer_2449,32,Other,Chennai,West Bengal,North,Consumer
CUST12450,Customer_2450,21,Male,Mumbai,Maharashtra,North,Consumer
CUST12451,Customer_2451,38,Male,Pune,Maharashtra,East,Consumer
CUST12452,Customer_2452,30,Female,Kolkata,Karnataka,West,Consumer
CUST12453,Customer_2453,39,Male,Chennai,West Bengal,South,Corporate
CUST12454,Customer_2454,36,Male,Delhi,Tamil Nadu,North,Consumer
CUST12455,Customer_2455,51,Female,Chennai,Karnataka,North,consumer 
CUST12456,Customer_2456,31,Male,Delhi,Rajasthan,East,Corporate
CUST12457,Customer_2457,21,Male,Kolkata,Gujarat,East,Consumer
CUST12458,Customer_2458,65,Male,Lucknow,Delhi,South,Small Business
CUST12459,Customer_2459,69,Female,Ahmedabad,Telangana,North,Consumer
CUST12460,Customer_2460,63,Female,Mumbai,West Bengal,North,Consumer
CUST12461,Customer_2461,44,Female,Chennai,West Bengal,North,Consumer
CUST12462,Customer_2462,46,Female,Pune,Delhi,North,Corporate
CUST12463,Customer_2463,64,Male,Ahmedabad,Maharashtra,West,Consumer
CUST12464,Customer_2464,45,Other,Pune,Delhi,South,Consumer
CUST12465,Customer_2465,52,Male,Mumbai,West Bengal,North,Corporate
CUST12466,Customer_2466,25,Female,Hyderabad,Rajasthan,East,
CUST12467,Customer_2467,33, FEMALE,Kolkata,Maharashtra,East,Corporate
CUST12468,Customer_2468,59,male ,,Karnataka,South,Consumer
CUST12469,Customer_2469,53,Male,Ahmedabad,Karnataka,North,CORPORATE
CUST12470,Customer_2470,47,Male,Mumbai,Uttar Pradesh,West,Consumer
CUST12471,Customer_2471,35,Female,Ahmedabad,Maharashtra,West,Consumer
CUST12472,Customer_2472,19,Male,Delhi,Tamil Nadu,South,consumer 
CUST12473,Customer_2473,66,male ,,Uttar Pradesh,South,Corporate
CUST12474,Customer_2474,30,Female,Lucknow,Uttar Pradesh,North,Consumer
CUST12475,Customer_2475,21,Female,Kolkata,Rajasthan,West,Corporate
CUST12476,Customer_2476,43,Male,Jaipur,Karnataka,East,Small Business
CUST12477,Customer_2477,42,Female,Delhi,Uttar Pradesh,North,Consumer
CUST12478,Customer_2478,47,Female,Delhi,Uttar Pradesh,South,Consumer
CUST12479,Customer_2479,28,male ,Delhi,Rajasthan, north ,Consumer
CUST12480,Customer_2480,24,Male,Delhi,Delhi,South,Corporate
CUST12481,Customer_2481,48,Male,Pune,Delhi,South,Corporate
CUST12482,Customer_2482,61,Male,Mumbai,Rajasthan,West,Consumer
CUST12483,Customer_2483,27,Male,Ahmedabad,Gujarat,North,Corporate
CUST12484,Customer_2484,56,Female,Hyderabad,Uttar Pradesh,East,Corporate
CUST12485,Customer_2485,30,Other,Kolkata,Uttar Pradesh,West,Consumer
CUST12486,Customer_2486,48,Female,Kolkata,Tamil Nadu, north ,Corporate
CUST12487,Customer_2487,24, FEMALE,Bengaluru,Karnataka,West,Corporate
CUST12488,Customer_2488,66,Male,Bengaluru,Rajasthan,,Consumer
CUST12489,Customer_2489,59,Male,Bengaluru,Rajasthan,West,consumer 
CUST12490,Customer_2490,59,Male,Lucknow,Rajasthan, north ,Consumer
CUST12491,Customer_2491,53,Male,Pune,Gujarat,East,Consumer
CUST12492,Customer_2492,37, FEMALE,Bengaluru,Telangana,,Corporate
CUST12493,Customer_2493,21,Male,Lucknow,Delhi, north ,Corporate
CUST12494,Customer_2494,24,Female,Delhi,Gujarat,North,
CUST12495,Customer_2495,18,Female,Kolkata,Maharashtra,North,Consumer
CUST12496,Customer_2496,61,Other,Hyderabad,Rajasthan,South,Consumer
CUST12497,Customer_2497,62,Male,Jaipur,Gujarat,South,Consumer
CUST12498,Customer_2498,59,Male,Ahmedabad,Karnataka,West,consumer 
CUST12499,Customer_2499,64,Male,Jaipur,Uttar Pradesh,South,Consumer
CUST12500,Customer_2500,30,Female,Hyderabad,Karnataka,North,Small Business
CUST12501,Customer_2501,39,Male,,Uttar Pradesh,West,Consumer
CUST12502,Customer_2502,38, FEMALE,Lucknow,Delhi,West,Consumer
CUST12503,Customer_2503,39,Female,Chennai,Rajasthan,West,Consumer
CUST12504,Customer_2504,45,Female,Delhi,Rajasthan,South,CORPORATE
CUST12505,Customer_2505,26,Female,Jaipur,Tamil Nadu,North,Consumer
CUST12506,Customer_2506,43,Male,Bengaluru,Rajasthan,East,Consumer
CUST12507,Customer_2507,26,Female,Delhi,Gujarat,North,Consumer
CUST12508,Customer_2508,32,,Ahmedabad,Uttar Pradesh,North,CORPORATE
CUST12509,Customer_2509,27,male ,Chennai,Gujarat,,Corporate
CUST12510,Customer_2510,41, FEMALE,Bengaluru,Telangana,South,CORPORATE
CUST12511,Customer_2511,59,male ,Jaipur,Tamil Nadu,East,Consumer
CUST12512,Customer_2512,25,Male,Ahmedabad,Karnataka,West,Consumer
CUST12513,Customer_2513,41,Male,Delhi,,South,Consumer
CUST12514,Customer_2514,33,Male,Kolkata,Delhi,North,Corporate
CUST12515,Customer_2515,66,Male,Jaipur,Karnataka,South,Consumer
CUST12516,Customer_2516,43,Male,Mumbai,Karnataka,North,Small Business
CUST12517,Customer_2517,44,Female,Chennai,Telangana,,Consumer
CUST12518,Customer_2518,54,Female,Delhi,Gujarat,West,Corporate
CUST12519,Customer_2519,21, FEMALE,Jaipur,Telangana,South,Consumer
CUST12520,Customer_2520,67,Female,Lucknow,Gujarat,,Corporate
CUST12521,Customer_2521,41,Other,Delhi,Telangana,,Corporate
CUST12522,Customer_2522,36,Male,Lucknow,Gujarat,West,Consumer
CUST12523,Customer_2523,53,Male,Jaipur,Tamil Nadu,SOUTH,CORPORATE
CUST12524,Customer_2524,56,Female,Bengaluru,Karnataka,North,Small Business
CUST12525,Customer_2525,27,Male,Kolkata,Telangana,SOUTH,Consumer
CUST12526,Customer_2526,42,Male,,Telangana,South,Corporate
CUST12527,Customer_2527,35,Male,Ahmedabad,Karnataka,North,Consumer
CUST12528,Customer_2528,36,Male,Pune,Karnataka,North,Corporate
CUST12529,Customer_2529,53,Female,Pune,Maharashtra,West,Consumer
CUST12530,Customer_2530,27,Female,Kolkata,Karnataka,East,Consumer
CUST12531,Customer_2531,50,Female,Pune,West Bengal,West,Small Business
CUST12532,Customer_2532,67,Female,Lucknow,Telangana,North,Consumer
CUST12533,Customer_2533,22,Female,Pune,Rajasthan,West,Consumer
CUST12534,Customer_2534,64,Male,Ahmedabad,,North,Corporate
CUST12535,Customer_2535,66,Male,Pune,Telangana,North,Small Business
CUST12536,Customer_2536,52,Male,Mumbai,Tamil Nadu,North,Consumer
CUST12537,Customer_2537,61,Female,Ahmedabad,Maharashtra,West,Corporate
CUST12538,Customer_2538,51,Female,Kolkata,Telangana,West,Consumer
CUST12539,Customer_2539,50,Female,Kolkata,Uttar Pradesh,North,Small Business
CUST12540,Customer_2540,38,Male,,Maharashtra,South,Consumer
CUST12541,Customer_2541,34,Female,Delhi,Maharashtra,West,Small Business
CUST12542,Customer_2542,39,Female,Hyderabad,Telangana,South,Consumer
CUST12543,Customer_2543,65,Female,Mumbai,Uttar Pradesh,SOUTH,Small Business
CUST12544,Customer_2544,54,Female,Kolkata,West Bengal,SOUTH,Small Business
CUST12545,Customer_2545,32,Female,Lucknow,Gujarat,East,Small Business
CUST12546,Customer_2546,52,Female,Ahmedabad,Gujarat,West,Small Business
CUST12547,Customer_2547,45,Female,Chennai,Maharashtra,West,Corporate
CUST12548,Customer_2548,24,Male,Jaipur,Delhi,South,Consumer
CUST12549,Customer_2549,49,Female,Ahmedabad,Telangana,South,Small Business
CUST12550,Customer_2550,28,Male,Kolkata,Tamil Nadu,North,Consumer
CUST12551,Customer_2551,27,Male,Bengaluru,Tamil Nadu,SOUTH,Consumer
CUST12552,Customer_2552,26,Other,Pune,Maharashtra,West,consumer 
CUST12553,Customer_2553,31,Other,Ahmedabad,Maharashtra,North,Consumer
CUST12554,Customer_2554,30,Male,,Delhi,East,Consumer
CUST12555,Customer_2555,42,Female,Kolkata,Gujarat,South,Corporate
CUST12556,Customer_2556,19,Male,Ahmedabad,Gujarat,West,consumer 
CUST12557,Customer_2557,52,Female,Mumbai,Maharashtra,South,consumer 
CUST12558,Customer_2558,24,male ,Bengaluru,Maharashtra,West,Corporate
CUST12559,Customer_2559,38,Other,Ahmedabad,Delhi,North,Consumer
CUST12560,Customer_2560,35,Female,Mumbai,Gujarat,East,Small Business
CUST12561,Customer_2561,20,Male,Mumbai,Gujarat,South,Corporate
CUST12562,Customer_2562,59,Female,Hyderabad,Karnataka,North,Consumer
CUST12563,Customer_2563,56,Male,Pune,Karnataka,East,consumer 
CUST12564,Customer_2564,58, FEMALE,,Telangana,West,Consumer
CUST12565,Customer_2565,66, FEMALE,Bengaluru,Tamil Nadu,,Consumer
CUST12566,Customer_2566,28,Female,Ahmedabad,Rajasthan,West,Consumer
CUST12567,Customer_2567,56,Male,Ahmedabad,Tamil Nadu,East,consumer 
CUST12568,Customer_2568,41,Male,Hyderabad,Gujarat,SOUTH,Consumer
CUST12569,Customer_2569,63,Male,Hyderabad,Delhi,West,Consumer
CUST12570,Customer_2570,36,male ,Kolkata,Uttar Pradesh,East,consumer 
CUST12571,Customer_2571,21,Female,Kolkata,Karnataka,East,Consumer
CUST12572,Customer_2572,43,Male,Hyderabad,Telangana,SOUTH,Consumer
CUST12573,Customer_2573,55,Female,Hyderabad,Rajasthan,East,Consumer
CUST12574,Customer_2574,59,male ,Bengaluru,Gujarat,West,Consumer
CUST12575,Customer_2575,49,Male,Mumbai,Rajasthan,North,Consumer
CUST12576,Customer_2576,56, FEMALE,Chennai,Uttar Pradesh,West,Small Business
CUST12577,Customer_2577,62, FEMALE,Kolkata,Uttar Pradesh,South,Consumer
CUST12578,Customer_2578,63,Other,Jaipur,Karnataka,North,Small Business
CUST12579,Customer_2579,53,Female,Jaipur,Uttar Pradesh, north ,
CUST12580,Customer_2580,57,Male,Hyderabad,Uttar Pradesh,West,consumer 
CUST12581,Customer_2581,54,Male,Jaipur,Tamil Nadu,South,Corporate
CUST12582,Customer_2582,50,Male,Delhi,Tamil Nadu,South,CORPORATE
CUST12583,Customer_2583,53,Male,Chennai,Uttar Pradesh,North,
CUST12584,Customer_2584,20,Female,Lucknow,Uttar Pradesh,North,Corporate
CUST12585,Customer_2585,26,Female,Kolkata,Karnataka,South,Consumer
CUST12586,Customer_2586,25, FEMALE,Chennai,Uttar Pradesh,North,consumer 
CUST12587,Customer_2587,50,Male,Kolkata,Uttar Pradesh,South,consumer 
CUST12588,Customer_2588,23,Female,Ahmedabad,Maharashtra,West,Consumer
CUST12589,Customer_2589,58,male ,Pune,Rajasthan,North,CORPORATE
CUST12590,Customer_2590,56,Female,Lucknow,Maharashtra,North,Consumer
CUST12591,Customer_2591,21, FEMALE,,Delhi, north ,Consumer
CUST12592,Customer_2592,30,Female,Kolkata,West Bengal,West,Consumer
CUST12593,Customer_2593,66,Other,Pune,Gujarat,North,Consumer
CUST12594,Customer_2594,19,Male,,Delhi,North,Corporate
CUST12595,Customer_2595,22,Female,Hyderabad,Uttar Pradesh,West,Corporate
CUST12596,Customer_2596,61,Male,Pune,Tamil Nadu,South,Consumer
CUST12597,Customer_2597,44,Male,Lucknow,Gujarat,West,Consumer
CUST12598,Customer_2598,49,Male,Hyderabad,Gujarat,South,Small Business
CUST12599,Customer_2599,38,Male,Ahmedabad,Gujarat,SOUTH,Consumer
CUST12600,Customer_2600,25,Male,Bengaluru,Uttar Pradesh,West,CORPORATE
CUST12601,Customer_2601,55,Male,Jaipur,Gujarat,North,Small Business
CUST12602,Customer_2602,25,Male,Hyderabad,Maharashtra,South,Small Business
CUST12603,Customer_2603,67, FEMALE,Chennai,Karnataka,East,Consumer
CUST12604,Customer_2604,20,Male,Lucknow,Karnataka,North,CORPORATE
CUST12605,Customer_2605,61,Female,Bengaluru,Uttar Pradesh,North,Consumer
CUST12606,Customer_2606,20,Male,Delhi,Maharashtra,North,Consumer
CUST12607,Customer_2607,39,Other,Chennai,Maharashtra,East,Small Business
CUST12608,Customer_2608,23, FEMALE,Chennai,Gujarat,West,Small Business
CUST12609,Customer_2609,19,Female,Lucknow,Rajasthan,North,Consumer
CUST12610,Customer_2610,40,Female,Ahmedabad,Gujarat,West,Corporate
CUST12611,Customer_2611,61,Male,Delhi,Maharashtra,East,Corporate
CUST12612,Customer_2612,19,,,Telangana,SOUTH,Corporate
CUST12613,Customer_2613,55, FEMALE,,Karnataka, north ,Corporate
CUST12614,Customer_2614,34, FEMALE,,Delhi,SOUTH,
CUST12615,Customer_2615,52,Female,Ahmedabad,Karnataka,SOUTH,
CUST12616,Customer_2616,51,Male,Jaipur,Telangana,South,
CUST12617,Customer_2617,40, FEMALE,Chennai,Delhi,East,Corporate
CUST12618,Customer_2618,47,Male,Mumbai,West Bengal,South,Consumer
CUST12619,Customer_2619,69,Female,Hyderabad,Telangana,East,Corporate
CUST12620,Customer_2620,25,Male,Pune,Delhi,North,Corporate
CUST12621,Customer_2621,39,Other,Jaipur,Rajasthan,West,Consumer
CUST12622,Customer_2622,61,Male,Kolkata,Uttar Pradesh,North,Corporate
CUST12623,Customer_2623,53,Male,Jaipur,Uttar Pradesh,South,Corporate
CUST12624,Customer_2624,22,Female,Hyderabad,Tamil Nadu,North,consumer 
CUST12625,Customer_2625,30,male ,Jaipur,Gujarat,SOUTH,Consumer
CUST12626,Customer_2626,46,Female,Mumbai,Gujarat,North,Small Business
CUST12627,Customer_2627,48,Male,Mumbai,Tamil Nadu,,Consumer
CUST12628,Customer_2628,64,Male,Mumbai,Telangana,North,Consumer
CUST12629,Customer_2629,33,Female,Ahmedabad,Delhi,West,Consumer
CUST12630,Customer_2630,59,,Delhi,Rajasthan,South,Consumer
CUST12631,Customer_2631,47,male ,Lucknow,West Bengal,South,Consumer
CUST12632,Customer_2632,33,Female,,Gujarat,,Consumer
CUST12633,Customer_2633,29, FEMALE,Chennai,West Bengal,North,CORPORATE
CUST12634,Customer_2634,34,Female,Ahmedabad,,North,Consumer
CUST12635,Customer_2635,33,Female,Pune,Gujarat,East,Small Business
CUST12636,Customer_2636,29,Female,Mumbai,Gujarat,West,consumer 
CUST12637,Customer_2637,25,Female,Bengaluru,Karnataka,,Consumer
CUST12638,Customer_2638,37,male ,Ahmedabad,Maharashtra,West,Consumer
CUST12639,Customer_2639,20,Female,Hyderabad,Uttar Pradesh,,Corporate
CUST12640,Customer_2640,33,Male,Pune,Uttar Pradesh,South,Consumer
CUST12641,Customer_2641,47,Male,Chennai,Maharashtra,East,Consumer
CUST12642,Customer_2642,62,Male,Hyderabad,Uttar Pradesh,East,Corporate
CUST12643,Customer_2643,40,Female,Mumbai,West Bengal,,Consumer
CUST12644,Customer_2644,45,Male,Kolkata,Maharashtra,West,Small Business
CUST12645,Customer_2645,68,Male,Jaipur,Tamil Nadu,North,Corporate
CUST12646,Customer_2646,57,Female,Bengaluru,Gujarat,East,Small Business
CUST12647,Customer_2647,22,Female,Jaipur,Tamil Nadu,South,Consumer
CUST12648,Customer_2648,37,Female,Lucknow,Uttar Pradesh,South,Consumer
CUST12649,Customer_2649,57,Female,Ahmedabad,Delhi,East,Corporate
CUST12650,Customer_2650,61, FEMALE,Mumbai,Uttar Pradesh,North,consumer 
CUST12651,Customer_2651,18,Other,Bengaluru,Gujarat,North,Small Business
CUST12652,Customer_2652,47,male ,Ahmedabad,Tamil Nadu,North,Corporate
CUST12653,Customer_2653,38,Female,Mumbai,Karnataka,North,Corporate
CUST12654,Customer_2654,37,Male,Delhi,Rajasthan,North,Corporate
CUST12655,Customer_2655,23,,Ahmedabad,Gujarat,West,Consumer
CUST12656,Customer_2656,39,Male,Bengaluru,Maharashtra,South,Corporate
CUST12657,Customer_2657,35,Male,Hyderabad,Telangana,East,Corporate
CUST12658,Customer_2658,25,Female,Hyderabad,Maharashtra,West,Consumer
CUST12659,Customer_2659,56,Male,Lucknow,Tamil Nadu,West,consumer 
CUST12660,Customer_2660,49,Other,Bengaluru,Tamil Nadu,North,Small Business
CUST12661,Customer_2661,50,Female,Ahmedabad,Gujarat, north ,Consumer
CUST12662,Customer_2662,33,Female,Pune,Telangana,,
CUST12663,Customer_2663,29,Female,Chennai,West Bengal,North,Consumer
CUST12664,Customer_2664,55,Female,Bengaluru,Gujarat,West,Consumer
CUST12665,Customer_2665,69,Male,Bengaluru,Karnataka,North,CORPORATE
CUST12666,Customer_2666,51,Female,Pune,Rajasthan,North,Consumer
CUST12667,Customer_2667,31,Female,Hyderabad,Uttar Pradesh,South,Small Business
CUST12668,Customer_2668,53,Female,Ahmedabad,Karnataka, north ,Consumer
CUST12669,Customer_2669,50,Female,Chennai,Maharashtra,West,consumer 
CUST12670,Customer_2670,40,Male,Chennai,Tamil Nadu,South,Small Business
CUST12671,Customer_2671,67,Male,Hyderabad,Karnataka,South,Corporate
CUST12672,Customer_2672,62,Male,Jaipur,Karnataka,East,Small Business
CUST12673,Customer_2673,19,Male,Hyderabad,,South,CORPORATE
CUST12674,Customer_2674,58, FEMALE,Bengaluru,Tamil Nadu,,Consumer
CUST12675,Customer_2675,38,male ,Ahmedabad,Gujarat,East,Corporate
CUST12676,Customer_2676,19,Female,Pune,Maharashtra,East,Small Business
CUST12677,Customer_2677,44,Female,,Gujarat,East,Consumer
CUST12678,Customer_2678,26,Female,Pune,Uttar Pradesh,SOUTH,CORPORATE
CUST12679,Customer_2679,18,Male,Jaipur,Uttar Pradesh,West,Consumer
CUST12680,Customer_2680,28,Male,Bengaluru,Telangana,North,Consumer
CUST12681,Customer_2681,20,Other,Delhi,Tamil Nadu,,Small Business
CUST12682,Customer_2682,69,Female,Lucknow,West Bengal,South,Consumer
CUST12683,Customer_2683,40,,Mumbai,Uttar Pradesh,,Consumer
CUST12684,Customer_2684,43,Male,Jaipur,Gujarat,South,Consumer
CUST12685,Customer_2685,21,Female,Delhi,Delhi,North,consumer 
CUST12686,Customer_2686,35,Male,Hyderabad,Gujarat,South,Corporate
CUST12687,Customer_2687,23,Male,Delhi,Gujarat,South,Consumer
CUST12688,Customer_2688,52,Female,Chennai,West Bengal,East,Corporate
CUST12689,Customer_2689,39,Male,Kolkata,Maharashtra,North,Corporate
CUST12690,Customer_2690,60,Male,Mumbai,Uttar Pradesh,North,Corporate
CUST12691,Customer_2691,32,Male,,Tamil Nadu,North,Consumer
CUST12692,Customer_2692,39,Male,,Uttar Pradesh,,Consumer
CUST12693,Customer_2693,54,Female,Hyderabad,Uttar Pradesh,South,Corporate
CUST12694,Customer_2694,69,Female,Lucknow,Delhi,West,Consumer
CUST12695,Customer_2695,59,Male,Ahmedabad,West Bengal,South,Consumer
CUST12696,Customer_2696,29,Male,Ahmedabad,Tamil Nadu,North,Consumer
CUST12697,Customer_2697,64,Male,Ahmedabad,Gujarat,West,Consumer
CUST12698,Customer_2698,66,Female,Bengaluru,Karnataka, north ,Small Business
CUST12699,Customer_2699,59,Male,Ahmedabad,Maharashtra,East,Consumer
CUST12700,Customer_2700,55,Female,Lucknow,Gujarat,South,Consumer
CUST12701,Customer_2701,35,Male,Lucknow,Maharashtra,West,Consumer
CUST12702,Customer_2702,62,Male,Delhi,Rajasthan,North,Consumer
CUST12703,Customer_2703,52, FEMALE,Ahmedabad,Karnataka,SOUTH,Corporate
CUST12704,Customer_2704,47,Female,Jaipur,West Bengal, north ,Corporate
CUST12705,Customer_2705,41,Male,Jaipur,West Bengal,East,Consumer
CUST12706,Customer_2706,59,male ,Delhi,Telangana,South,Consumer
CUST12707,Customer_2707,47,Female,Mumbai,,North,Consumer
CUST12708,Customer_2708,31, FEMALE,Ahmedabad,Maharashtra,,Consumer
CUST12709,Customer_2709,23,Female,Chennai,Telangana,West,consumer 
CUST12710,Customer_2710,20,Female,Hyderabad,Telangana,South,Corporate
CUST12711,Customer_2711,33,,Lucknow,West Bengal,North,Small Business
CUST12712,Customer_2712,24,Male,,Telangana,West,Consumer
CUST12713,Customer_2713,69,Female,Hyderabad,Delhi,,Consumer
CUST12714,Customer_2714,31,Female,Hyderabad,Gujarat,West,Consumer
CUST12715,Customer_2715,26,Male,Bengaluru,Telangana,North,Corporate
CUST12716,Customer_2716,32,Male,Bengaluru,Karnataka,South,Corporate
CUST12717,Customer_2717,38,Male,Mumbai,Telangana,North,Corporate
CUST12718,Customer_2718,52,Female,Mumbai,Maharashtra,SOUTH,Consumer
CUST12719,Customer_2719,19,Female,Kolkata,Maharashtra,South,Consumer
CUST12720,Customer_2720,44,Female,Ahmedabad,Maharashtra,West,Small Business
CUST12721,Customer_2721,19,Male,Chennai,Maharashtra,North,Corporate
CUST12722,Customer_2722,52,Female,Bengaluru,Maharashtra,North,Consumer
CUST12723,Customer_2723,35,Other,Mumbai,Telangana,West,Consumer
CUST12724,Customer_2724,31,Female,Lucknow,West Bengal, north ,Small Business
CUST12725,Customer_2725,37,Female,Ahmedabad,West Bengal,North,Consumer
CUST12726,Customer_2726,35,male ,,Delhi,South,Corporate
CUST12727,Customer_2727,27,male ,Bengaluru,Gujarat,East,CORPORATE
CUST12728,Customer_2728,42,Female,Pune,Uttar Pradesh,West,Consumer
CUST12729,Customer_2729,19, FEMALE,Jaipur,Gujarat,West,Consumer
CUST12730,Customer_2730,42,Female,Chennai,Karnataka,North,Corporate
CUST12731,Customer_2731,50, FEMALE,,Rajasthan,East,Consumer
CUST12732,Customer_2732,53,Male,Jaipur,Maharashtra, north ,Consumer
CUST12733,Customer_2733,48,Male,Ahmedabad,Uttar Pradesh, north ,Consumer
CUST12734,Customer_2734,31,Male,Mumbai,Maharashtra,East,Consumer
CUST12735,Customer_2735,18,male ,,Karnataka,,consumer 
CUST12736,Customer_2736,63,Female,Hyderabad,Tamil Nadu,North,Small Business
CUST12737,Customer_2737,33,Male,Jaipur,West Bengal,East,Consumer
CUST12738,Customer_2738,63,Male,Pune,Tamil Nadu,West,consumer 
CUST12739,Customer_2739,69, FEMALE,Chennai,Maharashtra,North,Corporate
CUST12740,Customer_2740,20,male ,Kolkata,Telangana,,Consumer
CUST12741,Customer_2741,52,Female,Hyderabad,Gujarat,South,Consumer
CUST12742,Customer_2742,58,Female,Mumbai,Gujarat,South,Small Business
CUST12743,Customer_2743,23,Female,Chennai,West Bengal,North,Consumer
CUST12744,Customer_2744,42,Female,Chennai,West Bengal,South,Consumer
CUST12745,Customer_2745,30,Other,Mumbai,Maharashtra,East,Consumer
CUST12746,Customer_2746,51,Male,Ahmedabad,Maharashtra,,Consumer
CUST12747,Customer_2747,25,Female,Mumbai,Karnataka,North,Small Business
CUST12748,Customer_2748,38,Male,Hyderabad,Tamil Nadu,West,Consumer
CUST12749,Customer_2749,51,Female,Mumbai,Uttar Pradesh,North,Corporate
CUST12750,Customer_2750,21,Female,Chennai,Tamil Nadu,West,Consumer
CUST12751,Customer_2751,42,Female,Bengaluru,Maharashtra,South,Corporate
CUST12752,Customer_2752,32,Male,Chennai,Telangana,East,Consumer
CUST12753,Customer_2753,21,Female,Mumbai,Maharashtra,South,Corporate
CUST12754,Customer_2754,62,Male,Delhi,Uttar Pradesh,East,Consumer
CUST12755,Customer_2755,29,Male,Jaipur,Maharashtra,West,Consumer
CUST12756,Customer_2756,49,Male,Kolkata,Tamil Nadu,,Consumer
CUST12757,Customer_2757,49,male ,Bengaluru,Rajasthan,South,Corporate
CUST12758,Customer_2758,45,Female,Delhi,Maharashtra,East,Consumer
CUST12759,Customer_2759,30,Female,Ahmedabad,Delhi,East,Corporate
CUST12760,Customer_2760,48,Female,Mumbai,West Bengal,,Consumer
CUST12761,Customer_2761,31,Female,Ahmedabad,Delhi,West,CORPORATE
CUST12762,Customer_2762,37,Female,Chennai,West Bengal,South,Consumer
CUST12763,Customer_2763,35,Female,Bengaluru,Uttar Pradesh,East,Consumer
CUST12764,Customer_2764,46,Male,Jaipur,Karnataka,South,Consumer
CUST12765,Customer_2765,23,Female,Ahmedabad,Tamil Nadu,West,Consumer
CUST12766,Customer_2766,49,Female,Hyderabad,Gujarat, north ,consumer 
CUST12767,Customer_2767,46, FEMALE,Hyderabad,Tamil Nadu,SOUTH,Consumer
CUST12768,Customer_2768,60, FEMALE,Hyderabad,,East,Small Business
CUST12769,Customer_2769,19,Male,Ahmedabad,Maharashtra,West,Consumer
CUST12770,Customer_2770,40,Male,Kolkata,Rajasthan,South,Small Business
CUST12771,Customer_2771,36,Female,Bengaluru,Rajasthan,East,consumer 
CUST12772,Customer_2772,48,Male,Mumbai,Gujarat,South,
CUST12773,Customer_2773,68,Male,Mumbai,Delhi,West,Consumer
CUST12774,Customer_2774,22, FEMALE,Bengaluru,Karnataka,North,Small Business
CUST12775,Customer_2775,36,Male,Mumbai,Maharashtra,North,Consumer
CUST12776,Customer_2776,51,Other,Kolkata,Gujarat,West,Consumer
CUST12777,Customer_2777,27,Female,Delhi,Telangana,SOUTH,Corporate
CUST12778,Customer_2778,42,male ,Hyderabad,Gujarat,West,Consumer
CUST12779,Customer_2779,19,Male,Pune,Karnataka,West,Corporate
CUST12780,Customer_2780,28,Male,Bengaluru,Maharashtra,West,CORPORATE
CUST12781,Customer_2781,67,Female,Delhi,Karnataka,South,Small Business
CUST12782,Customer_2782,48,Male,Delhi,West Bengal,North,Consumer
CUST12783,Customer_2783,32,Male,Mumbai,Gujarat,SOUTH,Corporate
CUST12784,Customer_2784,26,Male,Lucknow,Telangana,SOUTH,Consumer
CUST12785,Customer_2785,40,Male,Kolkata,Gujarat,South,Consumer
CUST12786,Customer_2786,36,Male,Delhi,Karnataka,North,Corporate
CUST12787,Customer_2787,26,male ,Hyderabad,Rajasthan, north ,Small Business
CUST12788,Customer_2788,52,Male,Bengaluru,Uttar Pradesh,West,consumer 
CUST12789,Customer_2789,38,Male,Pune,Karnataka,North,Consumer
CUST12790,Customer_2790,26,Female,Chennai,Delhi,North,consumer 
CUST12791,Customer_2791,45,Other,Chennai,Telangana,,Corporate
CUST12792,Customer_2792,63,Male,Bengaluru,Delhi,North,Consumer
CUST12793,Customer_2793,68,Male,Mumbai,Gujarat,South,Consumer
CUST12794,Customer_2794,24,Female,Jaipur,Gujarat,East,Consumer
CUST12795,Customer_2795,33, FEMALE,Ahmedabad,Uttar Pradesh,North,Consumer
CUST12796,Customer_2796,33,male ,Ahmedabad,Uttar Pradesh,South,Consumer
CUST12797,Customer_2797,50,Female,Delhi,Karnataka,South,Corporate
CUST12798,Customer_2798,21,Male,Jaipur,Delhi,South,Consumer
CUST12799,Customer_2799,21,Female,Jaipur,Uttar Pradesh,West,consumer 
CUST12800,Customer_2800,56,Male,Ahmedabad,Tamil Nadu,East,consumer 
CUST12801,Customer_2801,57,Female,Bengaluru,Rajasthan,South,Consumer
CUST12802,Customer_2802,34,Female,Jaipur,Uttar Pradesh,South,Consumer
CUST12803,Customer_2803,54,Other,Delhi,Telangana,North,Corporate
CUST12804,Customer_2804,56,Male,Kolkata,Maharashtra,North,Corporate
CUST12805,Customer_2805,69,Male,Hyderabad,Uttar Pradesh,West,consumer 
CUST12806,Customer_2806,46,Female,Jaipur,Telangana,North,Consumer
CUST12807,Customer_2807,69,Female,Ahmedabad,Uttar Pradesh,East,Small Business
CUST12808,Customer_2808,53,male ,Hyderabad,Telangana, north ,Corporate
CUST12809,Customer_2809,55,Male,Chennai,Maharashtra,South,Consumer
CUST12810,Customer_2810,56,Male,Delhi,Maharashtra,South,Consumer
CUST12811,Customer_2811,67,Female,Hyderabad,Uttar Pradesh,,Small Business
CUST12812,Customer_2812,54,Male,Hyderabad,West Bengal, north ,Consumer
CUST12813,Customer_2813,69, FEMALE,Mumbai,Telangana, north ,
CUST12814,Customer_2814,52,Female,Ahmedabad,Tamil Nadu,East,consumer 
CUST12815,Customer_2815,24,male ,Mumbai,Tamil Nadu,SOUTH,Corporate
CUST12816,Customer_2816,44,Female,Kolkata,Maharashtra,West,Corporate
CUST12817,Customer_2817,45,male ,Ahmedabad,Telangana,South,Consumer
CUST12818,Customer_2818,39,Male,Ahmedabad,Karnataka,West,consumer 
CUST12819,Customer_2819,31,male ,Lucknow,Telangana,North,Consumer
CUST12820,Customer_2820,24,Male,Mumbai,Tamil Nadu,East,Corporate
CUST12821,Customer_2821,54,Female,Lucknow,Maharashtra,South,consumer 
CUST12822,Customer_2822,39,Male,Bengaluru,Telangana,South,Consumer
CUST12823,Customer_2823,22,Female,Ahmedabad,Telangana,North,Corporate
CUST12824,Customer_2824,19,Male,Kolkata,Karnataka,South,Corporate
CUST12825,Customer_2825,44,Male,Jaipur,,East,Consumer
CUST12826,Customer_2826,38,Other,Delhi,Delhi,East,Consumer
CUST12827,Customer_2827,55,Male,Pune,Rajasthan,South,Corporate
CUST12828,Customer_2828,32,male ,Lucknow,Maharashtra,West,Corporate
CUST12829,Customer_2829,38,,Ahmedabad,Uttar Pradesh,East,Consumer
CUST12830,Customer_2830,27,Male,Delhi,Gujarat,,consumer 
CUST12831,Customer_2831,40,Female,Ahmedabad,Telangana,South,Consumer
CUST12832,Customer_2832,56,Male,Delhi,Uttar Pradesh,West,Corporate
CUST12833,Customer_2833,22,Male,Pune,Karnataka,West,Consumer
CUST12834,Customer_2834,18,Female,Kolkata,Maharashtra, north ,Consumer
CUST12835,Customer_2835,30,Other,Delhi,Karnataka,North,Consumer
CUST12836,Customer_2836,38,Male,Delhi,Karnataka,South,Corporate
CUST12837,Customer_2837,43,Female,Jaipur,Telangana,North,Small Business
CUST12838,Customer_2838,67,Female,Hyderabad,Telangana,North,Consumer
CUST12839,Customer_2839,62, FEMALE,Delhi,Telangana,South,Consumer
CUST12840,Customer_2840,38,Male,Jaipur,Rajasthan, north ,Corporate
CUST12841,Customer_2841,35,Female,Lucknow,Karnataka,East,Consumer
CUST12842,Customer_2842,54,Female,Pune,Delhi,South,Consumer
CUST12843,Customer_2843,62,Female,Mumbai,Tamil Nadu,West,consumer 
CUST12844,Customer_2844,49,Other,Delhi,Telangana,North,Corporate
CUST12845,Customer_2845,53,male ,Kolkata,Delhi,South,Consumer
CUST12846,Customer_2846,34,Male,Pune,Maharashtra,East,Corporate
CUST12847,Customer_2847,52,Female,Kolkata,Tamil Nadu,East,Small Business
CUST12848,Customer_2848,66,Female,Lucknow,Maharashtra,East,Small Business
CUST12849,Customer_2849,28,Male,Hyderabad,Gujarat,North,Corporate
CUST12850,Customer_2850,38,Female,Mumbai,Maharashtra,South,Corporate
CUST12851,Customer_2851,69,Female,Ahmedabad,Delhi,SOUTH,Small Business
CUST12852,Customer_2852,43,Female,Pune,Telangana,,Small Business
CUST12853,Customer_2853,21,Other,Pune,,South,Corporate
CUST12854,Customer_2854,51,Male,Ahmedabad,West Bengal,West,Corporate
CUST12855,Customer_2855,69,Other,Ahmedabad,Karnataka,South,Consumer
CUST12856,Customer_2856,65,Female,Pune,Delhi,South,Consumer
CUST12857,Customer_2857,35,Female,Bengaluru,Tamil Nadu,West,CORPORATE
CUST12858,Customer_2858,57,male ,,Maharashtra,East,CORPORATE
CUST12859,Customer_2859,52,Male,Kolkata,Rajasthan, north ,Small Business
CUST12860,Customer_2860,58,Female,Hyderabad,West Bengal,West,Consumer
CUST12861,Customer_2861,46,Female,Pune,Karnataka,West,Consumer
CUST12862,Customer_2862,69,Male,Hyderabad,Delhi,North,Consumer
CUST12863,Customer_2863,46,Other,Ahmedabad,Uttar Pradesh,West,Small Business
CUST12864,Customer_2864,55,male ,Chennai,West Bengal,,Consumer
CUST12865,Customer_2865,59,Male,Lucknow,Gujarat,East,Small Business
CUST12866,Customer_2866,38,Male,Lucknow,Karnataka,North,Corporate
CUST12867,Customer_2867,59,Female,Lucknow,Rajasthan,,Corporate
CUST12868,Customer_2868,30,Male,Jaipur,Maharashtra,South,CORPORATE
CUST12869,Customer_2869,66,Female,Lucknow,Karnataka,South,consumer 
CUST12870,Customer_2870,58,Male,Hyderabad,Rajasthan,North,Small Business
CUST12871,Customer_2871,34,Female,Delhi,Uttar Pradesh,North,Consumer
CUST12872,Customer_2872,26,Male,Lucknow,Karnataka,North,CORPORATE
CUST12873,Customer_2873,58,Male,Chennai,Uttar Pradesh,East,Consumer
CUST12874,Customer_2874,18,Female,Mumbai,Rajasthan,East,Consumer
CUST12875,Customer_2875,19,Female,,Karnataka,East,Small Business
CUST12876,Customer_2876,65,Other,Mumbai,Gujarat,East,Consumer
CUST12877,Customer_2877,46, FEMALE,Jaipur,Tamil Nadu,East,Corporate
CUST12878,Customer_2878,50,Male,Jaipur,Rajasthan,West,Consumer
CUST12879,Customer_2879,27,Male,Mumbai,Tamil Nadu,SOUTH,Corporate
CUST12880,Customer_2880,67, FEMALE,Lucknow,Telangana,South,CORPORATE
CUST12881,Customer_2881,57,Other,Bengaluru,Gujarat,North,Small Business
CUST12882,Customer_2882,38,male ,Lucknow,Karnataka,South,Consumer
CUST12883,Customer_2883,45,Male,Chennai,Delhi,North,Consumer
CUST12884,Customer_2884,28,,Jaipur,Gujarat, north ,CORPORATE
CUST12885,Customer_2885,51,Male,Hyderabad,Uttar Pradesh,South,Corporate
CUST12886,Customer_2886,25,Female,Bengaluru,Telangana,East,Consumer
CUST12887,Customer_2887,39, FEMALE,Lucknow,Maharashtra,North,Corporate
CUST12888,Customer_2888,25,Male,Delhi,Rajasthan,East,Consumer
CUST12889,Customer_2889,66, FEMALE,Ahmedabad,Delhi,North,Consumer
CUST12890,Customer_2890,32,Male,Kolkata,Telangana,West,Corporate
CUST12891,Customer_2891,34,Other,Hyderabad,Delhi,SOUTH,Consumer
CUST12892,Customer_2892,40,Male,Pune,West Bengal,South,Consumer
CUST12893,Customer_2893,41,Other,Mumbai,Delhi,South,Corporate
CUST12894,Customer_2894,62,Male,Chennai,West Bengal,South,consumer 
CUST12895,Customer_2895,36,Female,,Rajasthan,East,Corporate
CUST12896,Customer_2896,22,Female,Mumbai,Tamil Nadu,North,Consumer
CUST12897,Customer_2897,49,Female,Jaipur,Maharashtra,West,Corporate
CUST12898,Customer_2898,61,Male,Hyderabad,Maharashtra,North,Small Business
CUST12899,Customer_2899,18,Female,Kolkata,Karnataka,North,Small Business
CUST12900,Customer_2900,40,Male,Mumbai,Tamil Nadu,East,Consumer
CUST12901,Customer_2901,54,Female,Chennai,Rajasthan,North,Consumer
CUST12902,Customer_2902,25,Male,,Delhi,West,Small Business
CUST12903,Customer_2903,30,Other,Mumbai,Rajasthan,North,Consumer
CUST12904,Customer_2904,25,Male,Kolkata,Rajasthan,West,Consumer
CUST12905,Customer_2905,40,Male,Pune,Telangana,East,Consumer
CUST12906,Customer_2906,60,Male,Pune,Karnataka,East,Consumer
CUST12907,Customer_2907,18,Female,Pune,Gujarat,North,Consumer
CUST12908,Customer_2908,62,Male,Chennai,Uttar Pradesh,North,consumer 
CUST12909,Customer_2909,68,Female,Delhi,,West,Small Business
CUST12910,Customer_2910,41, FEMALE,Ahmedabad,Telangana,South,Consumer
CUST12911,Customer_2911,52,Female,Lucknow,Gujarat,South,consumer 
CUST12912,Customer_2912,41,Female,Mumbai,Delhi,East,Corporate
CUST12913,Customer_2913,34,Male,Hyderabad,Telangana,North,Consumer
CUST12914,Customer_2914,22,Female,Jaipur,Tamil Nadu,West,Corporate
CUST12915,Customer_2915,37,Male,,Telangana,SOUTH,Consumer
CUST12916,Customer_2916,38,male ,Ahmedabad,West Bengal,South,Consumer
CUST12917,Customer_2917,57,Male,Ahmedabad,Maharashtra,SOUTH,Small Business
CUST12918,Customer_2918,48,Female,Mumbai,Gujarat, north ,Corporate
CUST12919,Customer_2919,63,Male,Ahmedabad,Tamil Nadu,North,Consumer
CUST12920,Customer_2920,53, FEMALE,Ahmedabad,Gujarat,North,Consumer
CUST12921,Customer_2921,28,Male,Hyderabad,Delhi,East,Consumer
CUST12922,Customer_2922,69,Female,Hyderabad,West Bengal,East,
CUST12923,Customer_2923,32,Male,Chennai,Telangana,,Consumer
CUST12924,Customer_2924,36,Female,Kolkata,Tamil Nadu,South,Corporate
CUST12925,Customer_2925,24, FEMALE,Bengaluru,Uttar Pradesh,South,Corporate
CUST12926,Customer_2926,68,Female,Delhi,Maharashtra,West,Consumer
CUST12927,Customer_2927,45,Female,Mumbai,Maharashtra,North,CORPORATE
CUST12928,Customer_2928,68,Other,Hyderabad,Rajasthan,West,Consumer
CUST12929,Customer_2929,60,Female,Bengaluru,Tamil Nadu,SOUTH,Corporate
CUST12930,Customer_2930,22,Female,Jaipur,Maharashtra,West,Small Business
CUST12931,Customer_2931,22,Female,Delhi,Tamil Nadu,North,Small Business
CUST12932,Customer_2932,47,Female,Ahmedabad,Telangana,North,Small Business
CUST12933,Customer_2933,49,Male,Ahmedabad,Rajasthan,East,Small Business
CUST12934,Customer_2934,25,male ,Ahmedabad,Delhi,SOUTH,Consumer
CUST12935,Customer_2935,27,Female,Jaipur,West Bengal,West,consumer 
CUST12936,Customer_2936,55,Male,Delhi,West Bengal,East,consumer 
CUST12937,Customer_2937,64,male ,Hyderabad,Uttar Pradesh,,Consumer
CUST12938,Customer_2938,49,Male,Mumbai,Gujarat,West,Corporate
CUST12939,Customer_2939,65,Male,,Telangana,West,Corporate
CUST12940,Customer_2940,45,Female,Bengaluru,Karnataka,SOUTH,Consumer
CUST12941,Customer_2941,34, FEMALE,Pune,Maharashtra,East,Consumer
CUST12942,Customer_2942,48, FEMALE,Jaipur,Karnataka,East,Consumer
CUST12943,Customer_2943,25,Other,Ahmedabad,Delhi,East,consumer 
CUST12944,Customer_2944,57, FEMALE,Jaipur,Uttar Pradesh,SOUTH,Corporate
CUST12945,Customer_2945,42,Male,Kolkata,Uttar Pradesh,West,consumer 
CUST12946,Customer_2946,26,Female,Chennai,Telangana,South,Small Business
CUST12947,Customer_2947,19,male ,Pune,Karnataka,West,Consumer
CUST12948,Customer_2948,32,Male,Delhi,Maharashtra, north ,Consumer
CUST12949,Customer_2949,67,Female,Ahmedabad,Gujarat,East,Corporate
CUST12950,Customer_2950,20,Female,Pune,Gujarat,East,CORPORATE
CUST12951,Customer_2951,66,Male,Delhi,Karnataka,West,Small Business
CUST12952,Customer_2952,53, FEMALE,Ahmedabad,West Bengal,West,Small Business
CUST12953,Customer_2953,21,Female,Chennai,Karnataka,North,Small Business
CUST12954,Customer_2954,31,Female,Ahmedabad,Maharashtra,West,Corporate
CUST12955,Customer_2955,58,,Lucknow,Delhi,South,Consumer
CUST12956,Customer_2956,58,Female,Lucknow,West Bengal,SOUTH,Consumer
CUST12957,Customer_2957,42,Male,Delhi,Maharashtra,,Corporate
CUST12958,Customer_2958,67,Female,Bengaluru,Delhi,South,Consumer
CUST12959,Customer_2959,27,male ,Ahmedabad,Maharashtra,SOUTH,Small Business
CUST12960,Customer_2960,38,male ,Ahmedabad,Karnataka,South,Consumer
CUST12961,Customer_2961,53,male ,Chennai,Rajasthan,West,Consumer
CUST12962,Customer_2962,29,Female,Hyderabad,Maharashtra,North,Small Business
CUST12963,Customer_2963,44,Male,Mumbai,Gujarat,North,Small Business
CUST12964,Customer_2964,57, FEMALE,Ahmedabad,Karnataka, north ,Consumer
CUST12965,Customer_2965,19, FEMALE,Mumbai,Karnataka, north ,
CUST12966,Customer_2966,30,Male,Mumbai,Maharashtra,East,Consumer
CUST12967,Customer_2967,49,Male,Kolkata,Karnataka,South,Small Business
CUST12968,Customer_2968,48,Other,Bengaluru,Delhi,South,consumer 
CUST12969,Customer_2969,33, FEMALE,Ahmedabad,Karnataka, north ,Consumer
CUST12970,Customer_2970,49, FEMALE,Delhi,Gujarat,North,consumer 
CUST12971,Customer_2971,49, FEMALE,Delhi,Rajasthan,South,Small Business
CUST12972,Customer_2972,51,Female,Chennai,Gujarat,West,Consumer
CUST12973,Customer_2973,28,Female,Chennai,Maharashtra,SOUTH,Corporate
CUST12974,Customer_2974,27,Female,Mumbai,Telangana,North,consumer 
CUST12975,Customer_2975,32,Male,Chennai,Maharashtra,West,Small Business
CUST12976,Customer_2976,34,Female,Hyderabad,Uttar Pradesh,West,Small Business
CUST12977,Customer_2977,57,Female,Ahmedabad,,South,Consumer
CUST12978,Customer_2978,35,Female,Delhi,Uttar Pradesh,West,Consumer
CUST12979,Customer_2979,26,Female,Ahmedabad,Delhi,West,Corporate
CUST12980,Customer_2980,42,Female,Pune,Karnataka,North,Corporate
CUST12981,Customer_2981,57,Male,Mumbai,Delhi,East,CORPORATE
CUST12982,Customer_2982,31,Male,Delhi,Delhi,West,Consumer
CUST12983,Customer_2983,42,Male,Chennai,Delhi,North,Consumer
CUST12984,Customer_2984,67,Male,Mumbai,Karnataka,East,Consumer
CUST12985,Customer_2985,39,Other,Bengaluru,Karnataka,North,Consumer
CUST12986,Customer_2986,69,Male,Bengaluru,Telangana,South,Consumer
CUST12987,Customer_2987,47,Male,Kolkata,Telangana,North,Corporate
CUST12988,Customer_2988,37,Female,Pune,Uttar Pradesh,East,Consumer
CUST12989,Customer_2989,38,Female,Delhi,Maharashtra,North,consumer 
CUST12990,Customer_2990,61,Male,Chennai,Maharashtra,South,Corporate
CUST12991,Customer_2991,49,male ,Lucknow,West Bengal,South,consumer 
CUST12992,Customer_2992,68,male ,Delhi,West Bengal,West,Consumer
CUST12993,Customer_2993,63,Male,Ahmedabad,Maharashtra,West,Corporate
CUST12994,Customer_2994,66,Male,Pune,Gujarat,North,Corporate
CUST12995,Customer_2995,38,Other,Ahmedabad,Karnataka,SOUTH,
CUST12996,Customer_2996,52,male ,Mumbai,Telangana,West,Small Business
CUST12997,Customer_2997,49,Female,,Telangana,East,Corporate
CUST12998,Customer_2998,47,Male,Kolkata,Karnataka,East,Corporate
CUST12999,Customer_2999,56,Female,Pune,Tamil Nadu,North,Consumer
CUST13000,Customer_3000,66,Female,Chennai,Telangana,SOUTH,Small Business
CUST13001,Customer_3001,29,Male,Delhi,Karnataka,North,
CUST13002,Customer_3002,58,Female,Ahmedabad,Gujarat,West,Consumer
CUST13003,Customer_3003,64,Female,Kolkata,Karnataka,East,Corporate
CUST13004,Customer_3004,35,Male,Delhi,Rajasthan, north ,Corporate
CUST13005,Customer_3005,38,male ,Delhi,Karnataka,South,consumer 
CUST13006,Customer_3006,30, FEMALE,Delhi,Telangana,,Consumer
CUST13007,Customer_3007,38,Male,Pune,Maharashtra,West,Consumer
CUST13008,Customer_3008,25,male ,Pune,Uttar Pradesh,North,Consumer
CUST13009,Customer_3009,63,Male,Chennai,Uttar Pradesh,North,Consumer
CUST13010,Customer_3010,57,male ,Bengaluru,Delhi,North,Small Business
CUST13011,Customer_3011,63,Male,Chennai,Delhi,,Consumer
CUST13012,Customer_3012,24,Male,Chennai,Gujarat,North,Corporate
CUST13013,Customer_3013,40,Female,Delhi,Gujarat,West,consumer 
CUST13014,Customer_3014,61,Female,Bengaluru,Tamil Nadu,West,Consumer
CUST13015,Customer_3015,49, FEMALE,Delhi,Tamil Nadu,SOUTH,Consumer
CUST13016,Customer_3016,28,Male,Ahmedabad,Uttar Pradesh,South,
CUST13017,Customer_3017,39,Male,Jaipur,Maharashtra,South,Corporate
CUST13018,Customer_3018,39,Female,,Rajasthan, north ,Consumer
CUST13019,Customer_3019,60,Female,Bengaluru,Tamil Nadu, north ,Consumer
CUST13020,Customer_3020,42,Male,Ahmedabad,Uttar Pradesh,West,
CUST13021,Customer_3021,39,Female,Pune,Delhi,South,Consumer
CUST13022,Customer_3022,45,Female,Chennai,West Bengal, north ,Small Business
CUST13023,Customer_3023,46, FEMALE,Mumbai,Tamil Nadu,North,Consumer
CUST13024,Customer_3024,30,Other,Jaipur,Gujarat,North,Consumer
CUST13025,Customer_3025,35,Male,Ahmedabad,Rajasthan,West,consumer 
CUST13026,Customer_3026,19,Female,Mumbai,Gujarat,East,Consumer
CUST13027,Customer_3027,46,Female,Mumbai,Gujarat,South,Consumer
CUST13028,Customer_3028,38,Female,Kolkata,Telangana,West,Corporate
CUST13029,Customer_3029,32,Female,Ahmedabad,Maharashtra,West,Corporate
CUST13030,Customer_3030,69,,Jaipur,West Bengal, north ,Consumer
CUST13031,Customer_3031,44,Female,Bengaluru,Gujarat,South,Consumer
CUST13032,Customer_3032,67,Other,Hyderabad,Delhi,North,Consumer
CUST13033,Customer_3033,48,male ,Hyderabad,Tamil Nadu,East,Consumer
CUST13034,Customer_3034,32, FEMALE,Lucknow,Maharashtra, north ,Consumer
CUST13035,Customer_3035,68,male ,Jaipur,Delhi,North,CORPORATE
CUST13036,Customer_3036,40,Female,Pune,Rajasthan,South,Consumer
CUST13037,Customer_3037,41,Male,Bengaluru,Rajasthan,South,Corporate
CUST13038,Customer_3038,61,Male,Ahmedabad,West Bengal,North,Consumer
CUST13039,Customer_3039,30,Male,Kolkata,Gujarat, north ,Consumer
CUST13040,Customer_3040,39,Female,Ahmedabad,Delhi,North,Consumer
CUST13041,Customer_3041,60,Female,,Maharashtra,West,Consumer
CUST13042,Customer_3042,54,Female,Lucknow,Gujarat,South,Consumer
CUST13043,Customer_3043,50,Other,Lucknow,Tamil Nadu,South,Corporate
CUST13044,Customer_3044,20,Other,Bengaluru,Karnataka,SOUTH,CORPORATE
CUST13045,Customer_3045,36,Male,Ahmedabad,Uttar Pradesh,West,Consumer
CUST13046,Customer_3046,40,Male,Delhi,Gujarat,West,Small Business
CUST13047,Customer_3047,46,Female,Jaipur,Rajasthan,West,Consumer
CUST13048,Customer_3048,47,Male,Ahmedabad,Uttar Pradesh,South,Consumer
CUST13049,Customer_3049,56,male ,Bengaluru,Karnataka,East,Consumer
CUST13050,Customer_3050,61,Female,Kolkata,Karnataka,South,Consumer
CUST13051,Customer_3051,64,Female,Pune,Gujarat,,Consumer
CUST13052,Customer_3052,42, FEMALE,Jaipur,West Bengal,East,Small Business
CUST13053,Customer_3053,54,male ,Ahmedabad,Maharashtra,South,Consumer
CUST13054,Customer_3054,64,Male,Pune,Tamil Nadu, north ,Corporate
CUST13055,Customer_3055,25,Female,Lucknow,Rajasthan,East,Corporate
CUST13056,Customer_3056,59,Female,Bengaluru,Maharashtra,East,Consumer
CUST13057,Customer_3057,33,Male,Mumbai,Rajasthan,North,Corporate
CUST13058,Customer_3058,25,Male,Hyderabad,Delhi, north ,Consumer
CUST13059,Customer_3059,18,Female,Kolkata,Karnataka,SOUTH,Consumer
CUST13060,Customer_3060,61,Male,Mumbai,Rajasthan,East,Small Business
CUST13061,Customer_3061,22,Male,Kolkata,Maharashtra,South,Consumer
CUST13062,Customer_3062,20,Female,Hyderabad,Maharashtra,South,Small Business
CUST13063,Customer_3063,18,male ,Lucknow,Gujarat,South,Consumer
CUST13064,Customer_3064,21,Male,Delhi,Rajasthan,East,Consumer
CUST13065,Customer_3065,57,Male,Kolkata,Tamil Nadu,North,Consumer
CUST13066,Customer_3066,52, FEMALE,Kolkata,Maharashtra,SOUTH,Corporate
CUST13067,Customer_3067,49,Male,Ahmedabad,Karnataka,North,Consumer
CUST13068,Customer_3068,59,Other,Jaipur,West Bengal,West,Consumer
CUST13069,Customer_3069,51,Female,Lucknow,Maharashtra,South,Consumer
CUST13070,Customer_3070,60,Male,Ahmedabad,Tamil Nadu,North,Consumer
CUST13071,Customer_3071,42,Male,Kolkata,Telangana,East,Small Business
CUST13072,Customer_3072,27,Male,Bengaluru,Tamil Nadu,West,Corporate
CUST13073,Customer_3073,38,Male,Ahmedabad,Maharashtra,West,Small Business
CUST13074,Customer_3074,63,Male,Jaipur,Maharashtra,South,Small Business
CUST13075,Customer_3075,56,Female,Hyderabad,Gujarat,South,Consumer
CUST13076,Customer_3076,44,Male,Jaipur,, north ,Consumer
CUST13077,Customer_3077,44,Female,Ahmedabad,Telangana,West,Consumer
CUST13078,Customer_3078,19,Female,Ahmedabad,Uttar Pradesh,West,Consumer
CUST13079,Customer_3079,58,Male,Ahmedabad,Rajasthan,South,Consumer
CUST13080,Customer_3080,65,Male,Bengaluru,Maharashtra,West,Consumer
CUST13081,Customer_3081,30,Male,Hyderabad,Karnataka,South,Consumer
CUST13082,Customer_3082,26,Male,Delhi,Karnataka,South,Consumer
CUST13083,Customer_3083,69,Female,Bengaluru,West Bengal,,Consumer
CUST13084,Customer_3084,53,Male,Ahmedabad,West Bengal,North,Consumer
CUST13085,Customer_3085,39,male ,Hyderabad,Gujarat,South,Consumer
CUST13086,Customer_3086,59,Female,Pune,Uttar Pradesh,North,Corporate
CUST13087,Customer_3087,43,Female,Kolkata,Gujarat,South,Small Business
CUST13088,Customer_3088,29,Female,Jaipur,Gujarat,West,Consumer
CUST13089,Customer_3089,34,Female,Mumbai,Uttar Pradesh,SOUTH,Small Business
CUST13090,Customer_3090,31,Male,Bengaluru,Karnataka,North,Consumer
CUST13091,Customer_3091,31,Male,Hyderabad,Maharashtra,South,Corporate
CUST13092,Customer_3092,51,Female,Hyderabad,West Bengal,East,Consumer
CUST13093,Customer_3093,37,Male,,Rajasthan,North,Consumer
CUST13094,Customer_3094,28,Female,Lucknow,Telangana,North,Small Business
CUST13095,Customer_3095,33,Female,Chennai,Gujarat,South,
CUST13096,Customer_3096,68,Female,Ahmedabad,Gujarat,East,Small Business
CUST13097,Customer_3097,48,Female,Bengaluru,West Bengal,West,Consumer
CUST13098,Customer_3098,23,Female,Jaipur,Telangana,,Consumer
CUST13099,Customer_3099,36,Female,Mumbai,Gujarat,West,Consumer
CUST13100,Customer_3100,54,Female,Jaipur,Delhi,North,Small Business
CUST13101,Customer_3101,21,Female,Chennai,Maharashtra,West,Consumer
CUST13102,Customer_3102,64,Female,Delhi,Gujarat,East,Small Business
CUST13103,Customer_3103,21, FEMALE,Bengaluru,Uttar Pradesh,South,Corporate
CUST13104,Customer_3104,37,Female,Hyderabad,Telangana,SOUTH,Small Business
CUST13105,Customer_3105,27,Female,Jaipur,Gujarat,West,Corporate
CUST13106,Customer_3106,41,male ,Delhi,Karnataka,West,Corporate
CUST13107,Customer_3107,52,Female,Kolkata,West Bengal,North,Consumer
CUST13108,Customer_3108,43,Male,Jaipur,West Bengal, north ,Small Business
CUST13109,Customer_3109,54, FEMALE,Kolkata,Maharashtra,West,consumer 
CUST13110,Customer_3110,55,Male,Jaipur,Karnataka,South,consumer 
CUST13111,Customer_3111,38,Female,Mumbai,Gujarat,South,Consumer
CUST13112,Customer_3112,57,Female,Pune,Maharashtra,North,Corporate
CUST13113,Customer_3113,56,Other,Ahmedabad,Maharashtra,North,
CUST13114,Customer_3114,38,Male,Pune,Tamil Nadu,West,Corporate
CUST13115,Customer_3115,27,Female,Pune,Delhi,North,Consumer
CUST13116,Customer_3116,55,Female,Jaipur,Gujarat,SOUTH,consumer 
CUST13117,Customer_3117,63,Male,Bengaluru,Maharashtra, north ,Consumer
CUST13118,Customer_3118,21,Male,Kolkata,West Bengal,South,Consumer
CUST13119,Customer_3119,62,Female,Ahmedabad,Karnataka,South,Consumer
CUST13120,Customer_3120,37,Female,Delhi,Uttar Pradesh,South,Consumer
CUST13121,Customer_3121,34,Male,Ahmedabad,West Bengal,North,Consumer
CUST13122,Customer_3122,24,Female,Mumbai,Telangana,North,Consumer
CUST13123,Customer_3123,21,Female,Chennai,,South,Corporate
CUST13124,Customer_3124,46,male ,Lucknow,Delhi,SOUTH,consumer 
CUST13125,Customer_3125,31, FEMALE,Lucknow,West Bengal,SOUTH,Small Business
CUST13126,Customer_3126,20,Female,Ahmedabad,,West,consumer 
CUST13127,Customer_3127,41,Other,Ahmedabad,Rajasthan,West,Consumer
CUST13128,Customer_3128,54, FEMALE,Hyderabad,Uttar Pradesh, north ,Consumer
CUST13129,Customer_3129,33,Male,Kolkata,Delhi,East,Corporate
CUST13130,Customer_3130,69,Male,Hyderabad,Delhi,North,Small Business
CUST13131,Customer_3131,21,Female,Hyderabad,Delhi,West,Corporate
CUST13132,Customer_3132,41,Female,Hyderabad,,SOUTH,Consumer
CUST13133,Customer_3133,51,Female,Jaipur,,North,Consumer
CUST13134,Customer_3134,47,Female,Chennai,Karnataka,South,Consumer
CUST13135,Customer_3135,35,Female,Lucknow,Karnataka,South,Consumer
CUST13136,Customer_3136,36,Female,Jaipur,Maharashtra,North,consumer 
CUST13137,Customer_3137,48,Male,Delhi,Karnataka,North,Corporate
CUST13138,Customer_3138,36, FEMALE,Kolkata,Telangana,South,Small Business
CUST13139,Customer_3139,66,Male,Hyderabad,Uttar Pradesh,SOUTH,Consumer
CUST13140,Customer_3140,63,Other,Chennai,Gujarat, north ,Corporate
CUST13141,Customer_3141,36,Male,Lucknow,Uttar Pradesh,SOUTH,CORPORATE
CUST13142,Customer_3142,39,Other,Pune,Rajasthan,North,Consumer
CUST13143,Customer_3143,41,Male,Ahmedabad,Uttar Pradesh,North,Consumer
CUST13144,Customer_3144,62,Male,Jaipur,Uttar Pradesh,North,Consumer
CUST13145,Customer_3145,29,Male,Pune,Tamil Nadu,SOUTH,Consumer
CUST13146,Customer_3146,47,Female,Jaipur,Karnataka,North,Corporate
CUST13147,Customer_3147,55, FEMALE,Delhi,Karnataka,East,Consumer
CUST13148,Customer_3148,48,Female,Delhi,Rajasthan,North,Corporate
CUST13149,Customer_3149,53,Other,Delhi,Gujarat,North,Corporate
CUST13150,Customer_3150,36,Female,Hyderabad,West Bengal,North,Consumer
CUST13151,Customer_3151,65,Female,Mumbai,Gujarat,West,CORPORATE
CUST13152,Customer_3152,62, FEMALE,,Delhi,North,Consumer
CUST13153,Customer_3153,53,Male,Pune,Uttar Pradesh,North,Corporate
CUST13154,Customer_3154,47,Male,Kolkata,Gujarat,South,Consumer
CUST13155,Customer_3155,66, FEMALE,Bengaluru,West Bengal,West,consumer 
CUST13156,Customer_3156,50, FEMALE,Bengaluru,Gujarat,East,CORPORATE
CUST13157,Customer_3157,35,Other,Bengaluru,West Bengal,SOUTH,Consumer
CUST13158,Customer_3158,69, FEMALE,Kolkata,Karnataka,South,Consumer
CUST13159,Customer_3159,66,Male,Chennai,Maharashtra,North,Small Business
CUST13160,Customer_3160,45,male ,Chennai,Tamil Nadu,East,Consumer
CUST13161,Customer_3161,64,Female,Pune,Gujarat,South,Small Business
CUST13162,Customer_3162,28,,Jaipur,Delhi,West,consumer 
CUST13163,Customer_3163,62,Female,Delhi,West Bengal,SOUTH,Corporate
CUST13164,Customer_3164,50,Female,Jaipur,Uttar Pradesh,West,consumer 
CUST13165,Customer_3165,34,Female,Pune,Maharashtra,South,Consumer
CUST13166,Customer_3166,23,Male,Kolkata,Maharashtra,North,consumer 
CUST13167,Customer_3167,21,Male,Bengaluru,Telangana,SOUTH,Consumer
CUST13168,Customer_3168,37, FEMALE,Hyderabad,Karnataka,South,Consumer
CUST13169,Customer_3169,65,male ,Mumbai,Maharashtra,West,consumer 
CUST13170,Customer_3170,64,Male,Ahmedabad,Maharashtra,,Corporate
CUST13171,Customer_3171,44,male ,Chennai,Maharashtra,East,Small Business
CUST13172,Customer_3172,32,Female,,West Bengal,East,Small Business
CUST13173,Customer_3173,23,Female,Chennai,Rajasthan,West,Corporate
CUST13174,Customer_3174,64,Male,Mumbai,Rajasthan,North,Consumer
CUST13175,Customer_3175,31, FEMALE,Chennai,Tamil Nadu,East,Small Business
CUST13176,Customer_3176,28,Female,Delhi,Gujarat,South,Consumer
CUST13177,Customer_3177,56,Female,Ahmedabad,Gujarat,North,Consumer
CUST13178,Customer_3178,26,Female,Lucknow,Gujarat,East,Corporate
CUST13179,Customer_3179,43,Male,Jaipur,Telangana,,consumer 
CUST13180,Customer_3180,33,Female,Pune,Gujarat,West,Small Business
CUST13181,Customer_3181,22,Male,Pune,Uttar Pradesh, north ,Consumer
CUST13182,Customer_3182,69,Male,,Karnataka,North,Small Business
CUST13183,Customer_3183,27,Female,Bengaluru,Maharashtra,West,CORPORATE
CUST13184,Customer_3184,67,Other,Jaipur,Rajasthan,South,Consumer
CUST13185,Customer_3185,20,Female,Pune,Maharashtra,West,Consumer
CUST13186,Customer_3186,30,Male,Ahmedabad,Karnataka, north ,Consumer
CUST13187,Customer_3187,60,Female,Lucknow,Tamil Nadu,South,Consumer
CUST13188,Customer_3188,66, FEMALE,,Rajasthan,East,Consumer
CUST13189,Customer_3189,47,Female,Pune,Gujarat,East,Corporate
CUST13190,Customer_3190,62, FEMALE,Mumbai,West Bengal,West,Small Business
CUST13191,Customer_3191,23,Female,Chennai,Rajasthan,West,Corporate
CUST13192,Customer_3192,34,Female,Jaipur,Karnataka,West,
CUST13193,Customer_3193,62,Male,Jaipur,Rajasthan,South,Consumer
CUST13194,Customer_3194,68,Male,Delhi,Telangana,West,Consumer
CUST13195,Customer_3195,36,Female,Chennai,Gujarat,,Consumer
CUST13196,Customer_3196,59,Female,Mumbai,Telangana,South,CORPORATE
CUST13197,Customer_3197,52,Other,Ahmedabad,Tamil Nadu,South,Consumer
CUST13198,Customer_3198,63, FEMALE,Mumbai,Telangana,South,Consumer
CUST13199,Customer_3199,43,Male,Kolkata,Uttar Pradesh,North,Small Business
CUST13200,Customer_3200,68,Male,Bengaluru,Gujarat,North,Consumer
CUST13201,Customer_3201,22,Male,Hyderabad,Karnataka,North,Small Business
CUST13202,Customer_3202,46,Male,Ahmedabad,Tamil Nadu, north ,Consumer
CUST13203,Customer_3203,54,Female,Bengaluru,Rajasthan, north ,Small Business
CUST13204,Customer_3204,37, FEMALE,Delhi,Gujarat, north ,Corporate
CUST13205,Customer_3205,66,Other,Delhi,Tamil Nadu,West,Consumer
CUST13206,Customer_3206,38,Female,Chennai,Maharashtra,North,Consumer
CUST13207,Customer_3207,27,male ,Kolkata,Telangana,East,Consumer
CUST13208,Customer_3208,22,Female,Bengaluru,Tamil Nadu, north ,Small Business
CUST13209,Customer_3209,53,Male,Kolkata,Telangana,West,Corporate
CUST13210,Customer_3210,23,Female,Delhi,Maharashtra,North,Small Business
CUST13211,Customer_3211,43,Female,Lucknow,Delhi,South,Consumer
CUST13212,Customer_3212,21,Female,Lucknow,Rajasthan,North,Small Business
CUST13213,Customer_3213,56,Male,,,South,Consumer
CUST13214,Customer_3214,56,Male,Ahmedabad,Gujarat,South,Consumer
CUST13215,Customer_3215,67,Male,Hyderabad,Rajasthan, north ,Consumer
CUST13216,Customer_3216,52,Other,Hyderabad,Gujarat,West,Small Business
CUST13217,Customer_3217,18,Female,Jaipur,Karnataka,South,Corporate
CUST13218,Customer_3218,41,Female,Mumbai,West Bengal,East,Consumer
CUST13219,Customer_3219,53,Female,Bengaluru,Delhi,West,consumer 
CUST13220,Customer_3220,23,Male,Delhi,Rajasthan,South,Corporate
CUST13221,Customer_3221,58,Female,Chennai,Gujarat,East,Corporate
CUST13222,Customer_3222,63, FEMALE,Pune,Gujarat,South,
CUST13223,Customer_3223,61,Female,Mumbai,Tamil Nadu,,Corporate
CUST13224,Customer_3224,48,Other,Delhi,Uttar Pradesh,North,Small Business
CUST13225,Customer_3225,37,Male,Jaipur,Gujarat, north ,Consumer
CUST13226,Customer_3226,41,Male,Delhi,Maharashtra,North,Consumer
CUST13227,Customer_3227,42, FEMALE,Ahmedabad,Uttar Pradesh,North,Small Business
CUST13228,Customer_3228,53, FEMALE,Mumbai,Karnataka,South,CORPORATE
CUST13229,Customer_3229,38,,Kolkata,Gujarat,West,Consumer
CUST13230,Customer_3230,47,Female,Hyderabad,Delhi,West,Corporate
CUST13231,Customer_3231,41,Other,Delhi,Maharashtra,North,Consumer
CUST13232,Customer_3232,61,male ,Chennai,Uttar Pradesh,North,
CUST13233,Customer_3233,59, FEMALE,Chennai,Maharashtra,West,consumer 
CUST13234,Customer_3234,47,Female,Lucknow,Maharashtra,West,Consumer
CUST13235,Customer_3235,39,Female,Jaipur,Tamil Nadu,West,Small Business
CUST13236,Customer_3236,45,Other,Delhi,Uttar Pradesh,West,Corporate
CUST13237,Customer_3237,24,Female,Mumbai,Karnataka,West,Consumer
CUST13238,Customer_3238,52,Female,Bengaluru,Gujarat,South,Consumer
CUST13239,Customer_3239,45,Female,Delhi,Uttar Pradesh,East,Consumer
CUST13240,Customer_3240,31,Female,Chennai,West Bengal,West,consumer 
CUST13241,Customer_3241,27,Female,,Rajasthan,North,Consumer
CUST13242,Customer_3242,33,Male,Chennai,Delhi,South,consumer 
CUST13243,Customer_3243,33, FEMALE,Jaipur,Telangana,West,CORPORATE
CUST13244,Customer_3244,48,Female,Kolkata,Karnataka,East,Consumer
CUST13245,Customer_3245,59,Female,Lucknow,Maharashtra,West,Small Business
CUST13246,Customer_3246,42,Male,Mumbai,Telangana,South,Corporate
CUST13247,Customer_3247,30,Male,Jaipur,Karnataka,North,CORPORATE
CUST13248,Customer_3248,23,Male,Ahmedabad,Uttar Pradesh,North,Small Business
CUST13249,Customer_3249,61,Female,Mumbai,West Bengal,SOUTH,Small Business
CUST13250,Customer_3250,26,Male,,Gujarat,SOUTH,CORPORATE
CUST13251,Customer_3251,62, FEMALE,Ahmedabad,Maharashtra,North,Consumer
CUST13252,Customer_3252,53,Male,Jaipur,Delhi,North,Consumer
CUST13253,Customer_3253,60,Male,Bengaluru,Tamil Nadu,North,consumer 
CUST13254,Customer_3254,37,Male,Pune,Delhi,South,Consumer
CUST13255,Customer_3255,35,Male,Hyderabad,Uttar Pradesh,South,CORPORATE
CUST13256,Customer_3256,60,male ,Chennai,Tamil Nadu,South,Small Business
CUST13257,Customer_3257,38, FEMALE,Hyderabad,Tamil Nadu,West,Consumer
CUST13258,Customer_3258,21,Female,Bengaluru,Telangana,West,Consumer
CUST13259,Customer_3259,67,Male,Kolkata,Telangana,,Consumer
CUST13260,Customer_3260,50,Male,Jaipur,Telangana,West,Consumer
CUST13261,Customer_3261,44,Female,Ahmedabad,Delhi,East,Consumer
CUST13262,Customer_3262,24,Other,Mumbai,Delhi,North,consumer 
CUST13263,Customer_3263,23,Male,Lucknow,Tamil Nadu,West,Corporate
CUST13264,Customer_3264,32,Female,Bengaluru,Maharashtra,North,Consumer
CUST13265,Customer_3265,35,Female,,Uttar Pradesh,North,Consumer
CUST13266,Customer_3266,49,Male,Ahmedabad,Karnataka,North,Consumer
CUST13267,Customer_3267,28,Female,Chennai,Delhi,SOUTH,
CUST13268,Customer_3268,37,Male,Mumbai,Maharashtra,West,Consumer
CUST13269,Customer_3269,41,male ,Mumbai,Karnataka,South,Consumer
CUST13270,Customer_3270,32,Male,Chennai,Delhi,West,Small Business
CUST13271,Customer_3271,65,Female,Jaipur,Maharashtra,North,Corporate
CUST13272,Customer_3272,24,Male,,Karnataka,SOUTH,Consumer
CUST13273,Customer_3273,38,Other,Jaipur,Karnataka,West,
CUST13274,Customer_3274,59,Male,Ahmedabad,Uttar Pradesh,East,Corporate
CUST13275,Customer_3275,43, FEMALE,Jaipur,Gujarat,,Consumer
CUST13276,Customer_3276,61,male ,Ahmedabad,Maharashtra,West,consumer 
CUST13277,Customer_3277,31,Other,Delhi,Maharashtra, north ,Consumer
CUST13278,Customer_3278,54,Female,Ahmedabad,West Bengal,West,Consumer
CUST13279,Customer_3279,38,Female,Hyderabad,Uttar Pradesh,North,Small Business
CUST13280,Customer_3280,35,Male,Ahmedabad,Gujarat,South,
CUST13281,Customer_3281,22,Male,Delhi,Delhi,North,Consumer
CUST13282,Customer_3282,20,Female,Jaipur,Telangana,North,Consumer
CUST13283,Customer_3283,40,Male,Jaipur,Uttar Pradesh,South,Corporate
CUST13284,Customer_3284,43,,,Uttar Pradesh,North,CORPORATE
CUST13285,Customer_3285,54,Male,Jaipur,Delhi,South,Corporate
CUST13286,Customer_3286,41,Female,Hyderabad,Rajasthan,West,Corporate
CUST13287,Customer_3287,66,Female,Pune,Karnataka, north ,Consumer
CUST13288,Customer_3288,36,Female,Hyderabad,Delhi,North,Corporate
CUST13289,Customer_3289,68,Female,Mumbai,Tamil Nadu,North,consumer 
CUST13290,Customer_3290,42,Male,Bengaluru,Maharashtra,North,Consumer
CUST13291,Customer_3291,38,Female,Mumbai,Uttar Pradesh, north ,Consumer
CUST13292,Customer_3292,29,Male,Pune,Uttar Pradesh,East,Corporate
CUST13293,Customer_3293,58,Other,Ahmedabad,Gujarat,,Consumer
CUST13294,Customer_3294,50,male ,Ahmedabad,Telangana, north ,Consumer
CUST13295,Customer_3295,67,Other,Delhi,Delhi, north ,Consumer
CUST13296,Customer_3296,21,Male,,Karnataka,North,Consumer
CUST13297,Customer_3297,59,Male,Bengaluru,Tamil Nadu,East,Small Business
CUST13298,Customer_3298,24,Male,Bengaluru,Rajasthan,,Consumer
CUST13299,Customer_3299,39,Male,Delhi,Telangana,North,CORPORATE
CUST13300,Customer_3300,50,Male,Hyderabad,Tamil Nadu,East,Small Business
CUST13301,Customer_3301,34,Female,Pune,Tamil Nadu,South,Consumer
CUST13302,Customer_3302,41,Male,Pune,Maharashtra,South,Consumer
CUST13303,Customer_3303,51,Female,Pune,West Bengal,,Small Business
CUST13304,Customer_3304,45, FEMALE,Bengaluru,Telangana,East,Consumer
CUST13305,Customer_3305,60,Female,Kolkata,Uttar Pradesh,West,CORPORATE
CUST13306,Customer_3306,58,Female,Lucknow,Rajasthan,West,Consumer
CUST13307,Customer_3307,56,Male,Bengaluru,Maharashtra,East,Consumer
CUST13308,Customer_3308,39,Female,Delhi,Tamil Nadu,West,Consumer
CUST13309,Customer_3309,66,Male,Bengaluru,Rajasthan,,Corporate
CUST13310,Customer_3310,34,Female,Mumbai,Delhi,SOUTH,Small Business
CUST13311,Customer_3311,51,Male,,Uttar Pradesh,West,Consumer
CUST13312,Customer_3312,23, FEMALE,Mumbai,Maharashtra,East,Corporate
CUST13313,Customer_3313,63,Female,Chennai,Tamil Nadu,North,Consumer
CUST13314,Customer_3314,23,Female,Mumbai,Gujarat,North,Corporate
CUST13315,Customer_3315,51,Male,Jaipur,West Bengal,South,Consumer
CUST13316,Customer_3316,18,Male,Delhi,Telangana,South,Corporate
CUST13317,Customer_3317,27,male ,Pune,Delhi,North,Corporate
CUST13318,Customer_3318,38,Female,Mumbai,Maharashtra,North,Consumer
CUST13319,Customer_3319,22,Male,Delhi,West Bengal,North,Small Business
CUST13320,Customer_3320,19,Male,Ahmedabad,Tamil Nadu,East,Corporate
CUST13321,Customer_3321,39,Male,Kolkata,Telangana,North,Corporate
CUST13322,Customer_3322,65,male ,Delhi,Gujarat,West,Corporate
CUST13323,Customer_3323,19,Male,Kolkata,Karnataka,South,Small Business
CUST13324,Customer_3324,27,Female,Pune,Tamil Nadu,West,Corporate
CUST13325,Customer_3325,51,Female,Chennai,West Bengal, north ,CORPORATE
CUST13326,Customer_3326,33,Female,Hyderabad,Tamil Nadu,North,CORPORATE
CUST13327,Customer_3327,65, FEMALE,Ahmedabad,Tamil Nadu,,Small Business
CUST13328,Customer_3328,68, FEMALE,Bengaluru,Karnataka,West,consumer 
CUST13329,Customer_3329,56,Female,Hyderabad,Gujarat,North,CORPORATE
CUST13330,Customer_3330,39,Male,Bengaluru,Telangana,South,Consumer
CUST13331,Customer_3331,29,Female,Jaipur,Tamil Nadu, north ,
CUST13332,Customer_3332,41,Female,Ahmedabad,Rajasthan,East,Consumer
CUST13333,Customer_3333,64,Female,Lucknow,Delhi,South,Consumer
CUST13334,Customer_3334,57,Female,Lucknow,Uttar Pradesh,SOUTH,CORPORATE
CUST13335,Customer_3335,55,Male,,Tamil Nadu,West,Consumer
CUST13336,Customer_3336,27,Female,Kolkata,Rajasthan,,Corporate
CUST13337,Customer_3337,52,Male,Jaipur,Uttar Pradesh, north ,
CUST13338,Customer_3338,68,Female,,Gujarat,West,Consumer
CUST13339,Customer_3339,66,Male,Delhi,Telangana,South,Consumer
CUST13340,Customer_3340,49,Female,Kolkata,Uttar Pradesh,East,Corporate
CUST13341,Customer_3341,24,Male,Jaipur,Karnataka, north ,Small Business
CUST13342,Customer_3342,38,Female,Ahmedabad,Rajasthan,North,Small Business
CUST13343,Customer_3343,37,Female,Ahmedabad,Maharashtra,North,consumer 
CUST13344,Customer_3344,43,Male,Lucknow,Delhi,North,Consumer
CUST13345,Customer_3345,21,male ,Ahmedabad,Delhi,North,Consumer
CUST13346,Customer_3346,63,Female,Chennai,Karnataka,North,Small Business
CUST13347,Customer_3347,69,Female,Delhi,Delhi,West,Small Business
CUST13348,Customer_3348,39,Male,Delhi,West Bengal,West,Consumer
CUST13349,Customer_3349,32,Female,Pune,Karnataka,North,Consumer
CUST13350,Customer_3350,57,Female,Hyderabad,Uttar Pradesh,West,Consumer
CUST13351,Customer_3351,38,Female,Chennai,Delhi,West,consumer 
CUST13352,Customer_3352,32,Female,Hyderabad,Maharashtra,South,consumer 
CUST13353,Customer_3353,39,Female,Ahmedabad,Telangana,North,Consumer
CUST13354,Customer_3354,69,Male,Hyderabad,Telangana,South,Consumer
CUST13355,Customer_3355,45,Male,Lucknow,Maharashtra,West,Consumer
CUST13356,Customer_3356,31,Male,Ahmedabad,,South,
CUST13357,Customer_3357,44,Male,Chennai,Karnataka,South,CORPORATE
CUST13358,Customer_3358,58,Female,Hyderabad,Uttar Pradesh,North,Corporate
CUST13359,Customer_3359,57,male ,Jaipur,Maharashtra, north ,Consumer
CUST13360,Customer_3360,45,Male,Kolkata,Gujarat,West,Consumer
CUST13361,Customer_3361,43,Other,Bengaluru,Telangana,East,Consumer
CUST13362,Customer_3362,66,Female,Delhi,Gujarat,SOUTH,CORPORATE
CUST13363,Customer_3363,19,Other,Bengaluru,Karnataka,South,Consumer
CUST13364,Customer_3364,42,Female,Mumbai,Delhi,West,Small Business
CUST13365,Customer_3365,20,Female,Bengaluru,Tamil Nadu,South,Consumer
CUST13366,Customer_3366,25,Male,Bengaluru,Tamil Nadu,South,Corporate
CUST13367,Customer_3367,61,Male,Kolkata,Maharashtra, north ,Small Business
CUST13368,Customer_3368,50,Male,Ahmedabad,Maharashtra,West,Small Business
CUST13369,Customer_3369,59,Female,Kolkata,Uttar Pradesh,South,Small Business
CUST13370,Customer_3370,69,Male,Ahmedabad,Delhi,North,Small Business
CUST13371,Customer_3371,52,male ,Jaipur,Tamil Nadu,,Consumer
CUST13372,Customer_3372,23,Male,Jaipur,Tamil Nadu,West,Consumer
CUST13373,Customer_3373,56,male ,Hyderabad,Rajasthan,North,Small Business
CUST13374,Customer_3374,69,Male,Bengaluru,Delhi,West,Consumer
CUST13375,Customer_3375,40,Male,Lucknow,West Bengal, north ,Corporate
CUST13376,Customer_3376,42,Male,Ahmedabad,Delhi,North,CORPORATE
CUST13377,Customer_3377,67,Female,Chennai,Karnataka, north ,consumer 
CUST13378,Customer_3378,60,Male,Delhi,Tamil Nadu,North,Small Business
CUST13379,Customer_3379,36,male ,Lucknow,Gujarat,West,Consumer
CUST13380,Customer_3380,22,Male,Bengaluru,Maharashtra,West,consumer 
CUST13381,Customer_3381,68,Male,Delhi,Maharashtra,South,consumer 
CUST13382,Customer_3382,28,male ,Lucknow,Rajasthan,North,Corporate
CUST13383,Customer_3383,29,Male,Chennai,Telangana,SOUTH,Consumer
CUST13384,Customer_3384,27,Other,Kolkata,West Bengal,North,Corporate
CUST13385,Customer_3385,25,,Ahmedabad,,East,Small Business
CUST13386,Customer_3386,41,Male,Pune,,South,Small Business
CUST13387,Customer_3387,45,Male,Chennai,Karnataka,East,Consumer
CUST13388,Customer_3388,58,Male,Bengaluru,Tamil Nadu,East,Consumer
CUST13389,Customer_3389,53,male ,Bengaluru,Gujarat,East,Small Business
CUST13390,Customer_3390,54,Female,Lucknow,Delhi,North,Small Business
CUST13391,Customer_3391,38,Female,Hyderabad,Telangana,West,Corporate
CUST13392,Customer_3392,25,Female,Mumbai,Telangana,North,Consumer
CUST13393,Customer_3393,26,Male,Delhi,Karnataka,North,Corporate
CUST13394,Customer_3394,64,male ,Chennai,,East,Consumer
CUST13395,Customer_3395,32,Female,Chennai,Uttar Pradesh,East,Consumer
CUST13396,Customer_3396,65,Female,Kolkata,Telangana,South,Corporate
CUST13397,Customer_3397,63, FEMALE,Chennai,Uttar Pradesh,East,Consumer
CUST13398,Customer_3398,57,Female,Mumbai,Tamil Nadu,East,Small Business
CUST13399,Customer_3399,35,Male,Chennai,Gujarat,South,Small Business
CUST13400,Customer_3400,59,Female,Ahmedabad,Karnataka,West,Small Business
CUST13401,Customer_3401,37,Female,Mumbai,Maharashtra,SOUTH,consumer 
CUST13402,Customer_3402,23,Male,Kolkata,Karnataka,East,Consumer
CUST13403,Customer_3403,29,Other,Pune,Tamil Nadu,West,Consumer
CUST13404,Customer_3404,19,Male,Jaipur,Karnataka,South,Consumer
CUST13405,Customer_3405,24,Female,Mumbai,Maharashtra,West,Small Business
CUST13406,Customer_3406,33,Female,Ahmedabad,,West,Corporate
CUST13407,Customer_3407,20,Male,Pune,Gujarat,West,Consumer
CUST13408,Customer_3408,62,Other,Lucknow,West Bengal, north ,Consumer
CUST13409,Customer_3409,20, FEMALE,Bengaluru,Gujarat,South,consumer 
CUST13410,Customer_3410,44,Female,Jaipur,Gujarat,South,Small Business
CUST13411,Customer_3411,67,Male,Jaipur,Rajasthan,North,Corporate
CUST13412,Customer_3412,60,Male,Hyderabad,Tamil Nadu,West,CORPORATE
CUST13413,Customer_3413,57,Male,Hyderabad,Gujarat, north ,consumer 
CUST13414,Customer_3414,55,Male,Kolkata,West Bengal,South,Consumer
CUST13415,Customer_3415,50,Female,Delhi,Maharashtra,South,Corporate
CUST13416,Customer_3416,45,Other,Jaipur,Telangana,West,Corporate
CUST13417,Customer_3417,18,Female,Delhi,Telangana,North,consumer 
CUST13418,Customer_3418,25, FEMALE,Mumbai,Gujarat,South,Consumer
CUST13419,Customer_3419,54,Female,Kolkata,Rajasthan,South,Consumer
CUST13420,Customer_3420,49,Female,Delhi,Gujarat,East,Corporate
CUST13421,Customer_3421,65, FEMALE,Ahmedabad,Uttar Pradesh,East,CORPORATE
CUST13422,Customer_3422,60,Female,Ahmedabad,Karnataka,North,consumer 
CUST13423,Customer_3423,54, FEMALE,Pune,Rajasthan,East,Corporate
CUST13424,Customer_3424,21,Male,Lucknow,Maharashtra,SOUTH,Corporate
CUST13425,Customer_3425,47,Male,Ahmedabad,Telangana,North,consumer 
CUST13426,Customer_3426,23, FEMALE,Bengaluru,Uttar Pradesh,West,Small Business
CUST13427,Customer_3427,63,Female,Lucknow,West Bengal,West,consumer 
CUST13428,Customer_3428,36, FEMALE,Mumbai,Uttar Pradesh,SOUTH,consumer 
CUST13429,Customer_3429,49,Other,Hyderabad,Karnataka,West,Small Business
CUST13430,Customer_3430,26,Male,Pune,Uttar Pradesh,West,Consumer
CUST13431,Customer_3431,29,Female,Jaipur,Maharashtra,West,Consumer
CUST13432,Customer_3432,28,Male,Delhi,Tamil Nadu,,Consumer
CUST13433,Customer_3433,63,Female,Bengaluru,Telangana,East,Corporate
CUST13434,Customer_3434,33,male ,Pune,Tamil Nadu,East,Consumer
CUST13435,Customer_3435,18,Male,Hyderabad,Maharashtra,South,Consumer
CUST13436,Customer_3436,62,Female,Jaipur,Telangana,North,Consumer
CUST13437,Customer_3437,38,Female,Kolkata,Rajasthan,South,CORPORATE
CUST13438,Customer_3438,47,Male,Mumbai,Tamil Nadu,South,Consumer
CUST13439,Customer_3439,30,male ,Mumbai,Tamil Nadu,West,Consumer
CUST13440,Customer_3440,51,Female,Pune,Tamil Nadu,SOUTH,Consumer
CUST13441,Customer_3441,21,Other,Chennai,Gujarat,South,Consumer
CUST13442,Customer_3442,45,Male,Mumbai,Gujarat,North,CORPORATE
CUST13443,Customer_3443,55,Male,Bengaluru,Telangana,,CORPORATE
CUST13444,Customer_3444,48,Female,Bengaluru,Karnataka,West,Corporate
CUST13445,Customer_3445,44,Male,Delhi,Tamil Nadu, north ,Corporate
CUST13446,Customer_3446,22,Other,Pune,Delhi,North,Small Business
CUST13447,Customer_3447,42,Male,Jaipur,Karnataka,West,Consumer
CUST13448,Customer_3448,20,Female,Pune,Maharashtra,West,Consumer
CUST13449,Customer_3449,50,Female,Lucknow,Maharashtra,North,Corporate
CUST13450,Customer_3450,21,Male,Mumbai,West Bengal,North,consumer 
CUST13451,Customer_3451,42,Male,Hyderabad,Telangana,South,Small Business
CUST13452,Customer_3452,37,Female,Pune,Maharashtra,North,Consumer
CUST13453,Customer_3453,51,Female,Kolkata,Gujarat,,consumer 
CUST13454,Customer_3454,43,Male,Kolkata,Gujarat,South,Corporate
CUST13455,Customer_3455,22,Other,Jaipur,Gujarat,West,Small Business
CUST13456,Customer_3456,52,Male,Kolkata,Telangana,West,Consumer
CUST13457,Customer_3457,45,Female,Delhi,Delhi,South,Consumer
CUST13458,Customer_3458,46,Female,Kolkata,Maharashtra,West,Consumer
CUST13459,Customer_3459,26,Male,Jaipur,Karnataka,North,CORPORATE
CUST13460,Customer_3460,69,Other,,Maharashtra,South,Consumer
CUST13461,Customer_3461,55,Male,Kolkata,Gujarat,SOUTH,Corporate
CUST13462,Customer_3462,67,Male,Kolkata,,North,Consumer
CUST13463,Customer_3463,23,Female,Chennai,Uttar Pradesh,South,Consumer
CUST13464,Customer_3464,36,Female,Ahmedabad,Uttar Pradesh,West,Consumer
CUST13465,Customer_3465,61,Female,,West Bengal,West,Consumer
CUST13466,Customer_3466,28,Female,Jaipur,Uttar Pradesh,West,Consumer
CUST13467,Customer_3467,19,Male,Pune,Gujarat, north ,Consumer
CUST13468,Customer_3468,64,Male,Delhi,West Bengal,North,Consumer
CUST13469,Customer_3469,61,male ,Jaipur,Maharashtra,West,Consumer
CUST13470,Customer_3470,61,Male,Kolkata,Maharashtra, north ,Small Business
CUST13471,Customer_3471,26, FEMALE,Jaipur,West Bengal,North,Consumer
CUST13472,Customer_3472,38,Male,Mumbai,Karnataka,East,Consumer
CUST13473,Customer_3473,41,male ,Kolkata,Gujarat,South,Corporate
CUST13474,Customer_3474,51,Male,Bengaluru,West Bengal,North,Consumer
CUST13475,Customer_3475,39,Female,Jaipur,Rajasthan,South,consumer 
CUST13476,Customer_3476,20,Male,Bengaluru,Delhi,West,Consumer
CUST13477,Customer_3477,29,Male,Kolkata,Tamil Nadu,,CORPORATE
CUST13478,Customer_3478,45,Male,Bengaluru,Telangana,West,Consumer
CUST13479,Customer_3479,47,Male,Delhi,Rajasthan, north ,Consumer
CUST13480,Customer_3480,43,Male,,Telangana,North,Corporate
CUST13481,Customer_3481,65,Female,Delhi,,North,Consumer
CUST13482,Customer_3482,38,Female,Kolkata,Rajasthan,,Corporate
CUST13483,Customer_3483,45,male ,Ahmedabad,Rajasthan, north ,Consumer
CUST13484,Customer_3484,43,Female,Ahmedabad,Gujarat,South,Consumer
CUST13485,Customer_3485,50,Female,Mumbai,,West,consumer 
CUST13486,Customer_3486,38,Female,Lucknow,Maharashtra,South,Consumer
CUST13487,Customer_3487,52,Female,Hyderabad,Uttar Pradesh,East,Corporate
CUST13488,Customer_3488,69,Female,Ahmedabad,Maharashtra, north ,Consumer
CUST13489,Customer_3489,51, FEMALE,Jaipur,Telangana,West,Corporate
CUST13490,Customer_3490,58,Male,Delhi,Maharashtra,South,Consumer
CUST13491,Customer_3491,68,Male,Hyderabad,West Bengal,South,Corporate
CUST13492,Customer_3492,64,Female,Bengaluru,Tamil Nadu,South,Consumer
CUST13493,Customer_3493,35,Male,Jaipur,West Bengal,West,
CUST13494,Customer_3494,28, FEMALE,Hyderabad,Rajasthan,East,Small Business
CUST13495,Customer_3495,40, FEMALE,Kolkata,West Bengal,SOUTH,Consumer
CUST13496,Customer_3496,65,Male,Pune,Karnataka,West,Corporate
CUST13497,Customer_3497,39,Male,Ahmedabad,Uttar Pradesh,North,Small Business
CUST13498,Customer_3498,34,Female,Ahmedabad,Tamil Nadu,West,Corporate
CUST13499,Customer_3499,22,Female,,Tamil Nadu,East,Consumer
CUST13500,Customer_3500,61,Male,Jaipur,,South,Consumer
CUST13501,Customer_3501,28,Female,Lucknow,Karnataka,South,Consumer
CUST13502,Customer_3502,47,Female,Ahmedabad,Tamil Nadu,,Consumer
CUST13503,Customer_3503,32,Male,Delhi,Rajasthan,East,Small Business
CUST13504,Customer_3504,44,Male,Bengaluru,Maharashtra,West,Corporate
CUST13505,Customer_3505,52,Female,Bengaluru,Karnataka,East,Consumer
CUST13506,Customer_3506,50,Male,Hyderabad,Uttar Pradesh,South,Corporate
CUST13507,Customer_3507,37,male ,Mumbai,Maharashtra,West,Consumer
CUST13508,Customer_3508,33,Female,Chennai,Tamil Nadu, north ,Consumer
CUST13509,Customer_3509,51,Female,Kolkata,West Bengal,North,Small Business
CUST13510,Customer_3510,19, FEMALE,Chennai,Rajasthan,South,Small Business
CUST13511,Customer_3511,52, FEMALE,Kolkata,Uttar Pradesh,East,Corporate
CUST13512,Customer_3512,57,Male,Delhi,Gujarat,South,Small Business
CUST13513,Customer_3513,45,Male,Ahmedabad,Telangana,West,Consumer
CUST13514,Customer_3514,64,male ,Ahmedabad,Rajasthan,North,Consumer
CUST13515,Customer_3515,56,Female,Pune,Uttar Pradesh,West,Corporate
CUST13516,Customer_3516,23,Male,Ahmedabad,Karnataka,East,Consumer
CUST13517,Customer_3517,26, FEMALE,Mumbai,Gujarat,South,Small Business
CUST13518,Customer_3518,37,Male,Lucknow,Gujarat,South,Consumer
CUST13519,Customer_3519,18,Male,Delhi,Karnataka,North,Corporate
CUST13520,Customer_3520,25,Male,Hyderabad,Rajasthan,South,Corporate
CUST13521,Customer_3521,40,Female,Bengaluru,Rajasthan,West,Small Business
CUST13522,Customer_3522,20,Female,Pune,Telangana,South,Small Business
CUST13523,Customer_3523,21,Male,Bengaluru,Gujarat,West,Consumer
CUST13524,Customer_3524,42,Male,Kolkata,Rajasthan,East,Consumer
CUST13525,Customer_3525,64,Male,Hyderabad,Rajasthan,North,consumer 
CUST13526,Customer_3526,55,Female,Ahmedabad,Maharashtra,East,Consumer
CUST13527,Customer_3527,32,Male,Kolkata,Telangana,West,Corporate
CUST13528,Customer_3528,38,Other,Mumbai,Telangana,South,Consumer
CUST13529,Customer_3529,52,Male,Bengaluru,Uttar Pradesh,West,Corporate
CUST13530,Customer_3530,63,,Lucknow,West Bengal,North,Consumer
CUST13531,Customer_3531,69,Male,Hyderabad,Delhi,North,Small Business
CUST13532,Customer_3532,31,male ,Chennai,Karnataka,South,Consumer
CUST13533,Customer_3533,53,Male,Kolkata,Tamil Nadu,South,Consumer
CUST13534,Customer_3534,29,Male,Bengaluru,Uttar Pradesh,West,Consumer
CUST13535,Customer_3535,34, FEMALE,Bengaluru,Uttar Pradesh,East,Corporate
CUST13536,Customer_3536,56, FEMALE,Chennai,Tamil Nadu,North,CORPORATE
CUST13537,Customer_3537,26,Female,Mumbai,Maharashtra,West,Consumer
CUST13538,Customer_3538,52,Female,Bengaluru,Karnataka,East,Consumer
CUST13539,Customer_3539,30,Female,Delhi,Karnataka,South,Consumer
CUST13540,Customer_3540,32, FEMALE,Bengaluru,Uttar Pradesh,West,Small Business
CUST13541,Customer_3541,35,Male,Bengaluru,Maharashtra,North,
CUST13542,Customer_3542,68,Female,Ahmedabad,Tamil Nadu,SOUTH,Consumer
CUST13543,Customer_3543,50,Female,Pune,Rajasthan,South,Small Business
CUST13544,Customer_3544,23,Male,Jaipur,Gujarat,East,Consumer
CUST13545,Customer_3545,44, FEMALE,Delhi,,SOUTH,Consumer
CUST13546,Customer_3546,40,Male,Delhi,Gujarat,West,Consumer
CUST13547,Customer_3547,44,Male,Lucknow,Rajasthan,North,CORPORATE
CUST13548,Customer_3548,51,Female,Pune,Uttar Pradesh,East,Small Business
CUST13549,Customer_3549,63,Female,Mumbai,Uttar Pradesh,,Consumer
CUST13550,Customer_3550,55,Male,Hyderabad,Gujarat,,CORPORATE
CUST13551,Customer_3551,31,Female,Chennai,Gujarat,West,Consumer
CUST13552,Customer_3552,53,Other,Lucknow,Telangana,East,Consumer
CUST13553,Customer_3553,25,Male,Delhi,Telangana,North,Corporate
CUST13554,Customer_3554,52,Female,Pune,Tamil Nadu,East,
CUST13555,Customer_3555,36,Female,Jaipur,Rajasthan,North,Consumer
CUST13556,Customer_3556,47,Female,Ahmedabad,Uttar Pradesh,South,Small Business
CUST13557,Customer_3557,31,Other,Lucknow,Gujarat,East,consumer 
CUST13558,Customer_3558,37,Female,Bengaluru,Telangana,West,Consumer
CUST13559,Customer_3559,66,Female,Kolkata,Telangana,East,Consumer
CUST13560,Customer_3560,42,Female,Jaipur,,North,Consumer
CUST13561,Customer_3561,57,Female,Jaipur,Maharashtra,SOUTH,Small Business
CUST13562,Customer_3562,41,Female,Lucknow,Maharashtra,West,Corporate
CUST13563,Customer_3563,31, FEMALE,Ahmedabad,Rajasthan,,Consumer
CUST13564,Customer_3564,43,Male,Delhi,Maharashtra,SOUTH,Consumer
CUST13565,Customer_3565,55,Male,Delhi,Telangana, north ,Corporate
CUST13566,Customer_3566,40,Male,Lucknow,Karnataka,North,Small Business
CUST13567,Customer_3567,39,Male,Bengaluru,Maharashtra,West,Small Business
CUST13568,Customer_3568,65,Male,Delhi,West Bengal,East,Consumer
CUST13569,Customer_3569,36, FEMALE,Hyderabad,Telangana,,Corporate
CUST13570,Customer_3570,63,Female,Lucknow,Tamil Nadu,South,Consumer
CUST13571,Customer_3571,68,Female,Mumbai,Maharashtra,East,Small Business
CUST13572,Customer_3572,20,Female,,Uttar Pradesh,South,Corporate
CUST13573,Customer_3573,59, FEMALE,Delhi,Karnataka,West,Small Business
CUST13574,Customer_3574,36,Female,Delhi,Karnataka,North,Consumer
CUST13575,Customer_3575,26, FEMALE,Hyderabad,Karnataka,SOUTH,Corporate
CUST13576,Customer_3576,45,Male,Delhi,Telangana, north ,consumer 
CUST13577,Customer_3577,37,Other,Lucknow,Tamil Nadu,West,Small Business
CUST13578,Customer_3578,62,Female,Ahmedabad,Tamil Nadu,South,consumer 
CUST13579,Customer_3579,24,Male,Jaipur,Gujarat,West,Consumer
CUST13580,Customer_3580,31,Female,Bengaluru,Gujarat,South,Consumer
CUST13581,Customer_3581,26,Female,Chennai,West Bengal,West,Consumer
CUST13582,Customer_3582,36,Male,Mumbai,Delhi,South,Corporate
CUST13583,Customer_3583,64,Female,Bengaluru,West Bengal,West,Consumer
CUST13584,Customer_3584,69,Male,Chennai,Delhi,North,Consumer
CUST13585,Customer_3585,31,Male,Jaipur,Rajasthan,West,Small Business
CUST13586,Customer_3586,55,Other,Delhi,Telangana,West,Corporate
CUST13587,Customer_3587,53,Female,Bengaluru,Uttar Pradesh,West,Consumer
CUST13588,Customer_3588,57, FEMALE,Ahmedabad,Gujarat,North,
CUST13589,Customer_3589,34,Female,Hyderabad,Telangana,South,Corporate
CUST13590,Customer_3590,47,Male,Ahmedabad,Tamil Nadu,East,Corporate
CUST13591,Customer_3591,26,Female,,West Bengal,South,CORPORATE
CUST13592,Customer_3592,50,Female,Chennai,Maharashtra,North,Consumer
CUST13593,Customer_3593,69,Other,Bengaluru,Gujarat,North,Corporate
CUST13594,Customer_3594,42,Male,Lucknow,Telangana,West,Small Business
CUST13595,Customer_3595,31, FEMALE,,Maharashtra,North,Consumer
CUST13596,Customer_3596,28,Other,Bengaluru,Uttar Pradesh,SOUTH,Small Business
CUST13597,Customer_3597,52,Female,Jaipur,Maharashtra,South,consumer 
CUST13598,Customer_3598,58,Other,Hyderabad,Maharashtra,West,Consumer
CUST13599,Customer_3599,31,Female,Mumbai,West Bengal,North,Consumer
CUST13600,Customer_3600,47,Other,Kolkata,Rajasthan,SOUTH,Consumer
CUST13601,Customer_3601,58,Female,,West Bengal,North,Consumer
CUST13602,Customer_3602,21,Male,Mumbai,Rajasthan,North,Consumer
CUST13603,Customer_3603,21, FEMALE,Bengaluru,Maharashtra,North,Consumer
CUST13604,Customer_3604,45,Female,,Tamil Nadu,North,consumer 
CUST13605,Customer_3605,25,Female,Hyderabad,Karnataka,East,Corporate
CUST13606,Customer_3606,19,Female,Jaipur,,West,Consumer
CUST13607,Customer_3607,58,Male,Jaipur,Delhi,South,CORPORATE
CUST13608,Customer_3608,63,Female,Kolkata,Karnataka,West,Small Business
CUST13609,Customer_3609,39,male ,Delhi,Gujarat,West,Consumer
CUST13610,Customer_3610,58,Male,Mumbai,, north ,Small Business
CUST13611,Customer_3611,33,Male,Mumbai,Uttar Pradesh,North,Corporate
CUST13612,Customer_3612,46,Male,Bengaluru,Delhi,North,Small Business
CUST13613,Customer_3613,66,Female,Mumbai,West Bengal,North,Consumer
CUST13614,Customer_3614,65,Female,Hyderabad,Telangana,South,Consumer
CUST13615,Customer_3615,47,male ,Delhi,Uttar Pradesh,East,Consumer
CUST13616,Customer_3616,29,Other,Jaipur,Delhi,East,Consumer
CUST13617,Customer_3617,52,Female,Jaipur,Maharashtra,South,Consumer
CUST13618,Customer_3618,28,Male,Pune,Tamil Nadu,West,Consumer
CUST13619,Customer_3619,63,Other,Delhi,Maharashtra,South,Consumer
CUST13620,Customer_3620,67,male ,Ahmedabad,Rajasthan,South,consumer 
CUST13621,Customer_3621,38,Female,Ahmedabad,Uttar Pradesh,North,Small Business
CUST13622,Customer_3622,38,Female,Mumbai,Rajasthan,East,Consumer
CUST13623,Customer_3623,22,Other,Kolkata,Telangana,West,CORPORATE
CUST13624,Customer_3624,65,Female,Lucknow,Gujarat,West,CORPORATE
CUST13625,Customer_3625,37,Male,Chennai,Maharashtra, north ,Consumer
CUST13626,Customer_3626,54,Female,Bengaluru,Karnataka,West,Corporate
CUST13627,Customer_3627,20,Male,Chennai,Tamil Nadu,South,Small Business
CUST13628,Customer_3628,61,Female,Chennai,Delhi,South,Consumer
CUST13629,Customer_3629,50,Female,Hyderabad,Delhi,SOUTH,Consumer
CUST13630,Customer_3630,26,Male,Ahmedabad,Telangana,West,Consumer
CUST13631,Customer_3631,26,Male,Jaipur,Gujarat,West,Consumer
CUST13632,Customer_3632,21,Male,Bengaluru,Gujarat,West,CORPORATE
CUST13633,Customer_3633,52,Female,Pune,Tamil Nadu,South,Small Business
CUST13634,Customer_3634,34,male ,Kolkata,Maharashtra, north ,Consumer
CUST13635,Customer_3635,51,,Mumbai,Maharashtra,North,Small Business
CUST13636,Customer_3636,41,Male,Hyderabad,Telangana,South,Consumer
CUST13637,Customer_3637,49,Female,Ahmedabad,Maharashtra,South,Consumer
CUST13638,Customer_3638,18,Other,Pune,Delhi,East,Consumer
CUST13639,Customer_3639,25,Male,Mumbai,Rajasthan,East,Consumer
CUST13640,Customer_3640,62,Female,Mumbai,West Bengal,South,Consumer
CUST13641,Customer_3641,40,Female,Chennai,Karnataka,East,Small Business
CUST13642,Customer_3642,64,Male,Pune,Uttar Pradesh,South,Consumer
CUST13643,Customer_3643,57, FEMALE,Bengaluru,Uttar Pradesh,South,Small Business
CUST13644,Customer_3644,29,male ,Kolkata,Tamil Nadu,West,Consumer
CUST13645,Customer_3645,29,Male,Delhi,Delhi,West,Corporate
CUST13646,Customer_3646,63,Male,Mumbai,Gujarat,East,consumer 
CUST13647,Customer_3647,64,Male,Pune,Rajasthan,West,Consumer
CUST13648,Customer_3648,32,Male,Delhi,Karnataka,East,Corporate
CUST13649,Customer_3649,58,Female,Ahmedabad,West Bengal,North,Corporate
CUST13650,Customer_3650,36,Female,Mumbai,Telangana,,Consumer
CUST13651,Customer_3651,43,Male,Kolkata,West Bengal,North,Consumer
CUST13652,Customer_3652,69,Other,Hyderabad,Tamil Nadu,West,Corporate
CUST13653,Customer_3653,46,Male,Hyderabad,Tamil Nadu,East,Consumer
CUST13654,Customer_3654,39,Male,Jaipur,Uttar Pradesh,North,Consumer
CUST13655,Customer_3655,57,Male,Chennai,West Bengal,East,Small Business
CUST13656,Customer_3656,38,Female,Jaipur,Delhi, north ,CORPORATE
CUST13657,Customer_3657,68,Female,Chennai,Delhi,South,Consumer
CUST13658,Customer_3658,55,Male,Pune,Karnataka,,Small Business
CUST13659,Customer_3659,37,Male,Jaipur,Telangana,SOUTH,CORPORATE
CUST13660,Customer_3660,46,male ,Pune,Karnataka,West,Consumer
CUST13661,Customer_3661,68,,Pune,Rajasthan,West,Corporate
CUST13662,Customer_3662,21,Male,Jaipur,Maharashtra,South,Consumer
CUST13663,Customer_3663,24,Female,Ahmedabad,Rajasthan,South,Small Business
CUST13664,Customer_3664,45,Female,Hyderabad,Uttar Pradesh,SOUTH,Consumer
CUST13665,Customer_3665,45,Female,Pune,Maharashtra,South,Consumer
CUST13666,Customer_3666,21,Female,Delhi,Rajasthan,North,Small Business
CUST13667,Customer_3667,39, FEMALE,Hyderabad,Gujarat,North,Small Business
CUST13668,Customer_3668,29,Female,Hyderabad,Maharashtra,West,Consumer
CUST13669,Customer_3669,62,Female,,Gujarat,South,Corporate
CUST13670,Customer_3670,20,Female,Chennai,West Bengal,North,CORPORATE
CUST13671,Customer_3671,39,Other,Jaipur,West Bengal,West,consumer 
CUST13672,Customer_3672,61,male ,Delhi,Delhi,East,Small Business
CUST13673,Customer_3673,19,Male,Chennai,Uttar Pradesh,East,CORPORATE
CUST13674,Customer_3674,41,Male,Ahmedabad,Tamil Nadu,North,consumer 
CUST13675,Customer_3675,51,Female,Mumbai,Uttar Pradesh,North,Small Business
CUST13676,Customer_3676,44,Male,Delhi,Uttar Pradesh,North,consumer 
CUST13677,Customer_3677,58,Female,Hyderabad,Tamil Nadu,East,Small Business
CUST13678,Customer_3678,18,male ,Kolkata,Karnataka,West,Corporate
CUST13679,Customer_3679,25,Female,Chennai,Maharashtra,West,Corporate
CUST13680,Customer_3680,40,,Chennai,Maharashtra,South,Consumer
CUST13681,Customer_3681,55,Male,Kolkata,Gujarat, north ,Consumer
CUST13682,Customer_3682,23, FEMALE,Bengaluru,Maharashtra,North,Small Business
CUST13683,Customer_3683,39,male ,Jaipur,Telangana,North,Corporate
CUST13684,Customer_3684,42,Male,,Karnataka,,Small Business
CUST13685,Customer_3685,35,Female,Hyderabad,Gujarat,South,CORPORATE
CUST13686,Customer_3686,34,Male,Kolkata,Tamil Nadu,West,Consumer
CUST13687,Customer_3687,29,male ,Lucknow,,North,Consumer
CUST13688,Customer_3688,23,Female,Lucknow,Uttar Pradesh,North,Corporate
CUST13689,Customer_3689,43,Male,Jaipur,Gujarat,East,Consumer
CUST13690,Customer_3690,44,Female,Hyderabad,Delhi,North,Corporate
CUST13691,Customer_3691,25,Female,Mumbai,Karnataka,North,Corporate
CUST13692,Customer_3692,36,Male,Mumbai,Maharashtra,East,Small Business
CUST13693,Customer_3693,59,Male,Ahmedabad,Tamil Nadu,South,Consumer
CUST13694,Customer_3694,18,Female,Lucknow,Rajasthan,West,Consumer
CUST13695,Customer_3695,46,Female,Ahmedabad,Maharashtra,West,Consumer
CUST13696,Customer_3696,62, FEMALE,Delhi,Maharashtra,East,Small Business
CUST13697,Customer_3697,66,Other,Chennai,West Bengal,South,Consumer
CUST13698,Customer_3698,52,Female,Kolkata,Maharashtra,East,Corporate
CUST13699,Customer_3699,57,Female,Jaipur,Tamil Nadu,West,Consumer
CUST13700,Customer_3700,31,Female,Kolkata,Delhi,North,Small Business
CUST13701,Customer_3701,52,Female,Jaipur,Rajasthan,South,
CUST13702,Customer_3702,65,Male,Hyderabad,Tamil Nadu,West,Consumer
CUST13703,Customer_3703,62,Male,Mumbai,Rajasthan,South,Small Business
CUST13704,Customer_3704,37,Female,Mumbai,Karnataka,West,Consumer
CUST13705,Customer_3705,66,Male,Delhi,Karnataka,North,Small Business
CUST13706,Customer_3706,30,Female,Hyderabad,Uttar Pradesh,West,Consumer
CUST13707,Customer_3707,55,male ,Delhi,Rajasthan,North,Corporate
CUST13708,Customer_3708,66,Female,Bengaluru,West Bengal, north ,Consumer
CUST13709,Customer_3709,63,Female,Pune,West Bengal,North,consumer 
CUST13710,Customer_3710,66, FEMALE,Ahmedabad,Delhi, north ,Consumer
CUST13711,Customer_3711,25,male ,Lucknow,Gujarat,South,CORPORATE
CUST13712,Customer_3712,60,Male,Bengaluru,Uttar Pradesh,West,Consumer
CUST13713,Customer_3713,37,Male,Mumbai,West Bengal, north ,Consumer
CUST13714,Customer_3714,50,Female,Mumbai,Gujarat,North,Corporate
CUST13715,Customer_3715,43,Female,Ahmedabad,Maharashtra,South,consumer 
CUST13716,Customer_3716,56,Male,Pune,Rajasthan, north ,Corporate
CUST13717,Customer_3717,38,Male,Mumbai,Gujarat,South,Consumer
CUST13718,Customer_3718,66, FEMALE,Lucknow,Karnataka,West,consumer 
CUST13719,Customer_3719,59,Female,Hyderabad,Delhi,North,Corporate
CUST13720,Customer_3720,60,,Ahmedabad,Uttar Pradesh,West,Consumer
CUST13721,Customer_3721,58,male ,Bengaluru,Delhi,North,Corporate
CUST13722,Customer_3722,26,Other,Hyderabad,Gujarat,West,Corporate
CUST13723,Customer_3723,41,Male,Chennai,Delhi,South,Small Business
CUST13724,Customer_3724,54,male ,Ahmedabad,Rajasthan,East,Small Business
CUST13725,Customer_3725,66,Male,Ahmedabad,Telangana,North,consumer 
CUST13726,Customer_3726,58,Female,Pune,Maharashtra,West,Small Business
CUST13727,Customer_3727,34,Female,Mumbai,Gujarat,South,Corporate
CUST13728,Customer_3728,41,Male,Hyderabad,Uttar Pradesh,South,Consumer
CUST13729,Customer_3729,38, FEMALE,Ahmedabad,Karnataka,West,Small Business
CUST13730,Customer_3730,68, FEMALE,Pune,Karnataka,North,
CUST13731,Customer_3731,56,Male,Jaipur,Uttar Pradesh, north ,Consumer
CUST13732,Customer_3732,58,Female,Hyderabad,Uttar Pradesh,West,Corporate
CUST13733,Customer_3733,56,Male,Chennai,Rajasthan,East,Small Business
CUST13734,Customer_3734,30,Female,Hyderabad,West Bengal,North,Corporate
CUST13735,Customer_3735,28,male ,Kolkata,Maharashtra,West,CORPORATE
CUST13736,Customer_3736,63,Male,Lucknow,Gujarat,North,Consumer
CUST13737,Customer_3737,36,Other,Chennai,Uttar Pradesh,West,Corporate
CUST13738,Customer_3738,28,Male,Chennai,Tamil Nadu,South,Consumer
CUST13739,Customer_3739,30,Female,Bengaluru,Tamil Nadu,North,consumer 
CUST13740,Customer_3740,63,Female,Mumbai,West Bengal,North,Consumer
CUST13741,Customer_3741,62,Male,Ahmedabad,Uttar Pradesh,SOUTH,
CUST13742,Customer_3742,18,Male,Bengaluru,Uttar Pradesh,West,Consumer
CUST13743,Customer_3743,57,male ,Lucknow,Gujarat,South,Consumer
CUST13744,Customer_3744,61,male ,Jaipur,Tamil Nadu,SOUTH,Corporate
CUST13745,Customer_3745,36,Male,Lucknow,West Bengal,North,Corporate
CUST13746,Customer_3746,29,Female,Ahmedabad,Gujarat,West,Consumer
CUST13747,Customer_3747,25,Male,Pune,Maharashtra,West,Consumer
CUST13748,Customer_3748,25,Male,Ahmedabad,Telangana,West,Corporate
CUST13749,Customer_3749,62,Female,Mumbai,West Bengal,South,CORPORATE
CUST13750,Customer_3750,29,Male,Pune,Gujarat,South,CORPORATE
CUST13751,Customer_3751,65, FEMALE,Jaipur,Delhi,West,Consumer
CUST13752,Customer_3752,50,Female,Bengaluru,Maharashtra,South,Small Business
CUST13753,Customer_3753,62,Other,Jaipur,Maharashtra,North,Small Business
CUST13754,Customer_3754,43,Female,Jaipur,Karnataka,West,Corporate
CUST13755,Customer_3755,56,Other,,Karnataka,West,Consumer
CUST13756,Customer_3756,45,Female,Bengaluru,West Bengal,South,Corporate
CUST13757,Customer_3757,22,Female,Kolkata,Gujarat,South,Small Business
CUST13758,Customer_3758,25,Other,Bengaluru,West Bengal,South,Consumer
CUST13759,Customer_3759,42,Female,Jaipur,Karnataka,West,Consumer
CUST13760,Customer_3760,44,Male,Chennai,Gujarat,West,Consumer
CUST13761,Customer_3761,63,Female,Pune,West Bengal,West,consumer 
CUST13762,Customer_3762,40, FEMALE,Hyderabad,Maharashtra,West,consumer 
CUST13763,Customer_3763,47,male ,Mumbai,Telangana,West,Consumer
CUST13764,Customer_3764,62,Female,Mumbai,Uttar Pradesh,South,Small Business
CUST13765,Customer_3765,64,Female,Delhi,Uttar Pradesh,North,Consumer
CUST13766,Customer_3766,40,,Pune,West Bengal,West,Small Business
CUST13767,Customer_3767,66,Male,Lucknow,Maharashtra,North,Corporate
CUST13768,Customer_3768,64,Female,Delhi,Uttar Pradesh,,Consumer
CUST13769,Customer_3769,37,Male,Delhi,Karnataka, north ,consumer 
CUST13770,Customer_3770,35,Female,Chennai,Uttar Pradesh,East,Corporate
CUST13771,Customer_3771,35,Female,Jaipur,Rajasthan,South,Consumer
CUST13772,Customer_3772,19,Male,Mumbai,Karnataka,East,Consumer
CUST13773,Customer_3773,21,Male,Bengaluru,Maharashtra,,CORPORATE
CUST13774,Customer_3774,47,Female,Mumbai,Maharashtra,West,Consumer
CUST13775,Customer_3775,50,Male,Hyderabad,Karnataka,North,Small Business
CUST13776,Customer_3776,53,Male,Mumbai,Maharashtra,West,Corporate
CUST13777,Customer_3777,35,male ,Hyderabad,West Bengal,West,Consumer
CUST13778,Customer_3778,54,Male,Jaipur,West Bengal,North,Small Business
CUST13779,Customer_3779,36,Female,Pune,West Bengal,South,consumer 
CUST13780,Customer_3780,64,Other,Delhi,Rajasthan,East,Consumer
CUST13781,Customer_3781,45,Male,Kolkata,Uttar Pradesh,North,Consumer
CUST13782,Customer_3782,57,Female,Chennai,Gujarat,North,consumer 
CUST13783,Customer_3783,37,Female,Ahmedabad,Maharashtra,North,Corporate
CUST13784,Customer_3784,66,Female,Bengaluru,West Bengal,SOUTH,Corporate
CUST13785,Customer_3785,50, FEMALE,Jaipur,Delhi,North,Consumer
CUST13786,Customer_3786,29,Other,Jaipur,Maharashtra,South,Consumer
CUST13787,Customer_3787,68,male ,Mumbai,Rajasthan,North,Consumer
CUST13788,Customer_3788,32,Male,Ahmedabad,Tamil Nadu,West,Corporate
CUST13789,Customer_3789,58,Male,Chennai,Uttar Pradesh,West,Consumer
CUST13790,Customer_3790,56,Female,Kolkata,Telangana,West,Small Business
CUST13791,Customer_3791,19,Male,Mumbai,Maharashtra,East,Corporate
CUST13792,Customer_3792,46,Female,Bengaluru,Gujarat,East,consumer 
CUST13793,Customer_3793,58,Female,Pune,Delhi,South,CORPORATE
CUST13794,Customer_3794,27,Male,Bengaluru,Maharashtra,West,consumer 
CUST13795,Customer_3795,19,male ,Chennai,Karnataka,North,Corporate
CUST13796,Customer_3796,68,Male,Hyderabad,,West,Consumer
CUST13797,Customer_3797,28,Female,Kolkata,Telangana,North,Consumer
CUST13798,Customer_3798,30,Female,Chennai,Tamil Nadu, north ,Corporate
CUST13799,Customer_3799,27,Female,Delhi,Uttar Pradesh,East,Small Business
CUST13800,Customer_3800,31,Female,Kolkata,West Bengal,East,Consumer
CUST13801,Customer_3801,35,Male,Hyderabad,Gujarat,East,
CUST13802,Customer_3802,68,Female,Bengaluru,Tamil Nadu,West,Consumer
CUST13803,Customer_3803,26,male ,Delhi,,East,Corporate
CUST13804,Customer_3804,56,Other,Mumbai,Uttar Pradesh,South,Corporate
CUST13805,Customer_3805,45,Female,Mumbai,Telangana,South,Corporate
CUST13806,Customer_3806,20,Female,Ahmedabad,Telangana,,Corporate
CUST13807,Customer_3807,37,Female,Hyderabad,Gujarat,North,Consumer
CUST13808,Customer_3808,23,Other,Delhi,Rajasthan,North,
CUST13809,Customer_3809,44,Male,Mumbai,West Bengal, north ,
CUST13810,Customer_3810,19,Female,Delhi,Uttar Pradesh,West,Corporate
CUST13811,Customer_3811,46,male ,Pune,West Bengal,North,Consumer
CUST13812,Customer_3812,55,Female,Mumbai,Maharashtra,North,Consumer
CUST13813,Customer_3813,20,Male,Chennai,Karnataka,East,Consumer
CUST13814,Customer_3814,33,Female,Hyderabad,Tamil Nadu,South,Corporate
CUST13815,Customer_3815,47,Male,Lucknow,Delhi,West,Consumer
CUST13816,Customer_3816,57,Female,Bengaluru,Telangana,South,Consumer
CUST13817,Customer_3817,19,Female,Chennai,Uttar Pradesh, north ,Corporate
CUST13818,Customer_3818,34, FEMALE,Jaipur,Maharashtra,North,consumer 
CUST13819,Customer_3819,58,Female,Hyderabad,Delhi,South,Consumer
CUST13820,Customer_3820,29,Male,Lucknow,Uttar Pradesh,SOUTH,Corporate
CUST13821,Customer_3821,52,Male,Kolkata,West Bengal,North,Small Business
CUST13822,Customer_3822,60, FEMALE,Hyderabad,Maharashtra,South,
CUST13823,Customer_3823,18,Male,Chennai,Uttar Pradesh,South,Small Business
CUST13824,Customer_3824,62,Female,Ahmedabad,Rajasthan,East,Corporate
CUST13825,Customer_3825,32,Male,Kolkata,Karnataka,South,Small Business
CUST13826,Customer_3826,43,male ,Ahmedabad,Telangana, north ,
CUST13827,Customer_3827,54,Female,Mumbai,Maharashtra,SOUTH,consumer 
CUST13828,Customer_3828,38,Male,Chennai,Uttar Pradesh, north ,Consumer
CUST13829,Customer_3829,66,Male,Ahmedabad,Tamil Nadu,South,Corporate
CUST13830,Customer_3830,48, FEMALE,Bengaluru,Tamil Nadu,,Small Business
CUST13831,Customer_3831,42,Female,Ahmedabad,Gujarat,,Corporate
CUST13832,Customer_3832,40,Female,Delhi,Delhi,South,Consumer
CUST13833,Customer_3833,41, FEMALE,Ahmedabad,Delhi,North,Consumer
CUST13834,Customer_3834,55, FEMALE,Hyderabad,Maharashtra,West,Corporate
CUST13835,Customer_3835,45,Male,Delhi,Delhi,West,Consumer
CUST13836,Customer_3836,38,Other,Ahmedabad,Rajasthan,North,Consumer
CUST13837,Customer_3837,60,Male,Bengaluru,West Bengal,East,Small Business
CUST13838,Customer_3838,35,Male,Delhi,Maharashtra,,Consumer
CUST13839,Customer_3839,53, FEMALE,Mumbai,Maharashtra,South,Corporate
CUST13840,Customer_3840,52,Male,Kolkata,Maharashtra,South,consumer 
CUST13841,Customer_3841,62,Male,Ahmedabad,Gujarat, north ,Corporate
CUST13842,Customer_3842,26,Male,Delhi,Rajasthan,North,Corporate
CUST13843,Customer_3843,55,Female,Chennai,West Bengal,SOUTH,Consumer
CUST13844,Customer_3844,47,Female,Mumbai,Karnataka,West,Small Business
CUST13845,Customer_3845,61,Female,Jaipur,Telangana,South,
CUST13846,Customer_3846,51, FEMALE,Delhi,Delhi,North,Small Business
CUST13847,Customer_3847,49,Female,Mumbai,,North,Corporate
CUST13848,Customer_3848,20,Male,Mumbai,Uttar Pradesh,South,Consumer
CUST13849,Customer_3849,20,Other,Pune,West Bengal,West,Consumer
CUST13850,Customer_3850,45,Male,Ahmedabad,West Bengal,East,Small Business
CUST13851,Customer_3851,61,Male,Chennai,Tamil Nadu,West,Consumer
CUST13852,Customer_3852,32,Male,Delhi,Karnataka,West,consumer 
CUST13853,Customer_3853,58,Female,Pune,Maharashtra,East,Consumer
CUST13854,Customer_3854,40,Male,Lucknow,Tamil Nadu,SOUTH,Consumer
CUST13855,Customer_3855,57,Male,Mumbai,Delhi,West,Consumer
CUST13856,Customer_3856,28,Male,Delhi,Delhi,SOUTH,Corporate
CUST13857,Customer_3857,65,Male,Mumbai,West Bengal,South,Small Business
CUST13858,Customer_3858,49,Female,Jaipur,Gujarat,West,Consumer
CUST13859,Customer_3859,53,male ,Pune,Gujarat,East,Small Business
CUST13860,Customer_3860,50,male ,Pune,Delhi,SOUTH,Corporate
CUST13861,Customer_3861,41,Male,Bengaluru,Maharashtra,East,Consumer
CUST13862,Customer_3862,56,Male,Bengaluru,West Bengal,South,Consumer
CUST13863,Customer_3863,51,Other,Ahmedabad,Gujarat,South,consumer 
CUST13864,Customer_3864,45,Male,Bengaluru,Gujarat,North,Consumer
CUST13865,Customer_3865,54, FEMALE,Ahmedabad,Gujarat,North,Small Business
CUST13866,Customer_3866,24,Male,Pune,Rajasthan,East,Consumer
CUST13867,Customer_3867,21,Other,Mumbai,Maharashtra, north ,Small Business
CUST13868,Customer_3868,54,Male,Chennai,Delhi,North,Corporate
CUST13869,Customer_3869,18,Female,Ahmedabad,Delhi,South,Consumer
CUST13870,Customer_3870,18,Female,Hyderabad,West Bengal, north ,
CUST13871,Customer_3871,64,Female,Ahmedabad,Delhi,South,Consumer
CUST13872,Customer_3872,37,Male,Bengaluru,Uttar Pradesh,SOUTH,Consumer
CUST13873,Customer_3873,36,Female,Pune,Rajasthan,South,Consumer
CUST13874,Customer_3874,46,Female,Lucknow,Delhi,South,CORPORATE
CUST13875,Customer_3875,27,Male,Ahmedabad,Gujarat,North,Consumer
CUST13876,Customer_3876,35,Male,Chennai,Tamil Nadu,,Corporate
CUST13877,Customer_3877,45,Female,Kolkata,Gujarat, north ,Corporate
CUST13878,Customer_3878,52,Male,Delhi,Gujarat,West,Consumer
CUST13879,Customer_3879,60,Female,Bengaluru,Maharashtra,North,Small Business
CUST13880,Customer_3880,64,Male,Bengaluru,Telangana,SOUTH,Corporate
CUST13881,Customer_3881,48,Female,Delhi,Maharashtra,SOUTH,Corporate
CUST13882,Customer_3882,44,Male,Bengaluru,Uttar Pradesh,South,Consumer
CUST13883,Customer_3883,28,Female,Bengaluru,Tamil Nadu,West,CORPORATE
CUST13884,Customer_3884,66,Male,Ahmedabad,Gujarat,,Consumer
CUST13885,Customer_3885,66,Male,Kolkata,Maharashtra,South,Small Business
CUST13886,Customer_3886,55,Male,Hyderabad,Rajasthan,North,consumer 
CUST13887,Customer_3887,22,Other,,, north ,Consumer
CUST13888,Customer_3888,25,Male,Mumbai,Rajasthan,East,Consumer
CUST13889,Customer_3889,51,Female,Chennai,Delhi,,Consumer
CUST13890,Customer_3890,65,Male,Kolkata,West Bengal,East,Small Business
CUST13891,Customer_3891,69,Male,Delhi,Maharashtra,North,Small Business
CUST13892,Customer_3892,29,Female,Jaipur,Delhi,East,Small Business
CUST13893,Customer_3893,55,Female,Delhi,Karnataka,West,Consumer
CUST13894,Customer_3894,18,Other,Mumbai,Karnataka,North,
CUST13895,Customer_3895,48,Other,Mumbai,Uttar Pradesh,South,Consumer
CUST13896,Customer_3896,21,male ,Ahmedabad,Telangana,North,Small Business
CUST13897,Customer_3897,66,Female,Kolkata,Uttar Pradesh,West,Consumer
CUST13898,Customer_3898,62,Female,Kolkata,Delhi,SOUTH,Consumer
CUST13899,Customer_3899,67,Male,Pune,Delhi,West,Consumer
CUST13900,Customer_3900,22,Other,Bengaluru,Delhi,West,Consumer
CUST13901,Customer_3901,47,Female,Pune,Maharashtra,South,Consumer
CUST13902,Customer_3902,41,Female,Hyderabad,Telangana,East,Consumer
CUST13903,Customer_3903,20,Male,Mumbai,West Bengal,East,Consumer
CUST13904,Customer_3904,28,Male,Kolkata,,West,Corporate
CUST13905,Customer_3905,62,Other,Mumbai,Karnataka, north ,Consumer
CUST13906,Customer_3906,21,Male,Mumbai,Delhi,West,Consumer
CUST13907,Customer_3907,43,Female,Lucknow,Maharashtra,,CORPORATE
CUST13908,Customer_3908,44,Male,Kolkata,Gujarat,West,Consumer
CUST13909,Customer_3909,63,male ,Kolkata,Rajasthan,North,Consumer
CUST13910,Customer_3910,60,Male,Hyderabad,Uttar Pradesh,East,Consumer
CUST13911,Customer_3911,44,male ,Hyderabad,Maharashtra, north ,Small Business
CUST13912,Customer_3912,59,Male,Kolkata,Maharashtra,SOUTH,Consumer
CUST13913,Customer_3913,68, FEMALE,Jaipur,Maharashtra,South,Consumer
CUST13914,Customer_3914,67,Female,Chennai,Gujarat,West,Small Business
CUST13915,Customer_3915,23,Male,Ahmedabad,Maharashtra,South,Consumer
CUST13916,Customer_3916,32,Female,Ahmedabad,Rajasthan,North,Consumer
CUST13917,Customer_3917,47,Male,Hyderabad,Tamil Nadu, north ,Consumer
CUST13918,Customer_3918,59,Male,Lucknow,Tamil Nadu,SOUTH,Consumer
CUST13919,Customer_3919,54, FEMALE,Pune,Maharashtra,East,Consumer
CUST13920,Customer_3920,54,Female,Chennai,West Bengal,North,Consumer
CUST13921,Customer_3921,59,Female,,Delhi,West,Small Business
CUST13922,Customer_3922,54,Male,Pune,,East,Consumer
CUST13923,Customer_3923,52,Female,Ahmedabad,Delhi,North,Consumer
CUST13924,Customer_3924,40, FEMALE,Jaipur,Delhi,North,Consumer
CUST13925,Customer_3925,23,Male,Jaipur,Karnataka,North,Consumer
CUST13926,Customer_3926,21,Other,Mumbai,Uttar Pradesh,West,Consumer
CUST13927,Customer_3927,35,Other,Hyderabad,Karnataka,South,consumer 
CUST13928,Customer_3928,26,Male,Mumbai,Tamil Nadu,North,Consumer
CUST13929,Customer_3929,66,Male,Bengaluru,Delhi,SOUTH,Corporate
CUST13930,Customer_3930,46, FEMALE,Pune,Delhi,SOUTH,consumer 
CUST13931,Customer_3931,30,Female,Hyderabad,West Bengal,North,Consumer
CUST13932,Customer_3932,64,Male,Pune,Maharashtra,South,Corporate
CUST13933,Customer_3933,69,Male,Hyderabad,Rajasthan,East,Corporate
CUST13934,Customer_3934,34,Female,Bengaluru,Uttar Pradesh,North,Consumer
CUST13935,Customer_3935,62,male ,Delhi,Gujarat,North,Consumer
CUST13936,Customer_3936,49,Male,Ahmedabad,Maharashtra,South,Consumer
CUST13937,Customer_3937,65,Male,Delhi,Telangana,SOUTH,Consumer
CUST13938,Customer_3938,39,Other,Delhi,Gujarat,SOUTH,Small Business
CUST13939,Customer_3939,21,Female,Lucknow,Uttar Pradesh, north ,Corporate
CUST13940,Customer_3940,22,Female,,Maharashtra,West,Small Business
CUST13941,Customer_3941,54,male ,Jaipur,Tamil Nadu,West,Consumer
CUST13942,Customer_3942,58,Female,Delhi,Gujarat,East,Small Business
CUST13943,Customer_3943,66,Female,Mumbai,Telangana,East,Consumer
CUST13944,Customer_3944,30,Male,Ahmedabad,Uttar Pradesh,West,Consumer
CUST13945,Customer_3945,51,Male,Lucknow,Tamil Nadu,West,Corporate
CUST13946,Customer_3946,62,Female,Pune,Maharashtra,North,CORPORATE
CUST13947,Customer_3947,39,Female,,Maharashtra,North,Consumer
CUST13948,Customer_3948,40,,Delhi,Delhi,SOUTH,Corporate
CUST13949,Customer_3949,68,Male,Delhi,Maharashtra,South,Consumer
CUST13950,Customer_3950,20,Other,Pune,Gujarat,South,Consumer
CUST13951,Customer_3951,59,Other,Delhi,Rajasthan,South,Consumer
CUST13952,Customer_3952,51,Male,,Uttar Pradesh,South,Consumer
CUST13953,Customer_3953,49,male ,Mumbai,West Bengal,North,Corporate
CUST13954,Customer_3954,62,Female,Jaipur,Telangana,North,Small Business
CUST13955,Customer_3955,68,Other,Mumbai,Maharashtra,West,Consumer
CUST13956,Customer_3956,66,Female,Pune,Gujarat,North,Corporate
CUST13957,Customer_3957,38,Female,Delhi,Tamil Nadu,West,Corporate
CUST13958,Customer_3958,63,Female,Jaipur,Tamil Nadu,North,Consumer
CUST13959,Customer_3959,61,Male,Pune,,North,Corporate
CUST13960,Customer_3960,38,Male,,Telangana, north ,Small Business
CUST13961,Customer_3961,61,Female,Lucknow,Gujarat,West,Consumer
CUST13962,Customer_3962,28,Female,Pune,Gujarat,West,Consumer
CUST13963,Customer_3963,56,Female,Ahmedabad,Maharashtra,North,Small Business
CUST13964,Customer_3964,21,Female,Ahmedabad,Delhi,South,
CUST13965,Customer_3965,68,Male,Ahmedabad,,West,Consumer
CUST13966,Customer_3966,18,Female,Delhi,Telangana,North,consumer 
CUST13967,Customer_3967,45,Male,Mumbai,Delhi,West,Corporate
CUST13968,Customer_3968,41,male ,,Tamil Nadu,East,Consumer
CUST13969,Customer_3969,52,,Chennai,West Bengal,West,consumer 
CUST13970,Customer_3970,30,Female,Mumbai,Uttar Pradesh,West,consumer 
CUST13971,Customer_3971,64,Male,Jaipur,Gujarat,South,Consumer
CUST13972,Customer_3972,51,Male,,Gujarat,South,Consumer
CUST13973,Customer_3973,28,Female,Jaipur,Gujarat,West,consumer 
CUST13974,Customer_3974,53,Female,Lucknow,Delhi,West,Corporate
CUST13975,Customer_3975,68,male ,Jaipur,Rajasthan,North,Consumer
CUST13976,Customer_3976,34,Male,Bengaluru,Maharashtra,South,CORPORATE
CUST13977,Customer_3977,52,male ,Hyderabad,Maharashtra,South,Consumer
CUST13978,Customer_3978,35,Female,Hyderabad,Uttar Pradesh,East,Corporate
CUST13979,Customer_3979,57,Male,Chennai,Telangana,North,Consumer
CUST13980,Customer_3980,39,Female,Mumbai,Gujarat,SOUTH,Consumer
CUST13981,Customer_3981,41,Male,Chennai,Delhi,East,Consumer
CUST13982,Customer_3982,36,Female,Chennai,Uttar Pradesh,SOUTH,Consumer
CUST13983,Customer_3983,54, FEMALE,Chennai,Maharashtra,West,Consumer
CUST13984,Customer_3984,56,Female,Lucknow,Maharashtra,North,Small Business
CUST13985,Customer_3985,38,male ,Chennai,Tamil Nadu,North,Small Business
CUST13986,Customer_3986,25,Female,Mumbai,Telangana, north ,Small Business
CUST13987,Customer_3987,45,Male,Kolkata,Tamil Nadu,East,Small Business
CUST13988,Customer_3988,22,Female,Lucknow,Gujarat,North,Consumer
CUST13989,Customer_3989,34,Female,Bengaluru,Rajasthan,SOUTH,
CUST13990,Customer_3990,54,Female,Kolkata,Karnataka,East,Consumer
CUST13991,Customer_3991,53,Male,Mumbai,Maharashtra,South,Consumer
CUST13992,Customer_3992,36,Female,Bengaluru,Telangana,East,Small Business
CUST13993,Customer_3993,44,Male,Ahmedabad,Telangana,West,Consumer
CUST13994,Customer_3994,51,Male,Ahmedabad,West Bengal,North,Consumer
CUST13995,Customer_3995,28,Female,,Karnataka,South,consumer 
CUST13996,Customer_3996,62,Male,Kolkata,Uttar Pradesh,South,Consumer
CUST13997,Customer_3997,64,Other,Lucknow,Delhi,West,Corporate
CUST13998,Customer_3998,29,Male,Ahmedabad,West Bengal,West,consumer 
CUST13999,Customer_3999,38,Female,Chennai,West Bengal,South,
CUST14000,Customer_4000,28,Female,Pune,Maharashtra,West,Consumer
CUST14001,Customer_4001,56,Female,Hyderabad,Uttar Pradesh,South,Consumer
CUST14002,Customer_4002,45,Male,Delhi,West Bengal,East,Small Business
CUST14003,Customer_4003,22,Other,Hyderabad,Rajasthan,,Consumer
CUST14004,Customer_4004,34,Female,Lucknow,Tamil Nadu,East,Corporate
CUST14005,Customer_4005,37,male ,Lucknow,Gujarat,,Corporate
CUST14006,Customer_4006,58,Male,Ahmedabad,Rajasthan,West,Corporate
CUST14007,Customer_4007,63,Male,Delhi,Telangana,North,Corporate
CUST14008,Customer_4008,29,Female,Chennai,Maharashtra,West,consumer 
CUST14009,Customer_4009,23,Male,Delhi,Delhi,North,Consumer
CUST14010,Customer_4010,34,Female,Mumbai,Maharashtra,East,Corporate
CUST14011,Customer_4011,68,Male,Ahmedabad,,East,Consumer
CUST14012,Customer_4012,36,Female,Chennai,Telangana, north ,Consumer
CUST14013,Customer_4013,43,Other,Jaipur,Gujarat,North,Consumer
CUST14014,Customer_4014,65,Female,Delhi,Maharashtra, north ,Corporate
CUST14015,Customer_4015,61,male ,Hyderabad,Telangana,SOUTH,
CUST14016,Customer_4016,61,Female,Kolkata,Gujarat,North,Small Business
CUST14017,Customer_4017,69,Female,Mumbai,Delhi, north ,Consumer
CUST14018,Customer_4018,49,Other,Bengaluru,West Bengal,South,Small Business
CUST14019,Customer_4019,23, FEMALE,Delhi,Gujarat,North,Consumer
CUST14020,Customer_4020,53,male ,Kolkata,Gujarat,SOUTH,Small Business
CUST14021,Customer_4021,55,Male,Ahmedabad,Gujarat,South,consumer 
CUST14022,Customer_4022,28,Female,,Gujarat,West,Consumer
CUST14023,Customer_4023,50,Male,Ahmedabad,Rajasthan,East,Consumer
CUST14024,Customer_4024,41,Female,Lucknow,Maharashtra,North,Consumer
CUST14025,Customer_4025,40,Female,Lucknow,Uttar Pradesh,West,Consumer
CUST14026,Customer_4026,32,male ,Pune,,North,Corporate
CUST14027,Customer_4027,44, FEMALE,Chennai,Tamil Nadu,North,Consumer
CUST14028,Customer_4028,28,Female,Hyderabad,Karnataka,SOUTH,Consumer
CUST14029,Customer_4029,68,Male,Lucknow,West Bengal,SOUTH,Corporate
CUST14030,Customer_4030,67, FEMALE,Mumbai,Rajasthan,East,consumer 
CUST14031,Customer_4031,34,Male,Delhi,Maharashtra,North,Consumer
CUST14032,Customer_4032,68,Female,Ahmedabad,Rajasthan,South,Consumer
CUST14033,Customer_4033,31,Male,Delhi,West Bengal, north ,Consumer
CUST14034,Customer_4034,44,Female,Ahmedabad,West Bengal,North,Consumer
CUST14035,Customer_4035,35,,Jaipur,Karnataka,North,Consumer
CUST14036,Customer_4036,45,Male,Bengaluru,Maharashtra,,
CUST14037,Customer_4037,68,Female,Kolkata,West Bengal,South,Consumer
CUST14038,Customer_4038,64,Male,Lucknow,West Bengal,North,Consumer
CUST14039,Customer_4039,64, FEMALE,Bengaluru,Karnataka,North,Consumer
CUST14040,Customer_4040,21, FEMALE,Jaipur,Karnataka, north ,consumer 
CUST14041,Customer_4041,24,Male,Lucknow,Karnataka,East,Consumer
CUST14042,Customer_4042,62,Male,Bengaluru,Tamil Nadu,North,Small Business
CUST14043,Customer_4043,52,Female,Delhi,, north ,Small Business
CUST14044,Customer_4044,65,Male,Mumbai,Uttar Pradesh, north ,CORPORATE
CUST14045,Customer_4045,26,Female,Mumbai,Gujarat,North,Consumer
CUST14046,Customer_4046,25,Male,Delhi,Tamil Nadu,East,Consumer
CUST14047,Customer_4047,69,Male,Jaipur,Tamil Nadu,South,Small Business
CUST14048,Customer_4048,62,Female,Hyderabad,Maharashtra,East,Corporate
CUST14049,Customer_4049,34,Male,Ahmedabad,Uttar Pradesh,South,Small Business
CUST14050,Customer_4050,34, FEMALE,Bengaluru,Telangana,South,Corporate
CUST14051,Customer_4051,66,Male,Chennai,Uttar Pradesh,East,Corporate
CUST14052,Customer_4052,50,Male,Kolkata,Telangana,East,CORPORATE
CUST14053,Customer_4053,49,,Ahmedabad,Maharashtra,South,CORPORATE
CUST14054,Customer_4054,25,Female,Chennai,Maharashtra,North,Consumer
CUST14055,Customer_4055,36,Female,Hyderabad,Uttar Pradesh,SOUTH,Consumer
CUST14056,Customer_4056,55,Male,Ahmedabad,Karnataka,North,Corporate
CUST14057,Customer_4057,20,Female,Bengaluru,Karnataka,West,Consumer
CUST14058,Customer_4058,22,Female,Delhi,Gujarat,North,Consumer
CUST14059,Customer_4059,30,Male,Hyderabad,Rajasthan,West,Consumer
CUST14060,Customer_4060,64,male ,Jaipur,Maharashtra,North,
CUST14061,Customer_4061,63,Female,Delhi,Maharashtra,North,Consumer
CUST14062,Customer_4062,48,Female,Pune,Karnataka,West,Small Business
CUST14063,Customer_4063,33,Female,Pune,West Bengal,South,Consumer
CUST14064,Customer_4064,67,Female,Ahmedabad,Uttar Pradesh,East,Corporate
CUST14065,Customer_4065,49,Male,Bengaluru,Karnataka,North,Consumer
CUST14066,Customer_4066,39,Female,Bengaluru,Gujarat,North,Consumer
CUST14067,Customer_4067,46,Male,Hyderabad,Maharashtra,West,consumer 
CUST14068,Customer_4068,39,Female,Hyderabad,Maharashtra,North,
CUST14069,Customer_4069,60,male ,Jaipur,,North,Consumer
CUST14070,Customer_4070,20,Female,Kolkata,Maharashtra,North,Corporate
CUST14071,Customer_4071,27,Other,Jaipur,Gujarat,North,Corporate
CUST14072,Customer_4072,59,Male,Lucknow,Rajasthan,North,Consumer
CUST14073,Customer_4073,38,Female,Ahmedabad,Delhi,South,Consumer
CUST14074,Customer_4074,33,male ,Hyderabad,Tamil Nadu,,Small Business
CUST14075,Customer_4075,29,Female,,Tamil Nadu, north ,Consumer
CUST14076,Customer_4076,19,Female,Mumbai,Gujarat,North,Consumer
CUST14077,Customer_4077,58,Male,Jaipur,Telangana, north ,
CUST14078,Customer_4078,41,Female,Chennai,Telangana,West,Consumer
CUST14079,Customer_4079,52,Male,Lucknow,Maharashtra,North,Consumer
CUST14080,Customer_4080,47,,Chennai,West Bengal,North,consumer 
CUST14081,Customer_4081,47,Male,Jaipur,Maharashtra,North,Consumer
CUST14082,Customer_4082,64, FEMALE,Ahmedabad,Delhi,East,Corporate
CUST14083,Customer_4083,52,Female,Jaipur,,West,Consumer
CUST14084,Customer_4084,36,Male,Jaipur,Karnataka,West,CORPORATE
CUST14085,Customer_4085,67,Female,Delhi,Maharashtra,,Consumer
CUST14086,Customer_4086,25, FEMALE,Mumbai,Rajasthan,North,Consumer
CUST14087,Customer_4087,43, FEMALE,Ahmedabad,Uttar Pradesh, north ,Consumer
CUST14088,Customer_4088,66,Male,Kolkata,Delhi,South,Corporate
CUST14089,Customer_4089,57,Male,Pune,Maharashtra,,Small Business
CUST14090,Customer_4090,24,Male,Hyderabad,Delhi,South,Consumer
CUST14091,Customer_4091,47,Male,Delhi,Delhi,South,Consumer
CUST14092,Customer_4092,24,Female,Hyderabad,Rajasthan, north ,Consumer
CUST14093,Customer_4093,20, FEMALE,Chennai,West Bengal,East,
CUST14094,Customer_4094,18,Female,Mumbai,Rajasthan,West,Consumer
CUST14095,Customer_4095,53,Female,Mumbai,Tamil Nadu,South,Corporate
CUST14096,Customer_4096,42,Female,Chennai,Uttar Pradesh, north ,Corporate
CUST14097,Customer_4097,54,Male,Pune,Tamil Nadu,SOUTH,Small Business
CUST14098,Customer_4098,18,Male,Mumbai,Gujarat,South,Small Business
CUST14099,Customer_4099,32,Female,Pune,Tamil Nadu,South,Consumer
CUST14100,Customer_4100,54, FEMALE,,Uttar Pradesh,West,Consumer
CUST14101,Customer_4101,30,Female,Chennai,Telangana,SOUTH,Consumer
CUST14102,Customer_4102,57,Male,Lucknow,Telangana,West,Corporate
CUST14103,Customer_4103,25,Male,Ahmedabad,Gujarat,SOUTH,Consumer
CUST14104,Customer_4104,22,Male,Delhi,Maharashtra,South,Consumer
CUST14105,Customer_4105,26,Female,Delhi,West Bengal,SOUTH,Consumer
CUST14106,Customer_4106,18,Female,Chennai,Uttar Pradesh,North,CORPORATE
CUST14107,Customer_4107,53,Male,Pune,Uttar Pradesh,South,Small Business
CUST14108,Customer_4108,52,male ,Hyderabad,West Bengal,East,Consumer
CUST14109,Customer_4109,19,Female,Bengaluru,Telangana,West,Consumer
CUST14110,Customer_4110,57,Female,Kolkata,Karnataka,South,Consumer
CUST14111,Customer_4111,40,Other,Delhi,Gujarat,SOUTH,Consumer
CUST14112,Customer_4112,26,Male,Ahmedabad,Telangana, north ,Small Business
CUST14113,Customer_4113,51, FEMALE,Mumbai,Uttar Pradesh,West,Small Business
CUST14114,Customer_4114,63,Male,Ahmedabad,Delhi,North,Small Business
CUST14115,Customer_4115,31,Female,Delhi,Maharashtra,North,consumer 
CUST14116,Customer_4116,21, FEMALE,Mumbai,Karnataka,East,Consumer
CUST14117,Customer_4117,47, FEMALE,Mumbai,Rajasthan,West,consumer 
CUST14118,Customer_4118,48,Female,,Karnataka,North,Small Business
CUST14119,Customer_4119,55,Female,Delhi,Delhi,West,Corporate
CUST14120,Customer_4120,28,Female,Kolkata,Maharashtra,East,CORPORATE
CUST14121,Customer_4121,52,male ,Ahmedabad,Karnataka,West,CORPORATE
CUST14122,Customer_4122,25,Male,Kolkata,Maharashtra,South,consumer 
CUST14123,Customer_4123,20,male ,Hyderabad,Maharashtra,West,Consumer
CUST14124,Customer_4124,31,Female,Ahmedabad,Uttar Pradesh,,Consumer
CUST14125,Customer_4125,30,Female,Ahmedabad,Telangana,North,consumer 
CUST14126,Customer_4126,62,Female,Hyderabad,Telangana, north ,Consumer
CUST14127,Customer_4127,49,Female,Pune,Gujarat,South,Small Business
CUST14128,Customer_4128,51,Other,Ahmedabad,Telangana,,Small Business
CUST14129,Customer_4129,62,Female,,Gujarat,,Small Business
CUST14130,Customer_4130,36,Other,Hyderabad,Karnataka,East,Consumer
CUST14131,Customer_4131,55,Male,Lucknow,Telangana,South,Consumer
CUST14132,Customer_4132,33,Female,Bengaluru,Telangana,,consumer 
CUST14133,Customer_4133,19,male ,Hyderabad,Tamil Nadu,,Corporate
CUST14134,Customer_4134,57,Female,Mumbai,West Bengal,South,Small Business
CUST14135,Customer_4135,34,Female,Mumbai,Karnataka,South,Small Business
CUST14136,Customer_4136,51,Female,Kolkata,Uttar Pradesh,West,Consumer
CUST14137,Customer_4137,59, FEMALE,Chennai,Tamil Nadu,,Consumer
CUST14138,Customer_4138,33,male ,Mumbai,Delhi,,Small Business
CUST14139,Customer_4139,55,Male,Hyderabad,West Bengal, north ,Consumer
CUST14140,Customer_4140,19, FEMALE,Hyderabad,Uttar Pradesh,North,Consumer
CUST14141,Customer_4141,19,Female,,Karnataka,West,consumer 
CUST14142,Customer_4142,43,Male,Lucknow,Delhi,West,Corporate
CUST14143,Customer_4143,30, FEMALE,Hyderabad,Uttar Pradesh,North,consumer 
CUST14144,Customer_4144,64,Female,Ahmedabad,,West,Consumer
CUST14145,Customer_4145,48,male ,Bengaluru,Delhi,SOUTH,Corporate
CUST14146,Customer_4146,51,Male,Kolkata,Gujarat,,Consumer
CUST14147,Customer_4147,56,Male,Ahmedabad,Karnataka,South,Consumer
CUST14148,Customer_4148,20,Female,Hyderabad,Gujarat,South,
CUST14149,Customer_4149,25,Male,Kolkata,Rajasthan,East,Consumer
CUST14150,Customer_4150,40,Female,Bengaluru,Gujarat,North,Consumer
CUST14151,Customer_4151,31,Male,Bengaluru,Uttar Pradesh,SOUTH,consumer 
CUST14152,Customer_4152,44,Female,Pune,Delhi,North,Small Business
CUST14153,Customer_4153,46,Male,Ahmedabad,Delhi,West,
CUST14154,Customer_4154,56,Male,Chennai,Tamil Nadu,South,Consumer
CUST14155,Customer_4155,56,male ,Ahmedabad,Maharashtra,East,Consumer
CUST14156,Customer_4156,18,Male,Ahmedabad,Tamil Nadu,North,Consumer
CUST14157,Customer_4157,34,Female,Bengaluru,Gujarat,North,Corporate
CUST14158,Customer_4158,58,Other,Hyderabad,Karnataka,South,Consumer
CUST14159,Customer_4159,47,Female,Kolkata,Tamil Nadu,West,Consumer
CUST14160,Customer_4160,30,male ,Chennai,Telangana,West,Small Business
CUST14161,Customer_4161,38,Male,Delhi,West Bengal,North,Corporate
CUST14162,Customer_4162,36,Male,,Maharashtra,North,Consumer
CUST14163,Customer_4163,36, FEMALE,Jaipur,Karnataka,West,CORPORATE
CUST14164,Customer_4164,42,Female,Hyderabad,Gujarat,West,Consumer
CUST14165,Customer_4165,39,Female,Pune,Uttar Pradesh,,consumer 
CUST14166,Customer_4166,48,Female,Delhi,Uttar Pradesh,North,CORPORATE
CUST14167,Customer_4167,34,Female,Chennai,Uttar Pradesh,North,Corporate
CUST14168,Customer_4168,40,Male,Ahmedabad,Telangana,North,Consumer
CUST14169,Customer_4169,49,male ,Ahmedabad,Uttar Pradesh,North,Consumer
CUST14170,Customer_4170,27,Female,Bengaluru,Telangana,East,Small Business
CUST14171,Customer_4171,27,Female,Chennai,Maharashtra, north ,Consumer
CUST14172,Customer_4172,53, FEMALE,Kolkata,Telangana,North,Corporate
CUST14173,Customer_4173,25,Male,Bengaluru,Maharashtra,West,Corporate
CUST14174,Customer_4174,69,Male,Delhi,Telangana,East,Consumer
CUST14175,Customer_4175,37, FEMALE,Chennai,Karnataka,SOUTH,
CUST14176,Customer_4176,49,male ,Pune,West Bengal,West,consumer 
CUST14177,Customer_4177,67,Female,Delhi,Telangana, north ,Consumer
CUST14178,Customer_4178,31,Male,Delhi,Rajasthan,West,Consumer
CUST14179,Customer_4179,67,Male,Mumbai,Tamil Nadu,West,Consumer
CUST14180,Customer_4180,45,Female,Bengaluru,Gujarat,South,consumer 
CUST14181,Customer_4181,63,Female,Pune,Delhi,North,Consumer
CUST14182,Customer_4182,69,male ,Bengaluru,Rajasthan,SOUTH,
CUST14183,Customer_4183,41,Other,Bengaluru,Rajasthan,West,Consumer
CUST14184,Customer_4184,32,male ,Ahmedabad,Gujarat,North,Consumer
CUST14185,Customer_4185,39,Male,Mumbai,Telangana, north ,Corporate
CUST14186,Customer_4186,47,male ,Chennai,Karnataka,South,Consumer
CUST14187,Customer_4187,21,Male,Ahmedabad,Maharashtra,South,consumer 
CUST14188,Customer_4188,30,Male,Pune,Karnataka,,Consumer
CUST14189,Customer_4189,40,Male,Jaipur,Tamil Nadu,East,
CUST14190,Customer_4190,25,Female,Hyderabad,Uttar Pradesh,East,consumer 
CUST14191,Customer_4191,35, FEMALE,Delhi,Karnataka,South,Small Business
CUST14192,Customer_4192,29,Male,Kolkata,Maharashtra,SOUTH,Consumer
CUST14193,Customer_4193,48,Male,Kolkata,Karnataka,SOUTH,Corporate
CUST14194,Customer_4194,31,Other,Delhi,Maharashtra,North,Consumer
CUST14195,Customer_4195,51,Male,Chennai,Gujarat,South,
CUST14196,Customer_4196,35,male ,Ahmedabad,Gujarat,North,Consumer
CUST14197,Customer_4197,51,Male,Mumbai,Karnataka, north ,Consumer
CUST14198,Customer_4198,28,Male,Chennai,Karnataka, north ,CORPORATE
CUST14199,Customer_4199,58,Other,Chennai,Gujarat,East,Consumer
CUST14200,Customer_4200,29,Male,Lucknow,Delhi,West,Consumer
CUST14201,Customer_4201,66,Female,Lucknow,West Bengal,West,Corporate
CUST14202,Customer_4202,32,Male,Jaipur,Gujarat,East,consumer 
CUST14203,Customer_4203,48,Male,Hyderabad,Tamil Nadu,South,Consumer
CUST14204,Customer_4204,66,Male,Delhi,Delhi,South,CORPORATE
CUST14205,Customer_4205,46,Male,Bengaluru,Maharashtra,South,Consumer
CUST14206,Customer_4206,43,Male,Kolkata,Gujarat,East,Small Business
CUST14207,Customer_4207,35,male ,Kolkata,Delhi,North,Consumer
CUST14208,Customer_4208,49,Female,Ahmedabad,Telangana,North,Consumer
CUST14209,Customer_4209,39,Male,Chennai,Uttar Pradesh,,Small Business
CUST14210,Customer_4210,55,Female,Kolkata,Uttar Pradesh,East,Consumer
CUST14211,Customer_4211,34,Other,Chennai,Tamil Nadu,,Consumer
CUST14212,Customer_4212,40,Other,Mumbai,Maharashtra, north ,Consumer
CUST14213,Customer_4213,41,Female,Chennai,West Bengal,West,Corporate
CUST14214,Customer_4214,67, FEMALE,Pune,Karnataka,West,Consumer
CUST14215,Customer_4215,25,Male,Ahmedabad,Karnataka,South,Consumer
CUST14216,Customer_4216,58,Female,Hyderabad,Uttar Pradesh,South,Corporate
CUST14217,Customer_4217,23,Female,,Maharashtra,South,Consumer
CUST14218,Customer_4218,22,Female,Pune,Delhi,North,Corporate
CUST14219,Customer_4219,61,Female,Bengaluru,Karnataka,West,Small Business
CUST14220,Customer_4220,46,Female,Mumbai,Tamil Nadu,North,Small Business
CUST14221,Customer_4221,45,,Mumbai,Rajasthan,West,Consumer
CUST14222,Customer_4222,28,male ,Chennai,Uttar Pradesh,North,Corporate
CUST14223,Customer_4223,18,Female,Delhi,Rajasthan,North,Consumer
CUST14224,Customer_4224,60,Female,Hyderabad,West Bengal,SOUTH,consumer 
CUST14225,Customer_4225,36,Male,,Rajasthan,North,Corporate
CUST14226,Customer_4226,26,Male,Kolkata,Karnataka,East,Consumer
CUST14227,Customer_4227,44,Male,Jaipur,Telangana,North,Consumer
CUST14228,Customer_4228,51,Female,Delhi,West Bengal,North,Corporate
CUST14229,Customer_4229,61,Male,Chennai,Delhi,West,Corporate
CUST14230,Customer_4230,21,male ,Bengaluru,Karnataka,West,Consumer
CUST14231,Customer_4231,53,Male,Ahmedabad,Telangana,North,Consumer
CUST14232,Customer_4232,35,Female,Mumbai,Tamil Nadu, north ,Corporate
CUST14233,Customer_4233,32,Male,,Tamil Nadu,West,Consumer
CUST14234,Customer_4234,68,Male,Pune,Rajasthan,South,Corporate
CUST14235,Customer_4235,30, FEMALE,Chennai,Tamil Nadu,South,Consumer
CUST14236,Customer_4236,36,Female,Lucknow,Gujarat,West,Consumer
CUST14237,Customer_4237,66,Other,Mumbai,Telangana,West,Consumer
CUST14238,Customer_4238,23,,Hyderabad,Tamil Nadu,North,Small Business
CUST14239,Customer_4239,65,Male,Lucknow,Delhi,,Consumer
CUST14240,Customer_4240,29,Male,Chennai,Karnataka,North,Small Business
CUST14241,Customer_4241,68, FEMALE,Hyderabad,Gujarat,South,Corporate
CUST14242,Customer_4242,54,,Delhi,Karnataka,South,Corporate
CUST14243,Customer_4243,34,Female,Jaipur,Karnataka,,
CUST14244,Customer_4244,40,male ,Ahmedabad,Tamil Nadu,West,consumer 
CUST14245,Customer_4245,43,male ,Pune,Delhi,West,Corporate
CUST14246,Customer_4246,46,Male,Lucknow,Tamil Nadu,South,Corporate
CUST14247,Customer_4247,50,Female,Chennai,Karnataka,North,Consumer
CUST14248,Customer_4248,44,male ,Mumbai,Telangana,North,CORPORATE
CUST14249,Customer_4249,42,Female,Delhi,Uttar Pradesh,East,consumer 
CUST14250,Customer_4250,27,Male,Kolkata,Rajasthan,South,Small Business
CUST14251,Customer_4251,64,Male,Chennai,Telangana,North,Consumer
CUST14252,Customer_4252,40,Male,,West Bengal,North,Small Business
CUST14253,Customer_4253,38,Male,Kolkata,Uttar Pradesh,,Consumer
CUST14254,Customer_4254,38, FEMALE,,Uttar Pradesh,East,Consumer
CUST14255,Customer_4255,60,Male,Chennai,Maharashtra,North,Small Business
CUST14256,Customer_4256,30,Male,Hyderabad,Karnataka,West,CORPORATE
CUST14257,Customer_4257,54,Male,Bengaluru,Karnataka,West,Consumer
CUST14258,Customer_4258,50,Female,Chennai,Maharashtra,,Consumer
CUST14259,Customer_4259,41,Female,Ahmedabad,Delhi,North,Consumer
CUST14260,Customer_4260,61,Male,Delhi,Maharashtra,West,CORPORATE
CUST14261,Customer_4261,28,Male,Ahmedabad,Uttar Pradesh,South,Small Business
CUST14262,Customer_4262,34,Male,,Tamil Nadu, north ,Corporate
CUST14263,Customer_4263,21,Female,Pune,Karnataka,North,Corporate
CUST14264,Customer_4264,64,Male,Bengaluru,West Bengal,East,Corporate
CUST14265,Customer_4265,42,Other,Mumbai,Uttar Pradesh,North,Consumer
CUST14266,Customer_4266,47,Female,Bengaluru,Karnataka,West,Consumer
CUST14267,Customer_4267,26,Male,Delhi,Tamil Nadu,,Small Business
CUST14268,Customer_4268,38,Female,Chennai,Delhi,South,Consumer
CUST14269,Customer_4269,37,Male,Delhi,West Bengal,North,Consumer
CUST14270,Customer_4270,36,Female,Jaipur,Karnataka,South,Corporate
CUST14271,Customer_4271,36,Male,Hyderabad,Telangana, north ,Consumer
CUST14272,Customer_4272,29,Female,Mumbai,Telangana,West,Corporate
CUST14273,Customer_4273,54,male ,Pune,West Bengal,South,Consumer
CUST14274,Customer_4274,59,Other,Ahmedabad,West Bengal,SOUTH,Small Business
CUST14275,Customer_4275,34,Male,Kolkata,Telangana,West,Consumer
CUST14276,Customer_4276,54,Male,Chennai,Delhi,North,Consumer
CUST14277,Customer_4277,65,Female,Jaipur,West Bengal,East,Small Business
CUST14278,Customer_4278,56,Other,Jaipur,Gujarat,South,Corporate
CUST14279,Customer_4279,45, FEMALE,Ahmedabad,Uttar Pradesh,West,Consumer
CUST14280,Customer_4280,58,Male,Mumbai,,South,Consumer
CUST14281,Customer_4281,52,Male,Lucknow,Maharashtra, north ,CORPORATE
CUST14282,Customer_4282,64,Female,Bengaluru,Maharashtra,West,Consumer
CUST14283,Customer_4283,65,Male,Ahmedabad,Tamil Nadu,West,Small Business
CUST14284,Customer_4284,35,Male,Bengaluru,Maharashtra,South,CORPORATE
CUST14285,Customer_4285,31,Male,Ahmedabad,Delhi,,Consumer
CUST14286,Customer_4286,52,Female,Ahmedabad,Telangana,East,Consumer
CUST14287,Customer_4287,61,Other,Mumbai,Karnataka, north ,Consumer
CUST14288,Customer_4288,58,,Ahmedabad,Karnataka,North,Consumer
CUST14289,Customer_4289,24,Male,Delhi,Gujarat,,Consumer
CUST14290,Customer_4290,58,Female,Mumbai,Maharashtra,West,Corporate
CUST14291,Customer_4291,30, FEMALE,Hyderabad,Maharashtra,,Small Business
CUST14292,Customer_4292,35,Male,,Maharashtra,North,consumer 
CUST14293,Customer_4293,54,Female,Chennai,Uttar Pradesh,South,Consumer
CUST14294,Customer_4294,30,Female,Pune,Rajasthan,North,Small Business
CUST14295,Customer_4295,53,Male,Kolkata,Maharashtra,North,Consumer
CUST14296,Customer_4296,48,Female,Ahmedabad,Maharashtra,South,Consumer
CUST14297,Customer_4297,19,Male,Jaipur,Uttar Pradesh,SOUTH,Consumer
CUST14298,Customer_4298,33,Female,Mumbai,Karnataka,West,Small Business
CUST14299,Customer_4299,26,Male,Bengaluru,,South,consumer 
CUST14300,Customer_4300,26,Male,Delhi,Tamil Nadu,SOUTH,consumer 
CUST14301,Customer_4301,55,Male,Kolkata,Maharashtra,West,Consumer
CUST14302,Customer_4302,28, FEMALE,Mumbai,Gujarat, north ,Consumer
CUST14303,Customer_4303,39,Female,Bengaluru,Karnataka,SOUTH,Consumer
CUST14304,Customer_4304,50,Female,Ahmedabad,Karnataka,West,Consumer
CUST14305,Customer_4305,53,Female,Bengaluru,Karnataka,South,Consumer
CUST14306,Customer_4306,62,Female,Pune,Uttar Pradesh,,Consumer
CUST14307,Customer_4307,40,Male,Hyderabad,Maharashtra,South,Consumer
CUST14308,Customer_4308,62,Female,Delhi,Telangana,West,Consumer
CUST14309,Customer_4309,62,Male,Hyderabad,Delhi, north ,Consumer
CUST14310,Customer_4310,51,Male,Hyderabad,Uttar Pradesh,North,Small Business
CUST14311,Customer_4311,26,Female,Ahmedabad,Karnataka,East,Corporate
CUST14312,Customer_4312,41,Male,Bengaluru,Karnataka,South,CORPORATE
CUST14313,Customer_4313,25,Male,Hyderabad,West Bengal,South,Consumer
CUST14314,Customer_4314,24,Female,Jaipur,Rajasthan,North,Consumer
CUST14315,Customer_4315,53,Female,Jaipur,Uttar Pradesh, north ,Consumer
CUST14316,Customer_4316,35,Female,Lucknow,Karnataka,North,Consumer
CUST14317,Customer_4317,20,Female,Ahmedabad,Uttar Pradesh, north ,Small Business
CUST14318,Customer_4318,45,Female,Lucknow,Tamil Nadu,East,Consumer
CUST14319,Customer_4319,23,Female,Hyderabad,Maharashtra,West,Small Business
CUST14320,Customer_4320,61,Male,Lucknow,Gujarat,West,Small Business
CUST14321,Customer_4321,61,Male,Chennai,Tamil Nadu,East,Small Business
CUST14322,Customer_4322,38,Female,Bengaluru,West Bengal,South,Small Business
CUST14323,Customer_4323,45,Male,Bengaluru,Gujarat,North,Small Business
CUST14324,Customer_4324,57,,Mumbai,Tamil Nadu,East,Corporate
CUST14325,Customer_4325,18,male ,Mumbai,Delhi,East,Corporate
CUST14326,Customer_4326,53,Male,Mumbai,Gujarat,South,Corporate
CUST14327,Customer_4327,38,Male,Delhi,Karnataka,East,Consumer
CUST14328,Customer_4328,60,Male,Ahmedabad,Tamil Nadu,South,Consumer
CUST14329,Customer_4329,52,Male,Ahmedabad,Maharashtra,West,Consumer
CUST14330,Customer_4330,30,Male,Pune,Karnataka,East,Consumer
CUST14331,Customer_4331,66,Female,Lucknow,Rajasthan,SOUTH,consumer 
CUST14332,Customer_4332,27, FEMALE,Mumbai,Telangana,East,Consumer
CUST14333,Customer_4333,61,Female,Ahmedabad,West Bengal, north ,Consumer
CUST14334,Customer_4334,64,Male,Chennai,Uttar Pradesh,East,Consumer
CUST14335,Customer_4335,27,Female,Delhi,Karnataka,East,Small Business
CUST14336,Customer_4336,63,Female,Mumbai,West Bengal,South,Consumer
CUST14337,Customer_4337,30,male ,Bengaluru,Uttar Pradesh,South,Consumer
CUST14338,Customer_4338,54,male ,Delhi,Rajasthan,SOUTH,Corporate
CUST14339,Customer_4339,55, FEMALE,Bengaluru,Tamil Nadu,North,Corporate
CUST14340,Customer_4340,41,Female,Delhi,Telangana,North,Small Business
CUST14341,Customer_4341,19,Female,Mumbai,Telangana,,Small Business
CUST14342,Customer_4342,39,Male,Bengaluru,Telangana,East,Small Business
CUST14343,Customer_4343,34,Female,,Karnataka,South,Consumer
CUST14344,Customer_4344,53,Male,Mumbai,Rajasthan,South,Consumer
CUST14345,Customer_4345,31,Female,Mumbai,Maharashtra,East,
CUST14346,Customer_4346,27,Female,Kolkata,Gujarat,,Consumer
CUST14347,Customer_4347,52,Male,Lucknow,Uttar Pradesh,West,Consumer
CUST14348,Customer_4348,42,Male,Hyderabad,Karnataka,South,Small Business
CUST14349,Customer_4349,20,Male,Ahmedabad,Delhi,West,Corporate
CUST14350,Customer_4350,64,Male,Bengaluru,Rajasthan,West,Consumer
CUST14351,Customer_4351,55,Male,Mumbai,Uttar Pradesh, north ,Consumer
CUST14352,Customer_4352,34,Male,Bengaluru,Gujarat,South,Consumer
CUST14353,Customer_4353,29,Male,Pune,Karnataka,South,Small Business
CUST14354,Customer_4354,69,Male,Hyderabad,Delhi,East,Consumer
CUST14355,Customer_4355,41,,Kolkata,Gujarat, north ,Consumer
CUST14356,Customer_4356,46,Male,Mumbai,Karnataka,West,Small Business
CUST14357,Customer_4357,60,Male,Kolkata,Uttar Pradesh,East,CORPORATE
CUST14358,Customer_4358,42,Female,Bengaluru,Delhi,,consumer 
CUST14359,Customer_4359,53, FEMALE,Chennai,Uttar Pradesh,South,consumer 
CUST14360,Customer_4360,43,Female,Pune,Maharashtra, north ,Consumer
CUST14361,Customer_4361,55,Male,Kolkata,Rajasthan,West,CORPORATE
CUST14362,Customer_4362,18,Female,Mumbai,Tamil Nadu, north ,Small Business
CUST14363,Customer_4363,37,Female,Lucknow,Gujarat,,consumer 
CUST14364,Customer_4364,45,Female,Jaipur,Delhi,East,Consumer
CUST14365,Customer_4365,33,Female,Mumbai,Karnataka,North,Consumer
CUST14366,Customer_4366,64, FEMALE,Ahmedabad,Delhi,East,Consumer
CUST14367,Customer_4367,34, FEMALE,Kolkata,Gujarat, north ,Small Business
CUST14368,Customer_4368,57,Female,Chennai,West Bengal,West,Consumer
CUST14369,Customer_4369,45,Female,Mumbai,Tamil Nadu,South,consumer 
CUST14370,Customer_4370,29,Female,Chennai,Maharashtra,North,Consumer
CUST14371,Customer_4371,44,male ,Mumbai,Tamil Nadu,East,Consumer
CUST14372,Customer_4372,59,Male,Hyderabad,Telangana,East,Small Business
CUST14373,Customer_4373,64,,Hyderabad,Karnataka,North,Corporate
CUST14374,Customer_4374,47,Male,Jaipur,Uttar Pradesh,West,Consumer
CUST14375,Customer_4375,58,Female,Mumbai,Delhi,South,consumer 
CUST14376,Customer_4376,51, FEMALE,Lucknow,Rajasthan,West,Small Business
CUST14377,Customer_4377,54,Male,Bengaluru,Uttar Pradesh,North,Consumer
CUST14378,Customer_4378,23,Female,Hyderabad,Gujarat, north ,Small Business
CUST14379,Customer_4379,24,Male,Jaipur,Uttar Pradesh,West,Consumer
CUST14380,Customer_4380,49,Female,Pune,Karnataka,South,Corporate
CUST14381,Customer_4381,49,Male,Bengaluru,West Bengal,West,Consumer
CUST14382,Customer_4382,42,Male,Hyderabad,Maharashtra,North,Consumer
CUST14383,Customer_4383,50,Male,Bengaluru,Maharashtra,,Consumer
CUST14384,Customer_4384,24,,Pune,West Bengal,West,Consumer
CUST14385,Customer_4385,69,,Bengaluru,Gujarat,West,Consumer
CUST14386,Customer_4386,29,Male,Jaipur,Delhi,North,Corporate
CUST14387,Customer_4387,33,Female,Pune,Maharashtra,,Corporate
CUST14388,Customer_4388,33,Male,Mumbai,West Bengal,East,Consumer
CUST14389,Customer_4389,60,Male,Bengaluru,Maharashtra,North,Consumer
CUST14390,Customer_4390,53,Male,Mumbai,West Bengal,West,Consumer
CUST14391,Customer_4391,30,Other,Hyderabad,Maharashtra,South,Consumer
CUST14392,Customer_4392,24,Other,Chennai,Maharashtra,South,Consumer
CUST14393,Customer_4393,53,Male,Chennai,Tamil Nadu,North,Consumer
CUST14394,Customer_4394,64,Male,Jaipur,Gujarat,,consumer 
CUST14395,Customer_4395,68,Male,Mumbai,Rajasthan,SOUTH,Consumer
CUST14396,Customer_4396,26,Female,Ahmedabad,Uttar Pradesh,North,Consumer
CUST14397,Customer_4397,49,Female,Bengaluru,Karnataka,South,Consumer
CUST14398,Customer_4398,28,Male,Bengaluru,Gujarat,South,Consumer
CUST14399,Customer_4399,25,Female,Kolkata,Telangana,South,Consumer
CUST14400,Customer_4400,50,Male,Lucknow,Gujarat,SOUTH,Small Business
CUST14401,Customer_4401,40,Other,Hyderabad,Tamil Nadu,West,Corporate
CUST14402,Customer_4402,42,Female,Jaipur,Karnataka,SOUTH,Consumer
CUST14403,Customer_4403,25,Female,Ahmedabad,Karnataka, north ,Consumer
CUST14404,Customer_4404,62,male ,Jaipur,West Bengal,West,Consumer
CUST14405,Customer_4405,39,male ,Delhi,Delhi,West,Consumer
CUST14406,Customer_4406,21,Male,Lucknow,Gujarat, north ,Consumer
CUST14407,Customer_4407,57,Male,Jaipur,Karnataka,West,Small Business
CUST14408,Customer_4408,20,Other,Kolkata,Karnataka,North,Small Business
CUST14409,Customer_4409,46,Male,Jaipur,Maharashtra,West,consumer 
CUST14410,Customer_4410,58,Male,Ahmedabad,Delhi,East,Consumer
CUST14411,Customer_4411,46,Female,Hyderabad,Rajasthan,,Corporate
CUST14412,Customer_4412,51,male ,Delhi,West Bengal,East,Consumer
CUST14413,Customer_4413,51,male ,Chennai,Uttar Pradesh,North,Small Business
CUST14414,Customer_4414,45,Other,Delhi,Delhi,South,Consumer
CUST14415,Customer_4415,30,Female,Bengaluru,Gujarat,SOUTH,Consumer
CUST14416,Customer_4416,32,Male,Pune,Karnataka,SOUTH,Consumer
CUST14417,Customer_4417,40,Female,Bengaluru,Gujarat,West,Consumer
CUST14418,Customer_4418,61,male ,Kolkata,Maharashtra,North,Small Business
CUST14419,Customer_4419,43,Male,Lucknow,Uttar Pradesh,North,Consumer
CUST14420,Customer_4420,21,Male,Hyderabad,West Bengal,East,Corporate
CUST14421,Customer_4421,43,Male,Ahmedabad,Karnataka,,Small Business
CUST14422,Customer_4422,57,Female,Delhi,Delhi, north ,Small Business
CUST14423,Customer_4423,26, FEMALE,Lucknow,West Bengal,SOUTH,CORPORATE
CUST14424,Customer_4424,22,Female,Lucknow,Delhi,West,Consumer
CUST14425,Customer_4425,49,,Bengaluru,Tamil Nadu, north ,Consumer
CUST14426,Customer_4426,37,Male,Bengaluru,West Bengal,South,Consumer
CUST14427,Customer_4427,67, FEMALE,Bengaluru,Uttar Pradesh,North,Consumer
CUST14428,Customer_4428,28,male ,Lucknow,,SOUTH,Small Business
CUST14429,Customer_4429,32,Male,Lucknow,Karnataka,North,Small Business
CUST14430,Customer_4430,49,Other,Bengaluru,Karnataka,West,Corporate
CUST14431,Customer_4431,45,Male,Pune,Karnataka,West,Consumer
CUST14432,Customer_4432,39, FEMALE,Mumbai,Uttar Pradesh,North,consumer 
CUST14433,Customer_4433,58, FEMALE,Chennai,Gujarat,North,Consumer
CUST14434,Customer_4434,34,Female,,,South,Consumer
CUST14435,Customer_4435,43,Female,Mumbai,Gujarat,West,CORPORATE
CUST14436,Customer_4436,61,Male,Ahmedabad,Gujarat,North,Consumer
CUST14437,Customer_4437,24,Female,Lucknow,,South,Small Business
CUST14438,Customer_4438,59,Male,Ahmedabad,Telangana,West,Small Business
CUST14439,Customer_4439,43,male ,Mumbai,Gujarat,North,consumer 
CUST14440,Customer_4440,42,Female,Mumbai,Uttar Pradesh,North,Consumer
CUST14441,Customer_4441,27,Other,Delhi,Maharashtra,South,
CUST14442,Customer_4442,62,Male,Jaipur,Delhi,South,Consumer
CUST14443,Customer_4443,36,male ,Kolkata,Maharashtra,West,Consumer
CUST14444,Customer_4444,28,Other,Mumbai,Uttar Pradesh,SOUTH,Consumer
CUST14445,Customer_4445,30,male ,Lucknow,West Bengal,North,Consumer
CUST14446,Customer_4446,25,Male,Bengaluru,Maharashtra, north ,CORPORATE
CUST14447,Customer_4447,57,Male,Mumbai,Uttar Pradesh,South,Small Business
CUST14448,Customer_4448,21,Male,Hyderabad,Maharashtra,West,Corporate
CUST14449,Customer_4449,64,Female,Delhi,Uttar Pradesh, north ,Consumer
CUST14450,Customer_4450,48,Female,Bengaluru,Uttar Pradesh,East,Corporate
CUST14451,Customer_4451,45,,Hyderabad,,North,Consumer
CUST14452,Customer_4452,28,Female,Lucknow,Maharashtra,North,Consumer
CUST14453,Customer_4453,60,Male,Lucknow,Gujarat,West,Corporate
CUST14454,Customer_4454,18,Female,Hyderabad,Karnataka,North,Small Business
CUST14455,Customer_4455,66,male ,Jaipur,Telangana,East,Consumer
CUST14456,Customer_4456,64,Other,Pune,Tamil Nadu,South,Corporate
CUST14457,Customer_4457,69,male ,Bengaluru,West Bengal,South,Corporate
CUST14458,Customer_4458,55,Female,Jaipur,,West,Consumer
CUST14459,Customer_4459,41,Female,Kolkata,West Bengal,West,Small Business
CUST14460,Customer_4460,64, FEMALE,Pune,Gujarat,,Small Business
CUST14461,Customer_4461,48,Female,Pune,Karnataka,South,Corporate
CUST14462,Customer_4462,58,Male,Kolkata,Telangana,North,Consumer
CUST14463,Customer_4463,63,Male,Hyderabad,Tamil Nadu,East,Corporate
CUST14464,Customer_4464,67,Male,Ahmedabad,Karnataka,,Consumer
CUST14465,Customer_4465,43,Female,Mumbai,,East,Small Business
CUST14466,Customer_4466,66,Male,Ahmedabad,Uttar Pradesh,,Consumer
CUST14467,Customer_4467,67,Male,Bengaluru,Tamil Nadu,North,Consumer
CUST14468,Customer_4468,22,Male,Mumbai,Uttar Pradesh,,CORPORATE
CUST14469,Customer_4469,37,Female,Pune,Tamil Nadu,West,Consumer
CUST14470,Customer_4470,69,Female,Hyderabad,Delhi,West,Small Business
CUST14471,Customer_4471,58,Female,Lucknow,Tamil Nadu,South,Corporate
CUST14472,Customer_4472,28,Male,Hyderabad,West Bengal,East,Consumer
CUST14473,Customer_4473,50,Male,Kolkata,,West,Consumer
CUST14474,Customer_4474,67,Female,Bengaluru,Delhi,West,Small Business
CUST14475,Customer_4475,55,Male,Mumbai,Tamil Nadu,South,Small Business
CUST14476,Customer_4476,44,Male,Hyderabad,Delhi,South,Consumer
CUST14477,Customer_4477,51,Male,,Maharashtra,West,Consumer
CUST14478,Customer_4478,32, FEMALE,Kolkata,West Bengal,,Small Business
CUST14479,Customer_4479,49,Female,Pune,Maharashtra,South,
CUST14480,Customer_4480,38,Male,,Uttar Pradesh,South,consumer 
CUST14481,Customer_4481,63,Male,Kolkata,Tamil Nadu, north ,Small Business
CUST14482,Customer_4482,22,Other,Ahmedabad,Maharashtra,West,consumer 
CUST14483,Customer_4483,23,Female,Delhi,Tamil Nadu,South,Consumer
CUST14484,Customer_4484,55,Female,Delhi,Delhi,North,Consumer
CUST14485,Customer_4485,39,Female,,Gujarat,West,Consumer
CUST14486,Customer_4486,35,Female,Mumbai,Delhi,South,
CUST14487,Customer_4487,31,male ,Chennai,Delhi,North,consumer 
CUST14488,Customer_4488,27,Female,Chennai,West Bengal,East,Consumer
CUST14489,Customer_4489,63,Female,Pune,,South,Corporate
CUST14490,Customer_4490,30,Male,Jaipur,Gujarat,South,Consumer
CUST14491,Customer_4491,48,Other,Ahmedabad,Karnataka,East,Small Business
CUST14492,Customer_4492,47,Female,Ahmedabad,Maharashtra,West,Consumer
CUST14493,Customer_4493,20,Male,Delhi,West Bengal,South,consumer 
CUST14494,Customer_4494,47,Other,Bengaluru,Uttar Pradesh,North,Consumer
CUST14495,Customer_4495,23,Other,Bengaluru,Telangana,South,Small Business
CUST14496,Customer_4496,46,,Mumbai,Telangana,North,Consumer
CUST14497,Customer_4497,25, FEMALE,Pune,Maharashtra,West,Consumer
CUST14498,Customer_4498,61,,Pune,Maharashtra,SOUTH,Corporate
CUST14499,Customer_4499,62,Male,Mumbai,West Bengal,West,Corporate
CUST14500,Customer_4500,60, FEMALE,Jaipur,Maharashtra,South,Consumer
CUST14501,Customer_4501,61,male ,Jaipur,Maharashtra,North,Corporate
CUST14502,Customer_4502,50,Male,Delhi,Maharashtra,South,Corporate
CUST14503,Customer_4503,34,Male,Hyderabad,Telangana,North,Consumer
CUST14504,Customer_4504,65,Other,Ahmedabad,Delhi,South,Corporate
CUST14505,Customer_4505,28,Male,Chennai,Tamil Nadu,North,Small Business
CUST14506,Customer_4506,30, FEMALE,Bengaluru,Gujarat, north ,Consumer
CUST14507,Customer_4507,67,Male,Bengaluru,Delhi, north ,Corporate
CUST14508,Customer_4508,28,Male,Bengaluru,West Bengal,East,Small Business
CUST14509,Customer_4509,48,Female,Delhi,Uttar Pradesh,North,Small Business
CUST14510,Customer_4510,45,Male,Lucknow,Karnataka,West,Consumer
CUST14511,Customer_4511,61,Female,Delhi,Maharashtra,North,Small Business
CUST14512,Customer_4512,23,Female,Bengaluru,Delhi,North,Small Business
CUST14513,Customer_4513,58,Male,Delhi,Rajasthan,South,Consumer
CUST14514,Customer_4514,33,Male,Jaipur,Tamil Nadu,South,Corporate
CUST14515,Customer_4515,21,Female,Delhi,Maharashtra,South,Consumer
CUST14516,Customer_4516,52,Male,Bengaluru,Uttar Pradesh,North,Consumer
CUST14517,Customer_4517,65,male ,Pune,Uttar Pradesh,North,Corporate
CUST14518,Customer_4518,43,Female,Hyderabad,Karnataka, north ,Consumer
CUST14519,Customer_4519,29,Male,Bengaluru,Uttar Pradesh,South,Consumer
CUST14520,Customer_4520,28,Female,Bengaluru,Karnataka,North,Consumer
CUST14521,Customer_4521,54,Male,Lucknow,Rajasthan,East,Consumer
CUST14522,Customer_4522,42,Male,Ahmedabad,Maharashtra,North,Corporate
CUST14523,Customer_4523,35,Male,Bengaluru,Rajasthan,East,Small Business
CUST14524,Customer_4524,36, FEMALE,Delhi,Maharashtra,South,Consumer
CUST14525,Customer_4525,40,Other,Delhi,West Bengal,East,Corporate
CUST14526,Customer_4526,55,male ,Jaipur,Maharashtra,,Consumer
CUST14527,Customer_4527,35,Male,Pune,Uttar Pradesh,West,Consumer
CUST14528,Customer_4528,43,Male,Jaipur,Delhi,North,CORPORATE
CUST14529,Customer_4529,23,Female,Kolkata,Maharashtra,East,Corporate
CUST14530,Customer_4530,21,Female,Ahmedabad,Maharashtra,SOUTH,Consumer
CUST14531,Customer_4531,61,,Ahmedabad,Delhi,West,Corporate
CUST14532,Customer_4532,68,Male,,Uttar Pradesh,,Consumer
CUST14533,Customer_4533,46,Male,Chennai,,SOUTH,consumer 
CUST14534,Customer_4534,51,Female,Bengaluru,Uttar Pradesh,East,Consumer
CUST14535,Customer_4535,34,male ,Chennai,Gujarat,South,Small Business
CUST14536,Customer_4536,60, FEMALE,Chennai,Delhi,West,Consumer
CUST14537,Customer_4537,60,Female,Pune,Maharashtra,West,Corporate
CUST14538,Customer_4538,33,Other,Mumbai,Tamil Nadu,East,consumer 
CUST14539,Customer_4539,19,Female,Kolkata,,West,Consumer
CUST14540,Customer_4540,51,Other,Chennai,Rajasthan,East,Consumer
CUST14541,Customer_4541,25,Other,Pune,Telangana,East,Corporate
CUST14542,Customer_4542,30, FEMALE,Mumbai,Maharashtra,South,Consumer
CUST14543,Customer_4543,59,Male,Hyderabad,Maharashtra,North,Small Business
CUST14544,Customer_4544,25,Male,Mumbai,Telangana, north ,Corporate
CUST14545,Customer_4545,47,Female,Ahmedabad,Rajasthan, north ,Consumer
CUST14546,Customer_4546,49,Female,Chennai,Delhi,East,Small Business
CUST14547,Customer_4547,53, FEMALE,Mumbai,Gujarat,South,Consumer
CUST14548,Customer_4548,64,Male,Delhi,Gujarat,North,consumer 
CUST14549,Customer_4549,47,Male,Kolkata,Gujarat,North,Consumer
CUST14550,Customer_4550,18,Female,,Gujarat,North,Small Business
CUST14551,Customer_4551,60,Male,,Delhi,South,Consumer
CUST14552,Customer_4552,56,Male,Chennai,,North,Small Business
CUST14553,Customer_4553,34,Female,Bengaluru,Telangana,South,Consumer
CUST14554,Customer_4554,37,Female,Kolkata,Gujarat,West,Consumer
CUST14555,Customer_4555,41,Male,Bengaluru,Maharashtra,SOUTH,Consumer
CUST14556,Customer_4556,67, FEMALE,Lucknow,Telangana,North,Consumer
CUST14557,Customer_4557,39,Female,Bengaluru,Delhi,East,Consumer
CUST14558,Customer_4558,46,Other,,Delhi,,Consumer
CUST14559,Customer_4559,39,Female,Pune,Gujarat,SOUTH,
CUST14560,Customer_4560,61,Male,Lucknow,Uttar Pradesh,South,Consumer
CUST14561,Customer_4561,26,Male,Delhi,Tamil Nadu,South,Small Business
CUST14562,Customer_4562,54,Male,Bengaluru,Tamil Nadu,South,Consumer
CUST14563,Customer_4563,27,Female,Jaipur,Uttar Pradesh,North,Consumer
CUST14564,Customer_4564,53,Male,Kolkata,Karnataka,East,Consumer
CUST14565,Customer_4565,54,Female,Mumbai,Uttar Pradesh,South,Corporate
CUST14566,Customer_4566,45,Female,Hyderabad,Tamil Nadu,West,Consumer
CUST14567,Customer_4567,45,Male,Bengaluru,West Bengal,South,Small Business
CUST14568,Customer_4568,59,Male,,Gujarat,,CORPORATE
CUST14569,Customer_4569,60,male ,Bengaluru,Tamil Nadu,South,Consumer
CUST14570,Customer_4570,38,Other,Bengaluru,Telangana,East,Consumer
CUST14571,Customer_4571,41,Male,Mumbai,Gujarat,West,Consumer
CUST14572,Customer_4572,59,Male,Hyderabad,Gujarat,West,Consumer
CUST14573,Customer_4573,57,Other,Mumbai,,North,Consumer
CUST14574,Customer_4574,19,Male,Ahmedabad,Tamil Nadu,South,
CUST14575,Customer_4575,25,Other,Mumbai,Karnataka,South,Small Business
CUST14576,Customer_4576,65,Male,Ahmedabad,Karnataka,,CORPORATE
CUST14577,Customer_4577,44, FEMALE,Hyderabad,Delhi,North,Consumer
CUST14578,Customer_4578,39,Male,Hyderabad,Uttar Pradesh,East,Consumer
CUST14579,Customer_4579,54,Other,Mumbai,Maharashtra,North,Consumer
CUST14580,Customer_4580,44,Male,Kolkata,West Bengal,South,Corporate
CUST14581,Customer_4581,46,Female,Kolkata,Gujarat,West,Small Business
CUST14582,Customer_4582,20,Male,Chennai,Gujarat,South,consumer 
CUST14583,Customer_4583,61,Male,Delhi,Delhi,South,Consumer
CUST14584,Customer_4584,30,male ,Ahmedabad,Karnataka,East,Consumer
CUST14585,Customer_4585,62,Female,,Uttar Pradesh,West,Consumer
CUST14586,Customer_4586,27,Other,Hyderabad,Tamil Nadu,South,Small Business
CUST14587,Customer_4587,53,Female,Pune,Uttar Pradesh,South,Corporate
CUST14588,Customer_4588,26, FEMALE,,Gujarat,West,Corporate
CUST14589,Customer_4589,44,Female,Bengaluru,Telangana,SOUTH,Consumer
CUST14590,Customer_4590,51,Other,Delhi,Karnataka,North,consumer 
CUST14591,Customer_4591,68,Other,Chennai,Telangana,West,Small Business
CUST14592,Customer_4592,18,Male,Lucknow,Rajasthan, north ,Consumer
CUST14593,Customer_4593,49, FEMALE,Delhi,Telangana,East,Consumer
CUST14594,Customer_4594,42, FEMALE,Pune,Uttar Pradesh,,Corporate
CUST14595,Customer_4595,46,Male,Ahmedabad,Gujarat,West,Consumer
CUST14596,Customer_4596,24,Female,Mumbai,Karnataka,North,Consumer
CUST14597,Customer_4597,66,Male,Mumbai,Gujarat,South,Small Business
CUST14598,Customer_4598,20,male ,Jaipur,West Bengal,South,Consumer
CUST14599,Customer_4599,37,Male,Bengaluru,Gujarat,North,Consumer
CUST14600,Customer_4600,37,Male,Mumbai,Maharashtra,North,Consumer
CUST14601,Customer_4601,47,Female,Hyderabad,Karnataka,West,Consumer
CUST14602,Customer_4602,52,Female,,Karnataka,SOUTH,Consumer
CUST14603,Customer_4603,52, FEMALE,Ahmedabad,Karnataka,South,Consumer
CUST14604,Customer_4604,66,Other,Pune,Maharashtra,North,Consumer
CUST14605,Customer_4605,56,Female,Hyderabad,Gujarat,West,Corporate
CUST14606,Customer_4606,44,Male,Chennai,Telangana,East,
CUST14607,Customer_4607,43,Female,Ahmedabad,Gujarat,West,Small Business
CUST14608,Customer_4608,31,Female,Delhi,West Bengal,West,Consumer
CUST14609,Customer_4609,34,Female,Mumbai,Maharashtra, north ,Consumer
CUST14610,Customer_4610,35,Male,Ahmedabad,Tamil Nadu,North,Consumer
CUST14611,Customer_4611,62,Female,Ahmedabad,,North,Consumer
CUST14612,Customer_4612,69,Male,Mumbai,West Bengal,South,Consumer
CUST14613,Customer_4613,46,Female,Mumbai,Delhi,East,Consumer
CUST14614,Customer_4614,37,Female,Hyderabad,Gujarat,SOUTH,Corporate
CUST14615,Customer_4615,44, FEMALE,Delhi,Maharashtra, north ,Corporate
CUST14616,Customer_4616,35,Female,Kolkata,Rajasthan, north ,Corporate
CUST14617,Customer_4617,21,Male,Delhi,Tamil Nadu,,
CUST14618,Customer_4618,18, FEMALE,Delhi,Karnataka,West,Consumer
CUST14619,Customer_4619,67,Female,Chennai,Karnataka,South,
CUST14620,Customer_4620,18,Male,Ahmedabad,Gujarat,,Consumer
CUST14621,Customer_4621,43,Female,Hyderabad,Gujarat,North,Consumer
CUST14622,Customer_4622,62,Male,Hyderabad,Tamil Nadu,North,CORPORATE
CUST14623,Customer_4623,37, FEMALE,,Karnataka, north ,Consumer
CUST14624,Customer_4624,69,Female,Chennai,Maharashtra,West,Consumer
CUST14625,Customer_4625,40,Female,Hyderabad,Maharashtra,West,Consumer
CUST14626,Customer_4626,27,Male,Hyderabad,Tamil Nadu,North,Consumer
CUST14627,Customer_4627,28,Female,Mumbai,Karnataka, north ,
CUST14628,Customer_4628,58,,Chennai,Delhi,West,Consumer
CUST14629,Customer_4629,58,male ,Hyderabad,Telangana,West,
CUST14630,Customer_4630,22,Male,Bengaluru,Uttar Pradesh,East,Consumer
CUST14631,Customer_4631,18,Male,Mumbai,Gujarat,West,Consumer
CUST14632,Customer_4632,34,Male,Bengaluru,West Bengal,South,Consumer
CUST14633,Customer_4633,39,Female,Chennai,Uttar Pradesh,North,Consumer
CUST14634,Customer_4634,51,Female,Delhi,Telangana,East,Consumer
CUST14635,Customer_4635,62,Female,Mumbai,Tamil Nadu,West,Small Business
CUST14636,Customer_4636,58,Female,Ahmedabad,Uttar Pradesh,North,Consumer
CUST14637,Customer_4637,46,male ,Pune,Uttar Pradesh,North,Small Business
CUST14638,Customer_4638,21,Female,Delhi,Telangana,West,Small Business
CUST14639,Customer_4639,22,Male,Kolkata,Tamil Nadu,South,Consumer
CUST14640,Customer_4640,28,Female,Delhi,Gujarat,North,Small Business
CUST14641,Customer_4641,68,Other,Jaipur,West Bengal, north ,consumer 
CUST14642,Customer_4642,38,male ,Jaipur,Rajasthan,North,Corporate
CUST14643,Customer_4643,52,Female,Kolkata,Uttar Pradesh,South,Consumer
CUST14644,Customer_4644,29,Female,Jaipur,Maharashtra,South,Consumer
CUST14645,Customer_4645,43,Other,Delhi,Tamil Nadu,East,Small Business
CUST14646,Customer_4646,68,Female,Jaipur,Gujarat,South,Consumer
CUST14647,Customer_4647,36,Male,Mumbai,Telangana,SOUTH,Consumer
CUST14648,Customer_4648,62,Other,Bengaluru,Karnataka,West,Consumer
CUST14649,Customer_4649,24, FEMALE,Ahmedabad,West Bengal,South,Consumer
CUST14650,Customer_4650,64,Male,Chennai,Maharashtra,South,Consumer
CUST14651,Customer_4651,24,Female,Ahmedabad,Tamil Nadu,East,Consumer
CUST14652,Customer_4652,43,Female,Delhi,Maharashtra,North,Consumer
CUST14653,Customer_4653,57,Male,Chennai,West Bengal,SOUTH,Consumer
CUST14654,Customer_4654,22,Other,Delhi,West Bengal,North,Consumer
CUST14655,Customer_4655,38,Female,Kolkata,Telangana,West,Corporate
CUST14656,Customer_4656,31, FEMALE,Delhi,Telangana,West,consumer 
CUST14657,Customer_4657,21,Male,Mumbai,Karnataka,West,Consumer
CUST14658,Customer_4658,40,Female,Bengaluru,Karnataka,North,Consumer
CUST14659,Customer_4659,59,Male,Jaipur,Tamil Nadu,East,Consumer
CUST14660,Customer_4660,37,male ,Mumbai,Karnataka,North,consumer 
CUST14661,Customer_4661,32,Female,Lucknow,Uttar Pradesh,West,Corporate
CUST14662,Customer_4662,67,Female,Mumbai,Rajasthan,East,Consumer
CUST14663,Customer_4663,69,Male,Delhi,Karnataka,North,Small Business
CUST14664,Customer_4664,62,Male,Hyderabad,Delhi,West,Consumer
CUST14665,Customer_4665,46,Male,Ahmedabad,Delhi,South,Consumer
CUST14666,Customer_4666,25,Male,Delhi,West Bengal,North,Consumer
CUST14667,Customer_4667,58,Female,Delhi,Maharashtra,,Consumer
CUST14668,Customer_4668,65,Female,Jaipur,Delhi,South,Corporate
CUST14669,Customer_4669,36,Female,Bengaluru,Karnataka,SOUTH,Corporate
CUST14670,Customer_4670,65,Female,Jaipur,Gujarat,South,Small Business
CUST14671,Customer_4671,56,Male,Mumbai,Rajasthan,East,Corporate
CUST14672,Customer_4672,63,Male,Chennai,Gujarat,SOUTH,Consumer
CUST14673,Customer_4673,45,Male,Bengaluru,Maharashtra,,Corporate
CUST14674,Customer_4674,63, FEMALE,Chennai,Delhi,South,Consumer
CUST14675,Customer_4675,44,Female,Jaipur,Delhi,North,Consumer
CUST14676,Customer_4676,21,Male,Jaipur,Gujarat,SOUTH,Small Business
CUST14677,Customer_4677,32,Male,Chennai,Karnataka,West,CORPORATE
CUST14678,Customer_4678,52, FEMALE,Ahmedabad,Telangana,North,Consumer
CUST14679,Customer_4679,54,Female,Bengaluru,Telangana,South,Consumer
CUST14680,Customer_4680,18,Female,Bengaluru,Uttar Pradesh,SOUTH,Consumer
CUST14681,Customer_4681,20,Female,Pune,Karnataka,East,consumer 
CUST14682,Customer_4682,64,Male,Pune,Tamil Nadu,East,CORPORATE
CUST14683,Customer_4683,41,Other,Delhi,,,Small Business
CUST14684,Customer_4684,44,male ,Pune,Telangana,West,Consumer
CUST14685,Customer_4685,57,Male,Hyderabad,Tamil Nadu,SOUTH,consumer 
CUST14686,Customer_4686,53, FEMALE,Jaipur,Tamil Nadu,West,Consumer
CUST14687,Customer_4687,51,Female,Lucknow,Uttar Pradesh,SOUTH,Consumer
CUST14688,Customer_4688,46,Male,Pune,Karnataka,West,Corporate
CUST14689,Customer_4689,41,Female,Delhi,Maharashtra,North,Small Business
CUST14690,Customer_4690,41,Male,Kolkata,Uttar Pradesh,North,Small Business
CUST14691,Customer_4691,59,Male,Jaipur,Telangana, north ,Small Business
CUST14692,Customer_4692,21,Female,Bengaluru,Gujarat,North,consumer 
CUST14693,Customer_4693,20,Male,Chennai,Rajasthan,West,Consumer
CUST14694,Customer_4694,51,male ,Ahmedabad,West Bengal, north ,Small Business
CUST14695,Customer_4695,66,,Bengaluru,Delhi,South,Consumer
CUST14696,Customer_4696,40,Male,Mumbai,Uttar Pradesh,South,Consumer
CUST14697,Customer_4697,69,Female,Mumbai,Rajasthan,North,Consumer
CUST14698,Customer_4698,40,male ,Pune,Rajasthan,North,consumer 
CUST14699,Customer_4699,62,male ,Ahmedabad,Karnataka,West,CORPORATE
CUST14700,Customer_4700,22,Female,Pune,Gujarat,,Consumer
CUST14701,Customer_4701,48,Male,Bengaluru,Karnataka,,Corporate
CUST14702,Customer_4702,58,Female,Kolkata,Maharashtra,South,Consumer
CUST14703,Customer_4703,23,Female,Pune,,,Consumer
CUST14704,Customer_4704,54,Other,Pune,Uttar Pradesh,North,Consumer
CUST14705,Customer_4705,27,Male,Mumbai,Telangana,East,Consumer
CUST14706,Customer_4706,57,Other,Kolkata,Gujarat,South,Consumer
CUST14707,Customer_4707,24,Male,Hyderabad,Delhi,North,Corporate
CUST14708,Customer_4708,56,,Delhi,Delhi,West,Consumer
CUST14709,Customer_4709,55,Female,Chennai,Rajasthan,SOUTH,Corporate
CUST14710,Customer_4710,38,Female,,Maharashtra,North,Consumer
CUST14711,Customer_4711,37,Female,Bengaluru,Gujarat,South,Small Business
CUST14712,Customer_4712,20,Male,Ahmedabad,Gujarat,West,Corporate
CUST14713,Customer_4713,68,Male,Delhi,Karnataka, north ,Small Business
CUST14714,Customer_4714,39,Male,Jaipur,Gujarat,North,Consumer
CUST14715,Customer_4715,64,Male,Delhi,Delhi,,Consumer
CUST14716,Customer_4716,21,Male,Bengaluru,Tamil Nadu,North,
CUST14717,Customer_4717,45,male ,Pune,Gujarat,,Consumer
CUST14718,Customer_4718,29,Female,Pune,Gujarat,North,Consumer
CUST14719,Customer_4719,55,Male,,Karnataka,South,consumer 
CUST14720,Customer_4720,68, FEMALE,Pune,Maharashtra,South,Consumer
CUST14721,Customer_4721,53,Female,Pune,Maharashtra,East,Corporate
CUST14722,Customer_4722,64,Other,Ahmedabad,Tamil Nadu,North,Consumer
CUST14723,Customer_4723,58,Female,Chennai,West Bengal,East,Consumer
CUST14724,Customer_4724,22,Male,Mumbai,Delhi,North,Consumer
CUST14725,Customer_4725,30,Female,Mumbai,Telangana,South,Consumer
CUST14726,Customer_4726,40,Female,Hyderabad,Uttar Pradesh,South,Consumer
CUST14727,Customer_4727,67,Male,Jaipur,Telangana,North,Small Business
CUST14728,Customer_4728,47,Male,Delhi,Maharashtra,West,CORPORATE
CUST14729,Customer_4729,54,Male,Mumbai,Gujarat,North,Corporate
CUST14730,Customer_4730,42,Male,Delhi,Karnataka,West,Consumer
CUST14731,Customer_4731,65,Female,Pune,Uttar Pradesh,East,Small Business
CUST14732,Customer_4732,44,Female,Bengaluru,Maharashtra,East,Corporate
CUST14733,Customer_4733,68,Male,Mumbai,Telangana,West,Consumer
CUST14734,Customer_4734,31,Female,Pune,Tamil Nadu,North,Consumer
CUST14735,Customer_4735,65,Female,Jaipur,Tamil Nadu,North,Small Business
CUST14736,Customer_4736,64,Male,Bengaluru,Tamil Nadu,South,Corporate
CUST14737,Customer_4737,53,Male,Pune,Maharashtra,South,CORPORATE
CUST14738,Customer_4738,56,Male,Delhi,Tamil Nadu,South,Small Business
CUST14739,Customer_4739,33,Female,Ahmedabad,Tamil Nadu,West,Consumer
CUST14740,Customer_4740,39,Male,Bengaluru,Maharashtra,North,Small Business
CUST14741,Customer_4741,38,Male,,,SOUTH,Consumer
CUST14742,Customer_4742,38,Female,Ahmedabad,Gujarat,North,Consumer
CUST14743,Customer_4743,25,Female,Jaipur,Gujarat,South,Corporate
CUST14744,Customer_4744,66,Male,Delhi,Rajasthan, north ,consumer 
CUST14745,Customer_4745,33,Male,Pune,Maharashtra,North,consumer 
CUST14746,Customer_4746,48,Female,Delhi,West Bengal,,Corporate
CUST14747,Customer_4747,59, FEMALE,Ahmedabad,Uttar Pradesh,North,Consumer
CUST14748,Customer_4748,27,Female,Jaipur,Delhi,North,Consumer
CUST14749,Customer_4749,49,Female,Ahmedabad,Tamil Nadu,South,Consumer
CUST14750,Customer_4750,51,Male,Pune,Telangana,South,
CUST14751,Customer_4751,26,Male,Chennai,Maharashtra,East,Small Business
CUST14752,Customer_4752,34, FEMALE,Chennai,Telangana,North,Small Business
CUST14753,Customer_4753,28,Male,Hyderabad,,North,Small Business
CUST14754,Customer_4754,49,,Chennai,Uttar Pradesh,North,Corporate
CUST14755,Customer_4755,27,Female,Kolkata,Karnataka,South,Corporate
CUST14756,Customer_4756,39,Female,Ahmedabad,West Bengal,,Consumer
CUST14757,Customer_4757,34,Male,Pune,Karnataka,South,Consumer
CUST14758,Customer_4758,21,Female,Lucknow,West Bengal,West,consumer 
CUST14759,Customer_4759,65,Female,,Gujarat,,Consumer
CUST14760,Customer_4760,69,Male,Chennai,Tamil Nadu,North,consumer 
CUST14761,Customer_4761,64,Male,Bengaluru,Uttar Pradesh,East,Small Business
CUST14762,Customer_4762,42, FEMALE,Kolkata,Telangana,West,Small Business
CUST14763,Customer_4763,38,Female,Hyderabad,Tamil Nadu, north ,Consumer
CUST14764,Customer_4764,54,Female,Delhi,Rajasthan,East,Consumer
CUST14765,Customer_4765,55,Male,Hyderabad,Uttar Pradesh,South,Consumer
CUST14766,Customer_4766,66,Female,,Rajasthan,North,consumer 
CUST14767,Customer_4767,18,Female,Delhi,,West,consumer 
CUST14768,Customer_4768,42,Female,Kolkata,Uttar Pradesh,South,Consumer
CUST14769,Customer_4769,68,Female,Lucknow,Uttar Pradesh, north ,Consumer
CUST14770,Customer_4770,53,Female,Kolkata,Gujarat,East,consumer 
CUST14771,Customer_4771,34,Female,Pune,Karnataka, north ,Consumer
CUST14772,Customer_4772,58,Male,Kolkata,Telangana,East,
CUST14773,Customer_4773,41,Other,Hyderabad,West Bengal,West,Corporate
CUST14774,Customer_4774,19,Female,Delhi,Tamil Nadu,South,CORPORATE
CUST14775,Customer_4775,57,Male,Ahmedabad,Gujarat,East,Consumer
CUST14776,Customer_4776,32,Female,Hyderabad,Delhi,North,Consumer
CUST14777,Customer_4777,49,male ,Kolkata,Maharashtra,East,Consumer
CUST14778,Customer_4778,56,Male,Chennai,Gujarat,East,consumer 
CUST14779,Customer_4779,23,Male,Delhi,Delhi,West,Consumer
CUST14780,Customer_4780,18,Female,Ahmedabad,Maharashtra,West,Corporate
CUST14781,Customer_4781,64,Male,Lucknow,Karnataka,West,Consumer
CUST14782,Customer_4782,40,male ,Mumbai,Uttar Pradesh,North,CORPORATE
CUST14783,Customer_4783,56,Male,,West Bengal, north ,Consumer
CUST14784,Customer_4784,34,male ,Jaipur,Gujarat,,Consumer
CUST14785,Customer_4785,51,Male,Chennai,Maharashtra,West,Consumer
CUST14786,Customer_4786,58,Male,Pune,Gujarat,East,Corporate
CUST14787,Customer_4787,46, FEMALE,Delhi,Karnataka,West,Consumer
CUST14788,Customer_4788,26,Female,Pune,Karnataka,East,Consumer
CUST14789,Customer_4789,30,Male,Delhi,Tamil Nadu,West,consumer 
CUST14790,Customer_4790,23,Male,Pune,Delhi,South,Consumer
CUST14791,Customer_4791,23,Female,Pune,Telangana,West,Corporate
CUST14792,Customer_4792,37,Female,Ahmedabad,Karnataka,South,Consumer
CUST14793,Customer_4793,69,,Jaipur,Maharashtra,West,Corporate
CUST14794,Customer_4794,20,,Bengaluru,Gujarat,North,Consumer
CUST14795,Customer_4795,34,Female,Ahmedabad,Telangana,West,Small Business
CUST14796,Customer_4796,66,Female,Pune,,South,Consumer
CUST14797,Customer_4797,29,Female,Pune,Gujarat,South,Small Business
CUST14798,Customer_4798,65,Female,Mumbai,Maharashtra,,Consumer
CUST14799,Customer_4799,64,Male,Lucknow,Tamil Nadu,West,Corporate
CUST14800,Customer_4800,62,Male,Ahmedabad,West Bengal,West,consumer 
CUST14801,Customer_4801,18,Male,Jaipur,Uttar Pradesh,SOUTH,Consumer
CUST14802,Customer_4802,34,Male,Ahmedabad,Gujarat,North,Consumer
CUST14803,Customer_4803,20,Male,Bengaluru,West Bengal,South,Consumer
CUST14804,Customer_4804,43,Female,Ahmedabad,Delhi,South,consumer 
CUST14805,Customer_4805,32,male ,Chennai,Tamil Nadu,South,Consumer
CUST14806,Customer_4806,53,Female,Mumbai,Gujarat,South,
CUST14807,Customer_4807,49,Male,Kolkata,Rajasthan,West,Consumer
CUST14808,Customer_4808,49,Male,Kolkata,Gujarat,South,Corporate
CUST14809,Customer_4809,21,Female,Bengaluru,Rajasthan,South,Consumer
CUST14810,Customer_4810,35,Male,Delhi,Delhi,East,Consumer
CUST14811,Customer_4811,66,Female,Mumbai,Gujarat,North,Corporate
CUST14812,Customer_4812,36,Other,Hyderabad,Gujarat,South,Corporate
CUST14813,Customer_4813,60,Male,Mumbai,Maharashtra,North,Small Business
CUST14814,Customer_4814,69,Male,Mumbai,Maharashtra,SOUTH,Corporate
CUST14815,Customer_4815,52,Female,Hyderabad,Tamil Nadu,South,Small Business
CUST14816,Customer_4816,57,Other,Ahmedabad,Uttar Pradesh, north ,Small Business
CUST14817,Customer_4817,31,male ,Jaipur,Telangana,East,Consumer
CUST14818,Customer_4818,50, FEMALE,Bengaluru,Maharashtra,North,Consumer
CUST14819,Customer_4819,31,Male,Ahmedabad,Tamil Nadu,,Consumer
CUST14820,Customer_4820,51,,Kolkata,Karnataka,West,Consumer
CUST14821,Customer_4821,21,Male,Chennai,Karnataka,SOUTH,Small Business
CUST14822,Customer_4822,41,Male,Chennai,Rajasthan,North,Corporate
CUST14823,Customer_4823,46, FEMALE,Hyderabad,Gujarat,North,Corporate
CUST14824,Customer_4824,36,Other,Mumbai,Tamil Nadu,South,Small Business
CUST14825,Customer_4825,23,Male,Hyderabad,Rajasthan,South,Consumer
CUST14826,Customer_4826,50,Male,Chennai,Rajasthan,West,Consumer
CUST14827,Customer_4827,66,Male,Chennai,Tamil Nadu,East,Corporate
CUST14828,Customer_4828,57,Male,Jaipur,Karnataka,North,Consumer
CUST14829,Customer_4829,36,Male,Hyderabad,Telangana,SOUTH,Small Business
CUST14830,Customer_4830,18,Other,Jaipur,Karnataka,South,Consumer
CUST14831,Customer_4831,22,Female,Pune,Gujarat,West,Corporate
CUST14832,Customer_4832,44,male ,Ahmedabad,Uttar Pradesh,West,
CUST14833,Customer_4833,33,male ,Hyderabad,West Bengal,North,Consumer
CUST14834,Customer_4834,23,Female,Ahmedabad,Gujarat,North,Consumer
CUST14835,Customer_4835,57,male ,Lucknow,Gujarat,North,Consumer
CUST14836,Customer_4836,30,Female,Kolkata,Gujarat,SOUTH,Consumer
CUST14837,Customer_4837,65,Male,Kolkata,Maharashtra,West,Small Business
CUST14838,Customer_4838,52,Female,Delhi,Rajasthan,North,Consumer
CUST14839,Customer_4839,36,Female,Ahmedabad,West Bengal,East,Consumer
CUST14840,Customer_4840,29,male ,Delhi,Uttar Pradesh,East,Small Business
CUST14841,Customer_4841,33,,Pune,Karnataka,North,Consumer
CUST14842,Customer_4842,60,Female,Bengaluru,Rajasthan,South,Corporate
CUST14843,Customer_4843,27,male ,Hyderabad,Telangana,West,Consumer
CUST14844,Customer_4844,42,Male,Pune,Uttar Pradesh,North,Consumer
CUST14845,Customer_4845,37,male ,Ahmedabad,Uttar Pradesh, north ,Corporate
CUST14846,Customer_4846,48,Male,Chennai,Maharashtra,West,Consumer
CUST14847,Customer_4847,21,Male,,Maharashtra,North,consumer 
CUST14848,Customer_4848,61,Male,Pune,Rajasthan, north ,Consumer
CUST14849,Customer_4849,40,Female,Mumbai,Tamil Nadu,North,Consumer
CUST14850,Customer_4850,19,Male,Mumbai,Tamil Nadu, north ,Consumer
CUST14851,Customer_4851,39,Other,Jaipur,Uttar Pradesh,South,Consumer
CUST14852,Customer_4852,68,Male,Delhi,Gujarat,West,Small Business
CUST14853,Customer_4853,54,Other,Chennai,Maharashtra,West,Consumer
CUST14854,Customer_4854,25,Female,Mumbai,Tamil Nadu,South,Consumer
CUST14855,Customer_4855,24,Male,Hyderabad,Uttar Pradesh,South,Consumer
CUST14856,Customer_4856,31,Female,Jaipur,Gujarat,East,Consumer
CUST14857,Customer_4857,20,Female,Chennai,Karnataka,East,Consumer
CUST14858,Customer_4858,67,Female,Mumbai,Maharashtra,South,Corporate
CUST14859,Customer_4859,33,Female,Bengaluru,Maharashtra,,consumer 
CUST14860,Customer_4860,36,Female,Hyderabad,Gujarat,West,Consumer
CUST14861,Customer_4861,68,Female,Delhi,Tamil Nadu,South,Consumer
CUST14862,Customer_4862,35,,Pune,Telangana,West,Small Business
CUST14863,Customer_4863,69,Male,Pune,Delhi,South,Consumer
CUST14864,Customer_4864,33,Female,Delhi,Delhi, north ,Consumer
CUST14865,Customer_4865,25,Male,Hyderabad,Rajasthan,South,Consumer
CUST14866,Customer_4866,50,male ,Hyderabad,West Bengal,North,Corporate
CUST14867,Customer_4867,66,male ,Bengaluru,West Bengal,North,Consumer
CUST14868,Customer_4868,29,Male,Pune,Maharashtra,,Consumer
CUST14869,Customer_4869,28,Male,Bengaluru,Karnataka,South,Corporate
CUST14870,Customer_4870,22,Male,Hyderabad,Uttar Pradesh,North,Corporate
CUST14871,Customer_4871,44,Female,Lucknow,Maharashtra,East,Corporate
CUST14872,Customer_4872,29,Female,Mumbai,Gujarat,South,Corporate
CUST14873,Customer_4873,34,,Pune,Maharashtra,South,Consumer
CUST14874,Customer_4874,23,Female,Chennai,Maharashtra,East,Consumer
CUST14875,Customer_4875,50,Male,Bengaluru,Tamil Nadu,North,Consumer
CUST14876,Customer_4876,22, FEMALE,Jaipur,Gujarat,East,consumer 
CUST14877,Customer_4877,45,Female,Pune,Karnataka,South,Corporate
CUST14878,Customer_4878,31,Female,Chennai,Rajasthan,East,Small Business
CUST14879,Customer_4879,22,Male,Kolkata,West Bengal,South,CORPORATE
CUST14880,Customer_4880,50,Female,Lucknow,Maharashtra,East,Small Business
CUST14881,Customer_4881,67,Other,Ahmedabad,Karnataka,North,Small Business
CUST14882,Customer_4882,65,Female,Pune,Gujarat,South,Corporate
CUST14883,Customer_4883,58,Male,Ahmedabad,Maharashtra,South,Consumer
CUST14884,Customer_4884,36,Female,Delhi,Rajasthan,South,CORPORATE
CUST14885,Customer_4885,39,Other,Chennai,Gujarat,South,Corporate
CUST14886,Customer_4886,22,Male,Mumbai,Maharashtra,,Consumer
CUST14887,Customer_4887,19,Female,Delhi,Telangana,West,Consumer
CUST14888,Customer_4888,47,Other,Chennai,Maharashtra,South,Small Business
CUST14889,Customer_4889,64,Male,Jaipur,Maharashtra,North,Consumer
CUST14890,Customer_4890,56,Female,Hyderabad,Maharashtra,East,Consumer
CUST14891,Customer_4891,21,Female,Kolkata,Rajasthan,SOUTH,Consumer
CUST14892,Customer_4892,50,Female,Chennai,Uttar Pradesh,North,Small Business
CUST14893,Customer_4893,30,Male,Hyderabad,Rajasthan,North,Consumer
CUST14894,Customer_4894,37,Male,Bengaluru,Gujarat,South,Small Business
CUST14895,Customer_4895,24,Female,Hyderabad,Maharashtra,South,Small Business
CUST14896,Customer_4896,32,Male,Bengaluru,Karnataka,South,consumer 
CUST14897,Customer_4897,40,Female,Kolkata,Karnataka,West,Corporate
CUST14898,Customer_4898,31,Male,Delhi,Maharashtra,East,Small Business
CUST14899,Customer_4899,40,Male,,Maharashtra,South,Consumer
CUST14900,Customer_4900,36,Other,Kolkata,Tamil Nadu,SOUTH,Consumer
CUST14901,Customer_4901,46,Female,Pune,Uttar Pradesh,North,Corporate
CUST14902,Customer_4902,37,Other,Hyderabad,Gujarat,North,Consumer
CUST14903,Customer_4903,46,Male,Mumbai,Maharashtra,South,Consumer
CUST14904,Customer_4904,41,Female,Hyderabad,Uttar Pradesh,North,Consumer
CUST14905,Customer_4905,35,Male,Jaipur,Uttar Pradesh,West,Consumer
CUST14906,Customer_4906,27,male ,Ahmedabad,Telangana,South,consumer 
CUST14907,Customer_4907,58,male ,Kolkata,Maharashtra,West,Corporate
CUST14908,Customer_4908,25,Male,Delhi,,West,Corporate
CUST14909,Customer_4909,43,Other,Kolkata,Rajasthan,South,Consumer
CUST14910,Customer_4910,46,Male,Bengaluru,,East,Consumer
CUST14911,Customer_4911,27,Female,Bengaluru,Tamil Nadu,,Consumer
CUST14912,Customer_4912,34,,Mumbai,Telangana, north ,Consumer
CUST14913,Customer_4913,19, FEMALE,Jaipur,Karnataka,North,Corporate
CUST14914,Customer_4914,23,Other,Kolkata,,South,Consumer
CUST14915,Customer_4915,22,Male,Pune,Karnataka, north ,Consumer
CUST14916,Customer_4916,45,Male,Kolkata,Delhi,South,Corporate
CUST14917,Customer_4917,58,Male,Mumbai,Tamil Nadu,North,Consumer
CUST14918,Customer_4918,22,Female,Hyderabad,Telangana,East,Small Business
CUST14919,Customer_4919,35,male ,Kolkata,Karnataka,South,Small Business
CUST14920,Customer_4920,43,Male,Kolkata,West Bengal,East,Consumer
CUST14921,Customer_4921,37,Female,Lucknow,Telangana,West,Consumer
CUST14922,Customer_4922,58,Male,Bengaluru,Telangana,East,
CUST14923,Customer_4923,66,Male,Jaipur,Delhi,East,Small Business
CUST14924,Customer_4924,44,Female,Hyderabad,West Bengal,South,Consumer
CUST14925,Customer_4925,66,Female,Kolkata,Maharashtra,West,Consumer
CUST14926,Customer_4926,29,male ,Chennai,Maharashtra,West,Consumer
CUST14927,Customer_4927,24,Male,Ahmedabad,Rajasthan,South,Corporate
CUST14928,Customer_4928,20,male ,Mumbai,Karnataka,South,Consumer
CUST14929,Customer_4929,27,Male,Kolkata,Maharashtra,West,Corporate
CUST14930,Customer_4930,51,Male,Pune,West Bengal,South,Small Business
CUST14931,Customer_4931,42,Female,Mumbai,Maharashtra,South,Small Business
CUST14932,Customer_4932,52, FEMALE,Delhi,Karnataka,South,Consumer
CUST14933,Customer_4933,33,Male,Lucknow,West Bengal,North,Consumer
CUST14934,Customer_4934,19,Male,Mumbai,Uttar Pradesh,South,consumer 
CUST14935,Customer_4935,41,Female,Mumbai,Uttar Pradesh,West,Consumer
CUST14936,Customer_4936,27,Male,Ahmedabad,Tamil Nadu,East,Small Business
CUST14937,Customer_4937,55,male ,Jaipur,Telangana,South,Consumer
CUST14938,Customer_4938,39,male ,Bengaluru,Uttar Pradesh,North,consumer 
CUST14939,Customer_4939,43,Male,Pune,Maharashtra,North,Corporate
CUST14940,Customer_4940,60,Female,Chennai,Maharashtra,North,Consumer
CUST14941,Customer_4941,56,male ,Lucknow,Rajasthan,North,Corporate
CUST14942,Customer_4942,44,Male,Jaipur,Telangana,East,consumer 
CUST14943,Customer_4943,46,Female,Lucknow,Rajasthan,South,Consumer
CUST14944,Customer_4944,64,Male,Mumbai,Karnataka,South,Consumer
CUST14945,Customer_4945,55,Female,Kolkata,Karnataka,,Corporate
CUST14946,Customer_4946,37,Male,Delhi,Gujarat,South,Small Business
CUST14947,Customer_4947,44,male ,Delhi,Telangana,,Consumer
CUST14948,Customer_4948,58,Male,Jaipur,West Bengal,North,Consumer
CUST14949,Customer_4949,37,Male,Delhi,Maharashtra,South,Consumer
CUST14950,Customer_4950,61, FEMALE,Pune,Maharashtra,East,Consumer
CUST14951,Customer_4951,36,Male,Lucknow,Delhi,North,Consumer
CUST14952,Customer_4952,37,Female,Hyderabad,Telangana,North,Consumer
CUST14953,Customer_4953,52,Male,Delhi,,North,Small Business
CUST14954,Customer_4954,64,Male,Jaipur,Gujarat,North,Small Business
CUST14955,Customer_4955,19,Other,Ahmedabad,West Bengal,East,Corporate
CUST14956,Customer_4956,47,Female,Jaipur,Gujarat,West,Consumer
CUST14957,Customer_4957,51,Male,Pune,West Bengal,South,Small Business
CUST14958,Customer_4958,39,Female,Mumbai,Telangana,South,Corporate
CUST14959,Customer_4959,20,Female,Delhi,Maharashtra,West,consumer 
CUST14960,Customer_4960,23, FEMALE,Kolkata,Rajasthan,North,Consumer
CUST14961,Customer_4961,32,Male,Mumbai,Maharashtra,West,Consumer
CUST14962,Customer_4962,44,Female,Lucknow,Telangana,SOUTH,Corporate
CUST14963,Customer_4963,27,Female,Chennai,Uttar Pradesh,South,Consumer
CUST14964,Customer_4964,26,Female,Chennai,Maharashtra,North,CORPORATE
CUST14965,Customer_4965,50,Female,Jaipur,Maharashtra,,Small Business
CUST14966,Customer_4966,49,Male,Jaipur,Maharashtra,South,Small Business
CUST14967,Customer_4967,65,Female,Kolkata,Tamil Nadu,South,Corporate
CUST14968,Customer_4968,23,Female,Ahmedabad,Karnataka,East,Consumer
CUST14969,Customer_4969,58,Other,,Tamil Nadu,South,Consumer
CUST14970,Customer_4970,53,Male,Ahmedabad,Karnataka,,Corporate
CUST14971,Customer_4971,19,Female,Lucknow,Tamil Nadu,North,Consumer
CUST14972,Customer_4972,46,Other,,Karnataka,South,Corporate
CUST14973,Customer_4973,21,Female,Kolkata,,East,Small Business
CUST14974,Customer_4974,18, FEMALE,Delhi,Tamil Nadu,East,Consumer
CUST14975,Customer_4975,36,male ,Bengaluru,Uttar Pradesh,East,Consumer
CUST14976,Customer_4976,43,Male,Delhi,Rajasthan,,consumer 
CUST14977,Customer_4977,42,Female,Mumbai,Tamil Nadu, north ,Consumer
CUST14978,Customer_4978,27,Male,Hyderabad,Maharashtra,South,Consumer
CUST14979,Customer_4979,32,Female,Mumbai,Tamil Nadu,East,Consumer
CUST14980,Customer_4980,39,Male,Ahmedabad,Rajasthan,North,Corporate
CUST14981,Customer_4981,68,Female,Lucknow,Telangana,South,
CUST14982,Customer_4982,65,Female,Delhi,Delhi,North,Consumer
CUST14983,Customer_4983,38,Female,Bengaluru,Delhi,West,CORPORATE
CUST14984,Customer_4984,39,Male,Lucknow,Karnataka,North,Consumer
CUST14985,Customer_4985,53,,Lucknow,Maharashtra,West,Small Business
CUST14986,Customer_4986,51,Male,Ahmedabad,Gujarat,South,Consumer
CUST14987,Customer_4987,47,Male,,Maharashtra,SOUTH,Consumer
CUST14988,Customer_4988,42,Male,Ahmedabad,Telangana,South,consumer 
CUST14989,Customer_4989,62,Other,Hyderabad,Rajasthan,West,Consumer
CUST14990,Customer_4990,45,Other,Bengaluru,Uttar Pradesh,West,Consumer
CUST14991,Customer_4991,18,Female,Jaipur,Tamil Nadu,,Corporate
CUST14992,Customer_4992,66, FEMALE,Bengaluru,Maharashtra,West,Consumer
CUST14993,Customer_4993,62,Male,Lucknow,Karnataka,West,Consumer
CUST14994,Customer_4994,21,Other,Chennai,Telangana,South,consumer 
CUST14995,Customer_4995,24,Male,Lucknow,Telangana,East,Corporate
CUST14996,Customer_4996,66,Male,Bengaluru,Karnataka,South,Consumer
CUST14997,Customer_4997,26,Male,Chennai,Maharashtra,North,
CUST14998,Customer_4998,53,Female,Pune,Gujarat,West,Consumer
CUST14999,Customer_4999,36,male ,Ahmedabad,Delhi,South,consumer 
CUST15000,Customer_5000,18,Male,Bengaluru,Telangana,South,Consumer
CUST15001,Customer_5001,27,Other,Ahmedabad,,South,Consumer
CUST15002,Customer_5002,53,Female,Lucknow,Rajasthan,North,Corporate
CUST15003,Customer_5003,26,Male,Jaipur,Karnataka,North,Corporate
CUST15004,Customer_5004,62,Female,Jaipur,Maharashtra,South,Small Business
CUST15005,Customer_5005,63,Female,Pune,Gujarat,North,Consumer
CUST15006,Customer_5006,59,male ,Bengaluru,Delhi,East,Consumer
CUST15007,Customer_5007,49,Female,Mumbai,Rajasthan,North,Corporate
CUST15008,Customer_5008,49,Female,Ahmedabad,Gujarat,SOUTH,consumer 
CUST15009,Customer_5009,23,Male,,Delhi,SOUTH,Corporate
CUST15010,Customer_5010,65,Female,Mumbai,Uttar Pradesh,South,Consumer
CUST15011,Customer_5011,55,,Pune,,South,Corporate
CUST15012,Customer_5012,34,Male,Hyderabad,West Bengal,North,Corporate
CUST15013,Customer_5013,27, FEMALE,Mumbai,Telangana, north ,Consumer
CUST15014,Customer_5014,67,Female,Chennai,Gujarat,East,Corporate
CUST15015,Customer_5015,44,Male,Bengaluru,Tamil Nadu,East,Consumer
CUST15016,Customer_5016,67,Other,Delhi,Uttar Pradesh, north ,Consumer
CUST15017,Customer_5017,52,Female,Chennai,West Bengal,SOUTH,Corporate
CUST15018,Customer_5018,69,Male,Pune,Delhi,West,Corporate
CUST15019,Customer_5019,38,Male,Delhi,Maharashtra,West,
CUST15020,Customer_5020,42,Male,Hyderabad,Delhi, north ,Consumer
CUST15021,Customer_5021,45,male ,Bengaluru,Maharashtra, north ,Corporate
CUST15022,Customer_5022,64,Female,Delhi,Delhi,South,Consumer
CUST15023,Customer_5023,32,Other,Mumbai,Telangana,,Corporate
CUST15024,Customer_5024,21,Male,Mumbai,Maharashtra,West,Consumer
CUST15025,Customer_5025,46,Male,Mumbai,Gujarat,South,Consumer
CUST15026,Customer_5026,26,Male,Lucknow,Uttar Pradesh,South,Consumer
CUST15027,Customer_5027,44,Female,Hyderabad,West Bengal,West,Corporate
CUST15028,Customer_5028,43,,Mumbai,Tamil Nadu,South,Corporate
CUST15029,Customer_5029,36,Female,Delhi,Karnataka,West,Small Business
CUST15030,Customer_5030,45,Male,Bengaluru,Tamil Nadu,North,Consumer
CUST15031,Customer_5031,34, FEMALE,Lucknow,Rajasthan, north ,Consumer
CUST15032,Customer_5032,60,male ,Hyderabad,Uttar Pradesh,South,Consumer
CUST15033,Customer_5033,58,Male,Mumbai,Delhi,North,Small Business
CUST15034,Customer_5034,59,male ,Hyderabad,Rajasthan, north ,Consumer
CUST15035,Customer_5035,67,Male,Pune,Uttar Pradesh,South,Consumer
CUST15036,Customer_5036,37,Male,Delhi,Tamil Nadu, north ,Consumer
CUST15037,Customer_5037,62,Male,Pune,Maharashtra,South,Small Business
CUST15038,Customer_5038,57,Female,Hyderabad,Tamil Nadu,SOUTH,Corporate
CUST15039,Customer_5039,56,Female,Delhi,Tamil Nadu,North,Small Business
CUST15040,Customer_5040,66,Male,Kolkata,Tamil Nadu,North,Consumer
CUST15041,Customer_5041,40,Male,Jaipur,Tamil Nadu,SOUTH,Corporate
CUST15042,Customer_5042,64,male ,Pune,Maharashtra,North,Small Business
CUST15043,Customer_5043,49,,Bengaluru,Maharashtra,SOUTH,Consumer
CUST15044,Customer_5044,69,male ,Chennai,Delhi,West,Consumer
CUST15045,Customer_5045,64,Male,Hyderabad,Karnataka,North,Consumer
CUST15046,Customer_5046,50,Male,Kolkata,Karnataka,South,Small Business
CUST15047,Customer_5047,63,Male,Pune,Karnataka,North,Consumer
CUST15048,Customer_5048,22,Male,Delhi,Maharashtra,South,Consumer
CUST15049,Customer_5049,60,Female,Kolkata,Uttar Pradesh,South,Consumer
CUST15050,Customer_5050,65,Female,Kolkata,Uttar Pradesh,East,Corporate
CUST15051,Customer_5051,51,Female,Hyderabad,Karnataka,,Consumer
CUST15052,Customer_5052,57,Female,Ahmedabad,Karnataka,North,consumer 
CUST15053,Customer_5053,28,Male,Lucknow,Gujarat,South,Consumer
CUST15054,Customer_5054,67,Male,Mumbai,West Bengal,East,Consumer
CUST15055,Customer_5055,20,Female,Ahmedabad,Karnataka,North,Corporate
CUST15056,Customer_5056,50,Male,Hyderabad,Rajasthan,West,consumer 
CUST15057,Customer_5057,28,Male,Jaipur,Karnataka,South,consumer 
CUST15058,Customer_5058,33,Male,Lucknow,West Bengal,SOUTH,Consumer
CUST15059,Customer_5059,35,Male,Chennai,,West,Consumer
CUST15060,Customer_5060,47,Male,Hyderabad,Karnataka,South,Corporate
CUST15061,Customer_5061,65,male ,Ahmedabad,Gujarat,West,Consumer
CUST15062,Customer_5062,27, FEMALE,Mumbai,Karnataka,West,Corporate
CUST15063,Customer_5063,35,Male,Bengaluru,Tamil Nadu,West,Consumer
CUST15064,Customer_5064,55,Male,Hyderabad,Telangana,South,Corporate
CUST15065,Customer_5065,36,Female,Lucknow,Uttar Pradesh,South,CORPORATE
CUST15066,Customer_5066,53,Male,Ahmedabad,Delhi,South,Consumer
CUST15067,Customer_5067,30,Female,Mumbai,West Bengal,South,Corporate
CUST15068,Customer_5068,63,Male,Ahmedabad,Uttar Pradesh,South,Consumer
CUST15069,Customer_5069,20,Male,Bengaluru,Tamil Nadu,West,Consumer
CUST15070,Customer_5070,27,male ,Ahmedabad,Maharashtra,North,Corporate
CUST15071,Customer_5071,55,male ,Pune,Karnataka,South,CORPORATE
CUST15072,Customer_5072,18,Male,Delhi,Rajasthan,North,consumer 
CUST15073,Customer_5073,44,Male,Delhi,Gujarat,North,Corporate
CUST15074,Customer_5074,63,Male,Mumbai,Telangana,South,Consumer
CUST15075,Customer_5075,25,Male,Mumbai,West Bengal,West,Consumer
CUST15076,Customer_5076,68,,Jaipur,Maharashtra,SOUTH,Small Business
CUST15077,Customer_5077,63,Female,Mumbai,Telangana,East,Consumer
CUST15078,Customer_5078,59,Female,Ahmedabad,Karnataka,South,Corporate
CUST15079,Customer_5079,34,male ,Kolkata,Rajasthan,West,Corporate
CUST15080,Customer_5080,26, FEMALE,Kolkata,,North,Corporate
CUST15081,Customer_5081,23,male ,Mumbai,Uttar Pradesh,North,Consumer
CUST15082,Customer_5082,60,Male,Ahmedabad,Maharashtra,South,Small Business
CUST15083,Customer_5083,42,Male,Kolkata,West Bengal,South,Corporate
CUST15084,Customer_5084,56,Female,Ahmedabad,Delhi,West,Consumer
CUST15085,Customer_5085,66,Male,Ahmedabad,Karnataka,SOUTH,Consumer
CUST15086,Customer_5086,45,,Mumbai,Maharashtra,East,Corporate
CUST15087,Customer_5087,50,Female,Delhi,Karnataka,East,consumer 
CUST15088,Customer_5088,54,Other,Lucknow,Rajasthan,North,Consumer
CUST15089,Customer_5089,26,Male,Ahmedabad,Tamil Nadu,South,Consumer
CUST15090,Customer_5090,35, FEMALE,Pune,Gujarat,SOUTH,Consumer
CUST15091,Customer_5091,38,Male,Hyderabad,Maharashtra,South,
CUST15092,Customer_5092,19,,Kolkata,Telangana,North,Small Business
CUST15093,Customer_5093,60,Male,Bengaluru,Karnataka,South,Corporate
CUST15094,Customer_5094,55,Female,Mumbai,Maharashtra,East,Consumer
CUST15095,Customer_5095,57,male ,Chennai,,East,Consumer
CUST15096,Customer_5096,53,Female,Mumbai,Telangana,South,Small Business
CUST15097,Customer_5097,67,Female,Chennai,Gujarat,West,consumer 
CUST15098,Customer_5098,60,,Ahmedabad,Telangana,East,Consumer
CUST15099,Customer_5099,54,Female,Lucknow,Maharashtra,West,
CUST15100,Customer_5100,32,Female,Ahmedabad,Maharashtra, north ,Consumer
CUST15101,Customer_5101,45,Male,Lucknow,Gujarat, north ,Consumer
CUST15102,Customer_5102,35, FEMALE,Hyderabad,Delhi,North,consumer 
CUST15103,Customer_5103,51,Female,Lucknow,Gujarat,West,Corporate
CUST15104,Customer_5104,39,Female,Ahmedabad,Telangana,West,Small Business
CUST15105,Customer_5105,28,Male,Ahmedabad,Karnataka,North,consumer 
CUST15106,Customer_5106,30,Female,Kolkata,West Bengal, north ,Corporate
CUST15107,Customer_5107,21,Male,Mumbai,Maharashtra,North,Consumer
CUST15108,Customer_5108,39,Male,Delhi,Delhi,West,Small Business
CUST15109,Customer_5109,24,Female,Mumbai,Uttar Pradesh,North,Corporate
CUST15110,Customer_5110,60,Male,Ahmedabad,Telangana,West,Small Business
CUST15111,Customer_5111,41,Male,Chennai,Tamil Nadu,North,Corporate
CUST15112,Customer_5112,21,Female,Lucknow,Maharashtra,South,Small Business
CUST15113,Customer_5113,45,Male,Chennai,Delhi,North,consumer 
CUST15114,Customer_5114,32,Male,Kolkata,Telangana,South,Small Business
CUST15115,Customer_5115,18,Male,Delhi,Tamil Nadu,,Small Business
CUST15116,Customer_5116,20,Female,Bengaluru,Uttar Pradesh,North,Corporate
CUST15117,Customer_5117,31,Female,Hyderabad,Tamil Nadu,South,Consumer
CUST15118,Customer_5118,55,Female,Kolkata,Uttar Pradesh,West,
CUST15119,Customer_5119,67,Male,Mumbai,Maharashtra,North,Corporate
CUST15120,Customer_5120,18,Male,Jaipur,Delhi,North,consumer 
CUST15121,Customer_5121,55,Male,Hyderabad,Maharashtra,North,Corporate
CUST15122,Customer_5122,55,Female,Lucknow,Uttar Pradesh,West,Corporate
CUST15123,Customer_5123,38,Other,Delhi,Uttar Pradesh, north ,Corporate
CUST15124,Customer_5124,65,Male,,Maharashtra,West,Small Business
CUST15125,Customer_5125,46,Male,Bengaluru,Delhi,,Consumer
CUST15126,Customer_5126,22,Male,Lucknow,Rajasthan,East,Consumer
CUST15127,Customer_5127,66,Female,Hyderabad,Gujarat,SOUTH,Consumer
CUST15128,Customer_5128,27,Female,Kolkata,Uttar Pradesh,,Consumer
CUST15129,Customer_5129,45,Female,Ahmedabad,Maharashtra,South,Consumer
CUST15130,Customer_5130,38, FEMALE,Delhi,West Bengal,South,Consumer
CUST15131,Customer_5131,67,Female,Delhi,Uttar Pradesh,,consumer 
CUST15132,Customer_5132,24,Male,Jaipur,Karnataka,West,
CUST15133,Customer_5133,20,Male,Kolkata,Tamil Nadu,North,Corporate
CUST15134,Customer_5134,62,Female,Bengaluru,Karnataka,West,Consumer
CUST15135,Customer_5135,64,Female,Chennai,Maharashtra,South,Consumer
CUST15136,Customer_5136,37,Female,Delhi,Gujarat,North,Corporate
CUST15137,Customer_5137,36,Female,Mumbai,Gujarat,South,Consumer
CUST15138,Customer_5138,52,Female,Hyderabad,Telangana,South,Consumer
CUST15139,Customer_5139,21, FEMALE,Lucknow,Maharashtra,SOUTH,Consumer
CUST15140,Customer_5140,22,Female,Chennai,Uttar Pradesh,West,Consumer
CUST15141,Customer_5141,18,male ,Pune,Karnataka,East,Consumer
CUST15142,Customer_5142,21,Male,Ahmedabad,Maharashtra,North,Consumer
CUST15143,Customer_5143,29,Female,Bengaluru,Telangana,South,consumer 
CUST15144,Customer_5144,44, FEMALE,Kolkata,Tamil Nadu,North,Small Business
CUST15145,Customer_5145,59,Female,Ahmedabad,Delhi,West,Consumer
CUST15146,Customer_5146,40,male ,Mumbai,West Bengal,North,Consumer
CUST15147,Customer_5147,42,Female,Hyderabad,Delhi,East,Corporate
CUST15148,Customer_5148,38,Male,Ahmedabad,Gujarat,West,Consumer
CUST15149,Customer_5149,69,Female,,Gujarat,,Small Business
CUST15150,Customer_5150,41,Male,Mumbai,Uttar Pradesh,West,Consumer
CUST15151,Customer_5151,42,Other,Delhi,Tamil Nadu,West,Consumer
CUST15152,Customer_5152,62,male ,Bengaluru,Karnataka,North,Consumer
CUST15153,Customer_5153,63,Male,Hyderabad,Uttar Pradesh,East,Consumer
CUST15154,Customer_5154,49,Male,Hyderabad,Gujarat,West,consumer 
CUST15155,Customer_5155,49,Female,,Maharashtra,South,Small Business
CUST15156,Customer_5156,22,Male,Ahmedabad,Tamil Nadu,North,CORPORATE
CUST15157,Customer_5157,53,Male,Bengaluru,Karnataka,South,Small Business
CUST15158,Customer_5158,63,Female,Lucknow,Karnataka,SOUTH,Corporate
CUST15159,Customer_5159,59,Female,Delhi,Telangana,South,Consumer
CUST15160,Customer_5160,66,Male,Delhi,Gujarat,North,Corporate
CUST15161,Customer_5161,59,male ,Chennai,Karnataka,North,consumer 
CUST15162,Customer_5162,56,Other,Delhi,Tamil Nadu,North,Consumer
CUST15163,Customer_5163,33,Female,Hyderabad,Gujarat,North,Consumer
CUST15164,Customer_5164,50,male ,Ahmedabad,Tamil Nadu,East,Consumer
CUST15165,Customer_5165,66,Male,Bengaluru,Gujarat,South,Small Business
CUST15166,Customer_5166,38,Male,Kolkata,Delhi, north ,Corporate
CUST15167,Customer_5167,26,Male,Bengaluru,Gujarat, north ,consumer 
CUST15168,Customer_5168,23,male ,Delhi,Maharashtra,East,Consumer
CUST15169,Customer_5169,68,Other,Pune,, north ,consumer 
CUST15170,Customer_5170,62,Female,Lucknow,Maharashtra,South,Consumer
CUST15171,Customer_5171,52, FEMALE,Hyderabad,Telangana,West,Consumer
CUST15172,Customer_5172,56,Female,Pune,Karnataka,North,Consumer
CUST15173,Customer_5173,39,Female,Ahmedabad,Telangana,North,Consumer
CUST15174,Customer_5174,58,Female,Jaipur,Karnataka,North,Consumer
CUST15175,Customer_5175,22,Male,Mumbai,Gujarat,South,Corporate
CUST15176,Customer_5176,59,Male,Jaipur,Karnataka,West,Small Business
CUST15177,Customer_5177,40,Female,Chennai,Rajasthan,North,consumer 
CUST15178,Customer_5178,34,Female,Jaipur,Maharashtra,North,Corporate
CUST15179,Customer_5179,29,Female,Chennai,Uttar Pradesh,SOUTH,Consumer
CUST15180,Customer_5180,40,Female,,Tamil Nadu,West,Consumer
CUST15181,Customer_5181,33,Male,Pune,,East,Corporate
CUST15182,Customer_5182,20,Female,Chennai,Telangana,North,Small Business
CUST15183,Customer_5183,47,Female,Chennai,Maharashtra, north ,Corporate
CUST15184,Customer_5184,39,Female,Ahmedabad,Karnataka,North,Corporate
CUST15185,Customer_5185,26,male ,Ahmedabad,Uttar Pradesh,East,Consumer
CUST15186,Customer_5186,46,Female,Chennai,Rajasthan,West,Consumer
CUST15187,Customer_5187,64,Female,Chennai,Uttar Pradesh,South,Corporate
CUST15188,Customer_5188,54, FEMALE,Chennai,Delhi,,Corporate
CUST15189,Customer_5189,40, FEMALE,Chennai,West Bengal,North,Consumer
CUST15190,Customer_5190,30, FEMALE,Ahmedabad,Gujarat,West,Consumer
CUST15191,Customer_5191,49,Male,Kolkata,Maharashtra,East,CORPORATE
CUST15192,Customer_5192,63,Male,Bengaluru,Delhi,East,Corporate
CUST15193,Customer_5193,69,Male,Chennai,Rajasthan,,Small Business
CUST15194,Customer_5194,64,Male,Pune,Karnataka,East,Consumer
CUST15195,Customer_5195,65, FEMALE,Kolkata,Rajasthan,West,Corporate
CUST15196,Customer_5196,40,Female,Pune,Tamil Nadu,North,Consumer
CUST15197,Customer_5197,62,Male,Mumbai,,West,Consumer
CUST15198,Customer_5198,34,Male,Delhi,Gujarat,West,Consumer
CUST15199,Customer_5199,57,Male,Bengaluru,Rajasthan,SOUTH,Consumer
CUST15200,Customer_5200,38,Female,Hyderabad,Karnataka,SOUTH,Consumer
CUST15201,Customer_5201,19,Female,Delhi,Karnataka,North,Consumer
CUST15202,Customer_5202,54, FEMALE,Lucknow,Gujarat,East,Corporate
CUST15203,Customer_5203,23,Other,Bengaluru,West Bengal,SOUTH,Consumer
CUST15204,Customer_5204,61,Male,Ahmedabad,Uttar Pradesh,West,Consumer
CUST15205,Customer_5205,35,Male,Mumbai,Telangana,East,Small Business
CUST15206,Customer_5206,47,Male,Delhi,Maharashtra,North,Small Business
CUST15207,Customer_5207,39,Male,Chennai,Karnataka,South,consumer 
CUST15208,Customer_5208,50,Other,Mumbai,Maharashtra,West,Corporate
CUST15209,Customer_5209,47,Female,Ahmedabad,Uttar Pradesh,West,Consumer
CUST15210,Customer_5210,34,Female,Delhi,Rajasthan,South,consumer 
CUST15211,Customer_5211,60,Female,Hyderabad,Delhi,North,Consumer
CUST15212,Customer_5212,49,Male,Ahmedabad,West Bengal,West,Corporate
CUST15213,Customer_5213,59,Male,Hyderabad,Gujarat,SOUTH,Consumer
CUST15214,Customer_5214,68,Female,Delhi,Rajasthan,East,Corporate
CUST15215,Customer_5215,31,Female,Bengaluru,Tamil Nadu,SOUTH,consumer 
CUST15216,Customer_5216,27,Male,Chennai,Karnataka,South,Corporate
CUST15217,Customer_5217,64,Female,Mumbai,Gujarat, north ,Consumer
CUST15218,Customer_5218,68,male ,Chennai,Telangana,West,
CUST15219,Customer_5219,53,Female,Lucknow,Gujarat,SOUTH,Consumer
CUST15220,Customer_5220,51,Female,Ahmedabad,Uttar Pradesh,West,Consumer
CUST15221,Customer_5221,26,Female,Delhi,Uttar Pradesh,South,consumer 
CUST15222,Customer_5222,59,Female,Mumbai,, north ,Corporate
CUST15223,Customer_5223,45,male ,Bengaluru,Uttar Pradesh,West,Corporate
CUST15224,Customer_5224,28,,Pune,Delhi,North,Corporate
CUST15225,Customer_5225,31,Male,Hyderabad,Maharashtra,North,Consumer
CUST15226,Customer_5226,56,Female,Lucknow,Delhi,South,Consumer
CUST15227,Customer_5227,64,Male,,Maharashtra,West,Consumer
CUST15228,Customer_5228,36,Male,Delhi,Delhi,East,Consumer
CUST15229,Customer_5229,32,Female,Pune,Tamil Nadu,East,Consumer
CUST15230,Customer_5230,45,Other,Delhi,Delhi,North,Consumer
CUST15231,Customer_5231,41,Female,Bengaluru,Tamil Nadu,South,Corporate
CUST15232,Customer_5232,25,Male,Mumbai,Gujarat,North,Consumer
CUST15233,Customer_5233,60,Male,Mumbai,Uttar Pradesh,South,Consumer
CUST15234,Customer_5234,26,Female,Pune,Gujarat,,Consumer
CUST15235,Customer_5235,64,Male,Pune,Maharashtra, north ,Consumer
CUST15236,Customer_5236,50,Male,Mumbai,Tamil Nadu,South,Consumer
CUST15237,Customer_5237,50,Female,,Karnataka,East,Corporate
CUST15238,Customer_5238,36,Male,Hyderabad,Tamil Nadu,East,Consumer
CUST15239,Customer_5239,20,Female,Delhi,Tamil Nadu,North,Consumer
CUST15240,Customer_5240,27,male ,,Delhi,,consumer 
CUST15241,Customer_5241,57,Male,Pune,Maharashtra,South,Consumer
CUST15242,Customer_5242,64,Female,Ahmedabad,Rajasthan,East,CORPORATE
CUST15243,Customer_5243,59,Female,Pune,Uttar Pradesh,West,
CUST15244,Customer_5244,18,Female,Ahmedabad,West Bengal,North,Small Business
CUST15245,Customer_5245,46,Female,Hyderabad,Karnataka,North,Corporate
CUST15246,Customer_5246,67,Male,Hyderabad,Telangana,North,Small Business
CUST15247,Customer_5247,51,male ,,Delhi,South,consumer 
CUST15248,Customer_5248,68,Female,Kolkata,Gujarat,North,Small Business
CUST15249,Customer_5249,30,Male,Hyderabad,Gujarat,SOUTH,Consumer
CUST15250,Customer_5250,18,Male,Ahmedabad,Delhi,West,Consumer
CUST15251,Customer_5251,51,Male,Delhi,Maharashtra, north ,Consumer
CUST15252,Customer_5252,46,Male,Hyderabad,West Bengal, north ,Consumer
CUST15253,Customer_5253,65,Female,Chennai,Maharashtra,West,Consumer
CUST15254,Customer_5254,64,Male,Pune,Gujarat,South,Corporate
CUST15255,Customer_5255,30,Male,Bengaluru,Uttar Pradesh,East,Corporate
CUST15256,Customer_5256,65,Female,Hyderabad,Karnataka,North,Small Business
CUST15257,Customer_5257,66,Male,Chennai,Delhi,North,Consumer
CUST15258,Customer_5258,46,male ,Kolkata,Uttar Pradesh,West,Consumer
CUST15259,Customer_5259,56,Female,Jaipur,Telangana,West,Corporate
CUST15260,Customer_5260,41,Male,Jaipur,Rajasthan,North,Corporate
CUST15261,Customer_5261,43,Female,Bengaluru,Karnataka,South,Corporate
CUST15262,Customer_5262,34,Female,,Maharashtra,North,Consumer
CUST15263,Customer_5263,24,Female,Lucknow,Rajasthan,West,Small Business
CUST15264,Customer_5264,30,Male,Bengaluru,Telangana,,Small Business
CUST15265,Customer_5265,22,Female,Mumbai,Maharashtra,West,Corporate
CUST15266,Customer_5266,43,Other,Bengaluru,Maharashtra, north ,Consumer
CUST15267,Customer_5267,66,Female,Chennai,West Bengal,East,consumer 
CUST15268,Customer_5268,20,Male,Lucknow,Uttar Pradesh,North,Consumer
CUST15269,Customer_5269,24,Female,Jaipur,Karnataka,West,Consumer
CUST15270,Customer_5270,66,Female,Lucknow,Uttar Pradesh,South,Small Business
CUST15271,Customer_5271,56,Female,Bengaluru,Maharashtra,South,Corporate
CUST15272,Customer_5272,18,Female,Pune,Karnataka,West,Consumer
CUST15273,Customer_5273,66,Female,Bengaluru,Uttar Pradesh, north ,Small Business
CUST15274,Customer_5274,34,male ,Delhi,Rajasthan,East,Consumer
CUST15275,Customer_5275,60,Female,Kolkata,Karnataka,SOUTH,Small Business
CUST15276,Customer_5276,42,Female,Mumbai,Maharashtra,East,Small Business
CUST15277,Customer_5277,20,Male,Kolkata,Delhi,North,Consumer
CUST15278,Customer_5278,32,male ,Kolkata,Uttar Pradesh,East,Corporate
CUST15279,Customer_5279,46,Other,Lucknow,Delhi, north ,Consumer
CUST15280,Customer_5280,60,Male,Mumbai,Maharashtra,East,Corporate
CUST15281,Customer_5281,49,Female,Jaipur,Maharashtra,West,Consumer
CUST15282,Customer_5282,43,Male,,Telangana,East,Corporate
CUST15283,Customer_5283,33,Female,Lucknow,Uttar Pradesh,East,Small Business
CUST15284,Customer_5284,42,Female,Jaipur,Karnataka,South,
CUST15285,Customer_5285,45,Male,Kolkata,Tamil Nadu,North,Consumer
CUST15286,Customer_5286,26, FEMALE,Hyderabad,Delhi,South,Consumer
CUST15287,Customer_5287,18,Male,Jaipur,Tamil Nadu,South,Consumer
CUST15288,Customer_5288,46,male ,Jaipur,Maharashtra,West,Consumer
CUST15289,Customer_5289,39,Female,Kolkata,Maharashtra,West,Consumer
CUST15290,Customer_5290,33,Male,Lucknow,Telangana,North,consumer 
CUST15291,Customer_5291,58,Male,Hyderabad,Uttar Pradesh,East,Consumer
CUST15292,Customer_5292,68,Male,Mumbai,Uttar Pradesh,South,Consumer
CUST15293,Customer_5293,61,Female,Pune,Telangana,East,Corporate
CUST15294,Customer_5294,68,Female,Bengaluru,Maharashtra,West,Consumer
CUST15295,Customer_5295,58,Male,Hyderabad,Karnataka,South,Consumer
CUST15296,Customer_5296,24,Male,Delhi,Tamil Nadu,SOUTH,consumer 
CUST15297,Customer_5297,31,Male,Hyderabad,Gujarat,SOUTH,Consumer
CUST15298,Customer_5298,46,Female,Lucknow,Gujarat,North,Corporate
CUST15299,Customer_5299,36,Female,Pune,West Bengal,West,Consumer
CUST15300,Customer_5300,36,Male,Delhi,Karnataka,North,Corporate
CUST15301,Customer_5301,19,Female,Chennai,Rajasthan,North,Consumer
CUST15302,Customer_5302,58,Male,Bengaluru,Karnataka,SOUTH,Consumer
CUST15303,Customer_5303,62, FEMALE,Chennai,West Bengal,West,Consumer
CUST15304,Customer_5304,32, FEMALE,Hyderabad,Karnataka,South,Consumer
CUST15305,Customer_5305,20,Female,Ahmedabad,Karnataka,West,CORPORATE
CUST15306,Customer_5306,28,Other,Delhi,Delhi, north ,Consumer
CUST15307,Customer_5307,63,male ,Kolkata,Telangana, north ,Small Business
CUST15308,Customer_5308,47,male ,Lucknow,West Bengal,North,CORPORATE
CUST15309,Customer_5309,57,Female,Ahmedabad,Uttar Pradesh,West,Consumer
CUST15310,Customer_5310,35,Male,Mumbai,Uttar Pradesh, north ,consumer 
CUST15311,Customer_5311,68,Male,Chennai,,East,Small Business
CUST15312,Customer_5312,65,Male,Delhi,Delhi,East,Corporate
CUST15313,Customer_5313,19,Female,Chennai,Tamil Nadu,North,Small Business
CUST15314,Customer_5314,49,Male,Mumbai,Tamil Nadu,South,Consumer
CUST15315,Customer_5315,25,Male,Lucknow,Uttar Pradesh,East,Consumer
CUST15316,Customer_5316,39,Female,Delhi,Karnataka, north ,Consumer
CUST15317,Customer_5317,23,Male,Chennai,Delhi,West,consumer 
CUST15318,Customer_5318,29,Female,Chennai,Karnataka,East,Consumer
CUST15319,Customer_5319,64,Other,Ahmedabad,,West,
CUST15320,Customer_5320,57,Female,Kolkata,Gujarat,West,Consumer
CUST15321,Customer_5321,53,Female,Bengaluru,Telangana,East,Corporate
CUST15322,Customer_5322,32,Female,Bengaluru,Gujarat,North,Corporate
CUST15323,Customer_5323,45,Female,Mumbai,Delhi,South,CORPORATE
CUST15324,Customer_5324,69,Male,Jaipur,Karnataka,,Consumer
CUST15325,Customer_5325,66, FEMALE,Kolkata,Uttar Pradesh,North,Consumer
CUST15326,Customer_5326,62,Male,Pune,Maharashtra,North,consumer 
CUST15327,Customer_5327,35,Male,Delhi,Maharashtra,West,
CUST15328,Customer_5328,19,Female,Jaipur,Gujarat,,Consumer
CUST15329,Customer_5329,30,Male,Kolkata,West Bengal,South,Corporate
CUST15330,Customer_5330,62,Male,Ahmedabad,,,Consumer
CUST15331,Customer_5331,32,Male,Pune,Maharashtra,West,Small Business
CUST15332,Customer_5332,37,Male,Bengaluru,Karnataka,West,Small Business
CUST15333,Customer_5333,46,Male,Hyderabad,Karnataka,South,Small Business
CUST15334,Customer_5334,59,Male,Mumbai,Gujarat,West,Consumer
CUST15335,Customer_5335,46,Female,Jaipur,Karnataka,East,Consumer
CUST15336,Customer_5336,20,male ,Kolkata,Karnataka,West,Corporate
CUST15337,Customer_5337,36,Male,Mumbai,Maharashtra,South,Small Business
CUST15338,Customer_5338,20, FEMALE,Mumbai,Uttar Pradesh,East,consumer 
CUST15339,Customer_5339,31,Male,Delhi,Maharashtra,,Consumer
CUST15340,Customer_5340,57,Male,Ahmedabad,Delhi,South,Consumer
CUST15341,Customer_5341,21,Male,Mumbai,Telangana,North,Consumer
CUST15342,Customer_5342,69,Female,Bengaluru,Telangana,South,Small Business
CUST15343,Customer_5343,28,Female,Bengaluru,Maharashtra,East,Corporate
CUST15344,Customer_5344,48,Female,Hyderabad,Maharashtra,,Corporate
CUST15345,Customer_5345,60,male ,Jaipur,Gujarat,West,Consumer
CUST15346,Customer_5346,49,Female,Ahmedabad,Delhi,,Consumer
CUST15347,Customer_5347,44,Female,Mumbai,Delhi,South,CORPORATE
CUST15348,Customer_5348,47,Other,Kolkata,Karnataka,West,Small Business
CUST15349,Customer_5349,60,Male,Hyderabad,Gujarat,West,Consumer
CUST15350,Customer_5350,19,Male,,Delhi,,Consumer
CUST15351,Customer_5351,66,Female,Bengaluru,Uttar Pradesh,North,CORPORATE
CUST15352,Customer_5352,26,Female,Delhi,Gujarat,South,Consumer
CUST15353,Customer_5353,45,Male,Chennai,Telangana,North,Small Business
CUST15354,Customer_5354,48,Male,Mumbai,Karnataka, north ,Consumer
CUST15355,Customer_5355,51,Female,Delhi,Rajasthan,East,consumer 
CUST15356,Customer_5356,32,Female,Kolkata,Rajasthan, north ,Corporate
CUST15357,Customer_5357,65,Male,Jaipur,Uttar Pradesh,,Consumer
CUST15358,Customer_5358,42,Other,Chennai,Uttar Pradesh,East,Small Business
CUST15359,Customer_5359,53,male ,Kolkata,Karnataka,North,Consumer
CUST15360,Customer_5360,25,Female,Chennai,Rajasthan,South,Consumer
CUST15361,Customer_5361,26,Female,Pune,Maharashtra,North,Consumer
CUST15362,Customer_5362,54, FEMALE,Pune,Tamil Nadu, north ,Corporate
CUST15363,Customer_5363,65,Male,Kolkata,West Bengal,North,Consumer
CUST15364,Customer_5364,62,Male,Mumbai,Maharashtra,East,Consumer
CUST15365,Customer_5365,56,Female,Bengaluru,Delhi,North,Consumer
CUST15366,Customer_5366,49,male ,Hyderabad,Maharashtra,North,Corporate
CUST15367,Customer_5367,69,Male,Hyderabad,Telangana,South,consumer 
CUST15368,Customer_5368,34,,Jaipur,Gujarat,East,Consumer
CUST15369,Customer_5369,52,Female,Hyderabad,Tamil Nadu,North,Consumer
CUST15370,Customer_5370,54,Male,Mumbai,Uttar Pradesh,East,Corporate
CUST15371,Customer_5371,36,Male,Bengaluru,Maharashtra,West,Consumer
CUST15372,Customer_5372,61,Male,Mumbai,Maharashtra,SOUTH,Small Business
CUST15373,Customer_5373,46,male ,Jaipur,Maharashtra, north ,Consumer
CUST15374,Customer_5374,24,Other,Chennai,Karnataka,East,Corporate
CUST15375,Customer_5375,45,Female,Kolkata,Tamil Nadu,West,Consumer
CUST15376,Customer_5376,26,Other,Hyderabad,Gujarat,South,Consumer
CUST15377,Customer_5377,45,male ,Ahmedabad,Telangana,East,Small Business
CUST15378,Customer_5378,23,Female,,Tamil Nadu,South,Small Business
CUST15379,Customer_5379,46,Female,Kolkata,Delhi,South,Consumer
CUST15380,Customer_5380,34,Female,Ahmedabad,Delhi,West,Corporate
CUST15381,Customer_5381,33,Female,Chennai,Delhi,South,Consumer
CUST15382,Customer_5382,40,Male,Ahmedabad,Rajasthan,South,Small Business
CUST15383,Customer_5383,48,Female,Lucknow,Tamil Nadu,South,Consumer
CUST15384,Customer_5384,20,Male,,Maharashtra, north ,Consumer
CUST15385,Customer_5385,38,male ,Pune,West Bengal,North,CORPORATE
CUST15386,Customer_5386,43,male ,Jaipur,Tamil Nadu,South,Consumer
CUST15387,Customer_5387,53,Male,Pune,Delhi, north ,Corporate
CUST15388,Customer_5388,59,Male,Bengaluru,Rajasthan,North,Small Business
CUST15389,Customer_5389,54,Female,Hyderabad,Uttar Pradesh,SOUTH,Small Business
CUST15390,Customer_5390,39,Female,Ahmedabad,Karnataka, north ,Corporate
CUST15391,Customer_5391,59,Male,Delhi,Rajasthan,South,Consumer
CUST15392,Customer_5392,29,Female,Pune,Maharashtra,West,consumer 
CUST15393,Customer_5393,59,Male,Hyderabad,Uttar Pradesh,,Consumer
CUST15394,Customer_5394,30,Male,Hyderabad,Gujarat,East,consumer 
CUST15395,Customer_5395,28,Male,Ahmedabad,Telangana,North,Small Business
CUST15396,Customer_5396,33,Male,Lucknow,Karnataka, north ,Corporate
CUST15397,Customer_5397,25,male ,Pune,Telangana,North,Consumer
CUST15398,Customer_5398,57,Other,Bengaluru,Karnataka,South,Consumer
CUST15399,Customer_5399,57,Female,Chennai,Delhi, north ,Consumer
CUST15400,Customer_5400,62,Female,Hyderabad,Rajasthan,South,Small Business
CUST15401,Customer_5401,19,Male,,Delhi,West,Small Business
CUST15402,Customer_5402,47,Female,Delhi,Maharashtra,South,Corporate
CUST15403,Customer_5403,47,Male,Pune,Uttar Pradesh,West,
CUST15404,Customer_5404,29,Female,Bengaluru,Rajasthan,South,
CUST15405,Customer_5405,27,Other,Kolkata,Delhi,South,Consumer
CUST15406,Customer_5406,61,Male,Bengaluru,Rajasthan,South,Consumer
CUST15407,Customer_5407,28,male ,Hyderabad,Gujarat,South,Consumer
CUST15408,Customer_5408,32,Male,Delhi,Delhi,South,consumer 
CUST15409,Customer_5409,33,Male,,Telangana,South,Consumer
CUST15410,Customer_5410,34,Male,Chennai,Uttar Pradesh,SOUTH,Consumer
CUST15411,Customer_5411,43,Male,Delhi,Rajasthan,East,Small Business
CUST15412,Customer_5412,19,Male,Pune,Maharashtra,East,Corporate
CUST15413,Customer_5413,67,Male,Ahmedabad,Maharashtra,East,CORPORATE
CUST15414,Customer_5414,29,Female,Jaipur,Uttar Pradesh,,Corporate
CUST15415,Customer_5415,68,Male,Kolkata,Gujarat,West,CORPORATE
CUST15416,Customer_5416,43,Female,Mumbai,Uttar Pradesh,West,Consumer
CUST15417,Customer_5417,40,Other,Kolkata,Gujarat,,consumer 
CUST15418,Customer_5418,35,Female,Jaipur,West Bengal,East,Consumer
CUST15419,Customer_5419,49,Male,Pune,Gujarat,North,Small Business
CUST15420,Customer_5420,66,Male,Ahmedabad,Rajasthan,West,CORPORATE
CUST15421,Customer_5421,55, FEMALE,Bengaluru,Gujarat,South,Corporate
CUST15422,Customer_5422,64,Female,Bengaluru,Maharashtra,West,Small Business
CUST15423,Customer_5423,20,Female,Ahmedabad,Uttar Pradesh,North,CORPORATE
CUST15424,Customer_5424,55,Male,Pune,Maharashtra,South,Consumer
CUST15425,Customer_5425,20,Female,Delhi,Delhi,East,Corporate
CUST15426,Customer_5426,47,Male,Hyderabad,Tamil Nadu,North,consumer 
CUST15427,Customer_5427,18,Other,Lucknow,Karnataka,North,Corporate
CUST15428,Customer_5428,47, FEMALE,Delhi,Delhi,South,consumer 
CUST15429,Customer_5429,62,Male,Delhi,,East,Corporate
CUST15430,Customer_5430,49,Female,Bengaluru,Rajasthan,West,Small Business
CUST15431,Customer_5431,45,Male,Ahmedabad,Gujarat,South,Consumer
CUST15432,Customer_5432,38,Female,Ahmedabad,,East,Consumer
CUST15433,Customer_5433,63, FEMALE,Chennai,Telangana,East,Small Business
CUST15434,Customer_5434,30,Female,Pune,Karnataka,East,Consumer
CUST15435,Customer_5435,44,Male,Bengaluru,Maharashtra,North,Consumer
CUST15436,Customer_5436,53,Male,Bengaluru,Tamil Nadu,South,CORPORATE
CUST15437,Customer_5437,24,male ,Lucknow,West Bengal,North,Corporate
CUST15438,Customer_5438,39,Female,Delhi,Tamil Nadu,East,Consumer
CUST15439,Customer_5439,27,Female,Chennai,Telangana,West,Consumer
CUST15440,Customer_5440,56,Male,Kolkata,Maharashtra,East,Corporate
CUST15441,Customer_5441,32,Male,Delhi,Telangana,North,
CUST15442,Customer_5442,32,Other,Chennai,Delhi,North,Small Business
CUST15443,Customer_5443,21,Female,Pune,Gujarat,North,Corporate
CUST15444,Customer_5444,49,Female,,Delhi,South,Consumer
CUST15445,Customer_5445,40,Female,Mumbai,Telangana,South,consumer 
CUST15446,Customer_5446,23,male ,Bengaluru,Maharashtra,South,Corporate
CUST15447,Customer_5447,41,Male,Pune,Uttar Pradesh,West,Consumer
CUST15448,Customer_5448,37,Male,,Karnataka,South,Consumer
CUST15449,Customer_5449,54,Female,Mumbai,Maharashtra,West,Consumer
CUST15450,Customer_5450,37,Female,,Tamil Nadu,West,CORPORATE
CUST15451,Customer_5451,29,Female,Jaipur,Gujarat,East,Small Business
CUST15452,Customer_5452,50, FEMALE,Lucknow,Gujarat, north ,Consumer
CUST15453,Customer_5453,45,Male,Delhi,Karnataka,North,Consumer
CUST15454,Customer_5454,25,Male,Bengaluru,Rajasthan,North,Consumer
CUST15455,Customer_5455,18,Other,Delhi,Delhi,West,Consumer
CUST15456,Customer_5456,54,Female,Hyderabad,Maharashtra,South,Consumer
CUST15457,Customer_5457,39,Female,,Tamil Nadu,,Consumer
CUST15458,Customer_5458,23,Female,Delhi,Maharashtra,North,consumer 
CUST15459,Customer_5459,38,Female,Pune,Uttar Pradesh,North,
CUST15460,Customer_5460,49,Male,Delhi,Gujarat,East,Consumer
CUST15461,Customer_5461,52,Female,Jaipur,Delhi,South,Consumer
CUST15462,Customer_5462,32,male ,Mumbai,Maharashtra,South,Small Business
CUST15463,Customer_5463,22,Female,Mumbai,Telangana,SOUTH,Consumer
CUST15464,Customer_5464,63,Female,Bengaluru,West Bengal,North,Consumer
CUST15465,Customer_5465,67,Male,Jaipur,Gujarat,East,Consumer
CUST15466,Customer_5466,65,Male,Delhi,Gujarat,South,Consumer
CUST15467,Customer_5467,23,Male,Mumbai,West Bengal,South,Consumer
CUST15468,Customer_5468,42,Male,Delhi,Karnataka,South,CORPORATE
CUST15469,Customer_5469,63,Other,Ahmedabad,Uttar Pradesh,North,Consumer
CUST15470,Customer_5470,57,male ,Pune,Maharashtra,North,Consumer
CUST15471,Customer_5471,46,Female,Jaipur,Gujarat,,Consumer
CUST15472,Customer_5472,24,Female,Kolkata,Delhi,,Consumer
CUST15473,Customer_5473,57,Male,Mumbai,West Bengal,West,Corporate
CUST15474,Customer_5474,30,Other,Pune,Delhi,North,Small Business
CUST15475,Customer_5475,55,Male,Mumbai,Telangana,North,Consumer
CUST15476,Customer_5476,35,Male,Hyderabad,West Bengal,East,CORPORATE
CUST15477,Customer_5477,19,Female,Pune,Rajasthan,West,Small Business
CUST15478,Customer_5478,25, FEMALE,Pune,Uttar Pradesh,South,Small Business
CUST15479,Customer_5479,28, FEMALE,Delhi,West Bengal,South,Consumer
CUST15480,Customer_5480,50,Male,Delhi,Karnataka,South,Consumer
CUST15481,Customer_5481,55, FEMALE,Lucknow,Gujarat,North,Corporate
CUST15482,Customer_5482,65,Male,Jaipur,Uttar Pradesh,West,Consumer
CUST15483,Customer_5483,44,Male,Delhi,Maharashtra,North,Consumer
CUST15484,Customer_5484,37, FEMALE,Mumbai,Uttar Pradesh,South,
CUST15485,Customer_5485,29, FEMALE,Ahmedabad,,West,consumer 
CUST15486,Customer_5486,60,Female,Jaipur,West Bengal,North,Consumer
CUST15487,Customer_5487,48,Female,,Karnataka,West,consumer 
CUST15488,Customer_5488,44,male ,Bengaluru,West Bengal, north ,Corporate
CUST15489,Customer_5489,49,male ,Chennai,Karnataka,North,Consumer
CUST15490,Customer_5490,27, FEMALE,Mumbai,Rajasthan,East,Consumer
CUST15491,Customer_5491,20,Female,Pune,Tamil Nadu,South,Consumer
CUST15492,Customer_5492,62,Other,Delhi,Gujarat,North,Consumer
CUST15493,Customer_5493,44,,Mumbai,West Bengal,West,Consumer
CUST15494,Customer_5494,52,Male,Delhi,Maharashtra,East,Corporate
CUST15495,Customer_5495,48, FEMALE,Kolkata,Uttar Pradesh,West,Consumer
CUST15496,Customer_5496,32,Female,Chennai,Karnataka,West,Consumer
CUST15497,Customer_5497,33,Female,Pune,Karnataka,South,Consumer
CUST15498,Customer_5498,30,Female,Ahmedabad,Telangana,West,Consumer
CUST15499,Customer_5499,66,Male,Jaipur,Delhi,West,Consumer
CUST15500,Customer_5500,52,Female,Chennai,Gujarat,North,Consumer
CUST15501,Customer_5501,69, FEMALE,,Tamil Nadu,SOUTH,Corporate
CUST15502,Customer_5502,28,Male,Chennai,Uttar Pradesh,South,Consumer
CUST15503,Customer_5503,38,Female,Delhi,Karnataka,West,Consumer
CUST15504,Customer_5504,68,Other,,Uttar Pradesh,West,consumer 
CUST15505,Customer_5505,28,Female,Delhi,West Bengal,East,Consumer
CUST15506,Customer_5506,47,Male,Pune,Telangana,North,Consumer
CUST15507,Customer_5507,65,Female,Bengaluru,,South,Consumer
CUST15508,Customer_5508,52,Female,Chennai,Tamil Nadu,South,Corporate
CUST15509,Customer_5509,39,Female,Pune,Rajasthan,East,CORPORATE
CUST15510,Customer_5510,55,male ,Bengaluru,Delhi,South,Consumer
CUST15511,Customer_5511,48,Female,Pune,Karnataka,East,Consumer
CUST15512,Customer_5512,31,male ,Jaipur,Gujarat,South,Corporate
CUST15513,Customer_5513,41,Female,Bengaluru,Uttar Pradesh,North,Consumer
CUST15514,Customer_5514,67,Male,Hyderabad,Tamil Nadu,South,CORPORATE
CUST15515,Customer_5515,66,Female,Bengaluru,Gujarat,East,Consumer
CUST15516,Customer_5516,49,Female,Lucknow,Tamil Nadu,West,Consumer
CUST15517,Customer_5517,53,Female,Jaipur,West Bengal,North,Consumer
CUST15518,Customer_5518,49,Male,Ahmedabad,Telangana,South,Consumer
CUST15519,Customer_5519,32,Male,Mumbai,West Bengal,,Consumer
CUST15520,Customer_5520,60,Male,Delhi,Karnataka,South,Small Business
CUST15521,Customer_5521,52,Male,Delhi,Telangana,West,Consumer
CUST15522,Customer_5522,20,Female,Mumbai,Gujarat,East,Consumer
CUST15523,Customer_5523,33,Male,Chennai,Maharashtra,North,Consumer
CUST15524,Customer_5524,22,Female,Ahmedabad,Maharashtra,West,Small Business
CUST15525,Customer_5525,38,Male,Hyderabad,Delhi,SOUTH,Consumer
CUST15526,Customer_5526,27,Male,Ahmedabad,Karnataka, north ,Consumer
CUST15527,Customer_5527,36,Female,Delhi,Telangana,West,Consumer
CUST15528,Customer_5528,42,Male,Ahmedabad,Delhi,East,Consumer
CUST15529,Customer_5529,21, FEMALE,Mumbai,Tamil Nadu,South,consumer 
CUST15530,Customer_5530,46,Male,Ahmedabad,West Bengal,South,Consumer
CUST15531,Customer_5531,36,Female,Delhi,Uttar Pradesh,South,Consumer
CUST15532,Customer_5532,60, FEMALE,Ahmedabad,,SOUTH,
CUST15533,Customer_5533,19,Female,Mumbai,West Bengal,North,Consumer
CUST15534,Customer_5534,27,Male,Bengaluru,Maharashtra,South,Small Business
CUST15535,Customer_5535,60,Female,Chennai,Delhi,South,Corporate
CUST15536,Customer_5536,42,Female,,Uttar Pradesh,South,Consumer
CUST15537,Customer_5537,37,Other,Kolkata,Rajasthan,North,Consumer
CUST15538,Customer_5538,65, FEMALE,Ahmedabad,Maharashtra,South,consumer 
CUST15539,Customer_5539,36,Male,Pune,Karnataka,East,Consumer
CUST15540,Customer_5540,40,,Jaipur,Uttar Pradesh,West,Consumer
CUST15541,Customer_5541,41,Male,Delhi,West Bengal,East,Consumer
CUST15542,Customer_5542,28,Male,Pune,West Bengal,South,Consumer
CUST15543,Customer_5543,63,male ,Chennai,Maharashtra,West,Consumer
CUST15544,Customer_5544,51,Male,Ahmedabad,West Bengal,,Consumer
CUST15545,Customer_5545,45,Male,Hyderabad,Uttar Pradesh,South,Consumer
CUST15546,Customer_5546,22,Male,Kolkata,Gujarat,North,Corporate
CUST15547,Customer_5547,22,Female,Mumbai,Uttar Pradesh,West,Consumer
CUST15548,Customer_5548,68,Female,Bengaluru,West Bengal,East,Consumer
CUST15549,Customer_5549,38,Female,Hyderabad,Rajasthan,North,Consumer
CUST15550,Customer_5550,29,Male,Bengaluru,Tamil Nadu,South,Consumer
CUST15551,Customer_5551,67,Female,Bengaluru,Maharashtra,,Consumer
CUST15552,Customer_5552,21,Other,Delhi,Gujarat,West,Consumer
CUST15553,Customer_5553,66,male ,Lucknow,Tamil Nadu,SOUTH,Consumer
CUST15554,Customer_5554,59,Male,Delhi,West Bengal,East,Small Business
CUST15555,Customer_5555,37,,Ahmedabad,,North,Consumer
CUST15556,Customer_5556,55,Female,Mumbai,,West,Consumer
CUST15557,Customer_5557,42,Male,Delhi,West Bengal,South,
CUST15558,Customer_5558,31,Male,Pune,Delhi,South,Consumer
CUST15559,Customer_5559,28,Male,Chennai,Telangana,North,Consumer
CUST15560,Customer_5560,49,Female,Chennai,Gujarat,South,consumer 
CUST15561,Customer_5561,28,Male,Pune,Karnataka,West,Consumer
CUST15562,Customer_5562,35,Female,Bengaluru,,East,CORPORATE
CUST15563,Customer_5563,44,Male,Kolkata,Delhi,North,Consumer
CUST15564,Customer_5564,35,Other,Chennai,West Bengal,East,consumer 
CUST15565,Customer_5565,40,Male,Bengaluru,Tamil Nadu,West,Consumer
CUST15566,Customer_5566,28, FEMALE,Lucknow,Karnataka, north ,CORPORATE
CUST15567,Customer_5567,38,Other,Jaipur,Gujarat, north ,Corporate
CUST15568,Customer_5568,61,Male,Hyderabad,West Bengal,North,Consumer
CUST15569,Customer_5569,22,Female,Lucknow,Maharashtra, north ,consumer 
CUST15570,Customer_5570,40,Male,Ahmedabad,Telangana,North,Consumer
CUST15571,Customer_5571,58, FEMALE,Chennai,Uttar Pradesh,North,Small Business
CUST15572,Customer_5572,42,Female,Mumbai,Karnataka,North,Corporate
CUST15573,Customer_5573,58,Male,Ahmedabad,Gujarat,North,Small Business
CUST15574,Customer_5574,27,Male,Mumbai,Maharashtra,West,Consumer
CUST15575,Customer_5575,39,Female,Delhi,Karnataka,West,CORPORATE
CUST15576,Customer_5576,36,Other,Bengaluru,Maharashtra,West,Corporate
CUST15577,Customer_5577,18,Female,Jaipur,Maharashtra,SOUTH,Consumer
CUST15578,Customer_5578,24, FEMALE,Ahmedabad,Karnataka,South,Consumer
CUST15579,Customer_5579,21,Male,Kolkata,,North,Small Business
CUST15580,Customer_5580,18,Male,Ahmedabad,Delhi,West,consumer 
CUST15581,Customer_5581,32,Other,Delhi,Maharashtra, north ,Small Business
CUST15582,Customer_5582,57,Male,,Karnataka,,Consumer
CUST15583,Customer_5583,29,Other,Pune,West Bengal,South,Consumer
CUST15584,Customer_5584,39,Male,Ahmedabad,Uttar Pradesh,West,Corporate
CUST15585,Customer_5585,39,Male,Chennai,Uttar Pradesh, north ,Consumer
CUST15586,Customer_5586,67,Female,Delhi,Delhi,North,Consumer
CUST15587,Customer_5587,64,,Mumbai,Rajasthan,West,Corporate
CUST15588,Customer_5588,34,Other,Bengaluru,West Bengal,North,Consumer
CUST15589,Customer_5589,46,Male,Bengaluru,Tamil Nadu,South,Consumer
CUST15590,Customer_5590,63,Male,Delhi,Telangana, north ,Consumer
CUST15591,Customer_5591,31,Female,Ahmedabad,Uttar Pradesh,West,Consumer
CUST15592,Customer_5592,67,Female,Chennai,Karnataka,East,Corporate
CUST15593,Customer_5593,37,Female,Kolkata,Maharashtra,West,Small Business
CUST15594,Customer_5594,67,Male,Delhi,Karnataka,North,Corporate
CUST15595,Customer_5595,65,Other,Delhi,Telangana,North,Consumer
CUST15596,Customer_5596,50,Female,Pune,Maharashtra,North,consumer 
CUST15597,Customer_5597,60, FEMALE,Ahmedabad,West Bengal,,Corporate
CUST15598,Customer_5598,32,Female,Chennai,Gujarat, north ,CORPORATE
CUST15599,Customer_5599,29,Female,,West Bengal,East,CORPORATE
CUST15600,Customer_5600,57,Other,Lucknow,Telangana,SOUTH,Consumer
CUST15601,Customer_5601,37,Female,Delhi,Uttar Pradesh,West,consumer 
CUST15602,Customer_5602,47, FEMALE,Mumbai,Uttar Pradesh,East,Consumer
CUST15603,Customer_5603,55,Other,Kolkata,Telangana,East,Consumer
CUST15604,Customer_5604,20,Female,Hyderabad,West Bengal, north ,Consumer
CUST15605,Customer_5605,45,Female,Bengaluru,Uttar Pradesh,North,Consumer
CUST15606,Customer_5606,43,Male,Hyderabad,Karnataka,North,Small Business
CUST15607,Customer_5607,47,Male,Hyderabad,Telangana,South,
CUST15608,Customer_5608,30,Male,Ahmedabad,Maharashtra, north ,Corporate
CUST15609,Customer_5609,30,Male,Delhi,,SOUTH,Small Business
CUST15610,Customer_5610,19,Male,Bengaluru,Delhi,South,consumer 
CUST15611,Customer_5611,54,Male,Chennai,Maharashtra,SOUTH,Corporate
CUST15612,Customer_5612,66,Male,Kolkata,Tamil Nadu,East,Consumer
CUST15613,Customer_5613,55,Female,Kolkata,Gujarat,East,consumer 
CUST15614,Customer_5614,19,Male,Ahmedabad,Karnataka,West,Corporate
CUST15615,Customer_5615,53,Male,Lucknow,Uttar Pradesh,East,Small Business
CUST15616,Customer_5616,43,Female,Pune,Rajasthan,South,Corporate
CUST15617,Customer_5617,28,Female,Mumbai,West Bengal,North,Consumer
CUST15618,Customer_5618,25,Female,Chennai,Gujarat,North,Consumer
CUST15619,Customer_5619,61,Female,Kolkata,Delhi,West,Consumer
CUST15620,Customer_5620,57,male ,Lucknow,Gujarat,North,Consumer
CUST15621,Customer_5621,60,Female,Ahmedabad,Uttar Pradesh,West,Small Business
CUST15622,Customer_5622,39,Female,Pune,Gujarat,West,Corporate
CUST15623,Customer_5623,37,Other,Chennai,Uttar Pradesh,South,Consumer
CUST15624,Customer_5624,25,male ,Delhi,Gujarat,West,Consumer
CUST15625,Customer_5625,46,Female,Delhi,Maharashtra,,Corporate
CUST15626,Customer_5626,57,Female,Mumbai,Karnataka,South,Consumer
CUST15627,Customer_5627,43,Male,Delhi,Karnataka,East,Consumer
CUST15628,Customer_5628,47,Female,Hyderabad,Maharashtra, north ,Consumer
CUST15629,Customer_5629,34,,Bengaluru,Uttar Pradesh,North,Consumer
CUST15630,Customer_5630,37,Female,Kolkata,Maharashtra,North,consumer 
CUST15631,Customer_5631,69,Other,Chennai,Delhi,East,consumer 
CUST15632,Customer_5632,33,Female,Pune,Uttar Pradesh,East,Corporate
CUST15633,Customer_5633,63,,Chennai,Gujarat,North,Consumer
CUST15634,Customer_5634,60,Female,Bengaluru,Uttar Pradesh,South,Corporate
CUST15635,Customer_5635,24,Male,Ahmedabad,Uttar Pradesh,East,Consumer
CUST15636,Customer_5636,33,Female,Delhi,West Bengal,South,Consumer
CUST15637,Customer_5637,62,Male,Ahmedabad,Gujarat,West,Consumer
CUST15638,Customer_5638,64,Male,Bengaluru,Tamil Nadu,West,Consumer
CUST15639,Customer_5639,65,male ,Chennai,,East,Consumer
CUST15640,Customer_5640,44,Male,Delhi,Maharashtra,South,Corporate
CUST15641,Customer_5641,40,male ,Delhi,Uttar Pradesh,,Consumer
CUST15642,Customer_5642,41,Male,Hyderabad,Rajasthan,East,Consumer
CUST15643,Customer_5643,26,Male,Jaipur,West Bengal, north ,Corporate
CUST15644,Customer_5644,52,Other,Bengaluru,Uttar Pradesh,East,Corporate
CUST15645,Customer_5645,68,Male,Pune,Gujarat,East,Consumer
CUST15646,Customer_5646,37,Female,Bengaluru,Gujarat,North,Small Business
CUST15647,Customer_5647,54,Female,Hyderabad,Maharashtra,West,Corporate
CUST15648,Customer_5648,59,Female,Ahmedabad,Maharashtra,South,Consumer
CUST15649,Customer_5649,34,Other,Lucknow,Delhi,West,
CUST15650,Customer_5650,64,Female,Chennai,Maharashtra,South,Consumer
CUST15651,Customer_5651,48,Female,Mumbai,Karnataka,North,Corporate
CUST15652,Customer_5652,25, FEMALE,Mumbai,Uttar Pradesh,South,Consumer
CUST15653,Customer_5653,32,Male,Ahmedabad,Tamil Nadu,North,Consumer
CUST15654,Customer_5654,48,Female,Mumbai,Uttar Pradesh,South,Consumer
CUST15655,Customer_5655,47,Other,Lucknow,Tamil Nadu,South,Corporate
CUST15656,Customer_5656,63,Female,Hyderabad,Tamil Nadu,North,Consumer
CUST15657,Customer_5657,37,male ,,Maharashtra,North,
CUST15658,Customer_5658,56,Female,Hyderabad,Uttar Pradesh,West,Corporate
CUST15659,Customer_5659,29,male ,Hyderabad,Uttar Pradesh,West,consumer 
CUST15660,Customer_5660,66,Other,Kolkata,Karnataka,South,Consumer
CUST15661,Customer_5661,34,Male,Ahmedabad,Karnataka,East,Consumer
CUST15662,Customer_5662,59,Male,Ahmedabad,Maharashtra,East,Consumer
CUST15663,Customer_5663,47,Female,Kolkata,Uttar Pradesh,South,Small Business
CUST15664,Customer_5664,46,Female,Jaipur,Uttar Pradesh,South,Consumer
CUST15665,Customer_5665,36,Male,Pune,West Bengal,North,CORPORATE
CUST15666,Customer_5666,63,Male,Jaipur,Maharashtra, north ,Consumer
CUST15667,Customer_5667,28,Male,,Maharashtra,West,consumer 
CUST15668,Customer_5668,51,Other,Chennai,Delhi,South,Consumer
CUST15669,Customer_5669,67,Female,Pune,Delhi,West,Corporate
CUST15670,Customer_5670,24,Female,Chennai,Maharashtra,East,
CUST15671,Customer_5671,61,Male,Pune,Maharashtra,North,consumer 
CUST15672,Customer_5672,51,Male,Ahmedabad,Tamil Nadu,West,consumer 
CUST15673,Customer_5673,37,Male,Hyderabad,Karnataka,North,Corporate
CUST15674,Customer_5674,67,Male,Mumbai,Telangana,West,CORPORATE
CUST15675,Customer_5675,55, FEMALE,Chennai,West Bengal,East,Small Business
CUST15676,Customer_5676,41,,Mumbai,Rajasthan,West,Small Business
CUST15677,Customer_5677,27,Male,Chennai,Rajasthan,East,Small Business
CUST15678,Customer_5678,49,Male,Ahmedabad,Karnataka,West,Small Business
CUST15679,Customer_5679,69,Male,Pune,Uttar Pradesh,North,Corporate
CUST15680,Customer_5680,32,Female,Lucknow,Gujarat,North,Small Business
CUST15681,Customer_5681,54,Male,Mumbai,Karnataka, north ,Consumer
CUST15682,Customer_5682,37,Male,Ahmedabad,Delhi,West,Small Business
CUST15683,Customer_5683,20,Male,Pune,Gujarat,West,Consumer
CUST15684,Customer_5684,54,male ,Delhi,Gujarat,South,Corporate
CUST15685,Customer_5685,57,Female,Kolkata,Delhi,South,Corporate
CUST15686,Customer_5686,25,Female,Ahmedabad,Delhi,East,consumer 
CUST15687,Customer_5687,57,Female,Delhi,Uttar Pradesh,South,Corporate
CUST15688,Customer_5688,61, FEMALE,Pune,Karnataka,West,Corporate
CUST15689,Customer_5689,40,Other,Ahmedabad,Gujarat,West,Consumer
CUST15690,Customer_5690,57,Male,Delhi,Maharashtra, north ,consumer 
CUST15691,Customer_5691,28,Male,Kolkata,Gujarat,East,Consumer
CUST15692,Customer_5692,63,Female,Chennai,Delhi,South,consumer 
CUST15693,Customer_5693,25,Male,Bengaluru,Karnataka,West,Corporate
CUST15694,Customer_5694,46,Female,Pune,,West,Consumer
CUST15695,Customer_5695,47,Female,Delhi,Maharashtra, north ,consumer 
CUST15696,Customer_5696,27,Female,Jaipur,Maharashtra,West,Consumer
CUST15697,Customer_5697,56,Male,Delhi,Gujarat, north ,Consumer
CUST15698,Customer_5698,45,Female,Bengaluru,Maharashtra,North,Consumer
CUST15699,Customer_5699,66,Other,Chennai,Delhi,West,CORPORATE
CUST15700,Customer_5700,53,Male,Hyderabad,Karnataka,North,Small Business
CUST15701,Customer_5701,30,Female,Bengaluru,West Bengal,West,consumer 
CUST15702,Customer_5702,49,Male,Lucknow,Rajasthan,West,Consumer
CUST15703,Customer_5703,53,Male,Ahmedabad,Gujarat,North,Consumer
CUST15704,Customer_5704,54,Female,Ahmedabad,Tamil Nadu,East,Corporate
CUST15705,Customer_5705,43,Male,Chennai,Telangana,North,Corporate
CUST15706,Customer_5706,39,Male,Ahmedabad,Karnataka,North,Small Business
CUST15707,Customer_5707,21,Male,Ahmedabad,Gujarat,North,Corporate
CUST15708,Customer_5708,48,Female,Hyderabad,Uttar Pradesh,East,Consumer
CUST15709,Customer_5709,35,Female,Bengaluru,Gujarat,North,Consumer
CUST15710,Customer_5710,55,Male,Delhi,Gujarat,North,Consumer
CUST15711,Customer_5711,41,Female,Chennai,Karnataka,South,Consumer
CUST15712,Customer_5712,40,Male,Ahmedabad,Tamil Nadu,North,CORPORATE
CUST15713,Customer_5713,39,Female,Pune,West Bengal,South,CORPORATE
CUST15714,Customer_5714,19,Female,Kolkata,Maharashtra,East,Small Business
CUST15715,Customer_5715,48,Female,Delhi,Delhi,East,Consumer
CUST15716,Customer_5716,28,,Mumbai,Gujarat,SOUTH,Consumer
CUST15717,Customer_5717,45,Other,Chennai,Tamil Nadu,North,Corporate
CUST15718,Customer_5718,63,Male,Ahmedabad,West Bengal, north ,Small Business
CUST15719,Customer_5719,49, FEMALE,Hyderabad,Tamil Nadu,South,consumer 
CUST15720,Customer_5720,22,Male,Ahmedabad,Uttar Pradesh,South,consumer 
CUST15721,Customer_5721,55,Other,Mumbai,Maharashtra,South,Consumer
CUST15722,Customer_5722,27,Male,Pune,West Bengal,North,
CUST15723,Customer_5723,57,Female,Pune,Tamil Nadu,East,Consumer
CUST15724,Customer_5724,63,Male,,Gujarat,West,consumer 
CUST15725,Customer_5725,41,Male,Delhi,Tamil Nadu, north ,Corporate
CUST15726,Customer_5726,52,Female,Mumbai,Gujarat,SOUTH,Corporate
CUST15727,Customer_5727,61,Other,Mumbai,Karnataka,West,Corporate
CUST15728,Customer_5728,65,Female,Ahmedabad,Gujarat,West,consumer 
CUST15729,Customer_5729,40,Female,Mumbai,Gujarat,East,Corporate
CUST15730,Customer_5730,34,male ,Delhi,West Bengal, north ,consumer 
CUST15731,Customer_5731,18,Male,Chennai,Karnataka,West,Consumer
CUST15732,Customer_5732,48,Male,Chennai,Telangana,North,consumer 
CUST15733,Customer_5733,48,Male,Lucknow,Uttar Pradesh,West,
CUST15734,Customer_5734,59,Male,Ahmedabad,West Bengal,South,Corporate
CUST15735,Customer_5735,59,Male,Chennai,Telangana,East,
CUST15736,Customer_5736,51,Male,Ahmedabad,West Bengal, north ,Consumer
CUST15737,Customer_5737,26,Male,Jaipur,Uttar Pradesh,West,Small Business
CUST15738,Customer_5738,39,Male,Bengaluru,Delhi,SOUTH,Consumer
CUST15739,Customer_5739,30,Other,Ahmedabad,Delhi, north ,Corporate
CUST15740,Customer_5740,42,Male,Kolkata,Delhi,North,Corporate
CUST15741,Customer_5741,65,Female,Hyderabad,Maharashtra,North,Corporate
CUST15742,Customer_5742,35,Female,Kolkata,Telangana,South,Corporate
CUST15743,Customer_5743,68,Female,Hyderabad,Uttar Pradesh,,Consumer
CUST15744,Customer_5744,29,Male,Delhi,Karnataka,South,
CUST15745,Customer_5745,57,Male,Jaipur,Delhi,West,Consumer
CUST15746,Customer_5746,34,Male,Lucknow,Tamil Nadu,East,Corporate
CUST15747,Customer_5747,32,Female,Jaipur,,West,consumer 
CUST15748,Customer_5748,59,Male,Mumbai,Karnataka,North,consumer 
CUST15749,Customer_5749,32,Female,Ahmedabad,Gujarat,South,Small Business
CUST15750,Customer_5750,32,Female,Delhi,Maharashtra,South,Corporate
CUST15751,Customer_5751,56,Female,Bengaluru,Maharashtra,East,Consumer
CUST15752,Customer_5752,30,Female,Bengaluru,Uttar Pradesh,South,Consumer
CUST15753,Customer_5753,34,Female,Delhi,Tamil Nadu,West,Consumer
CUST15754,Customer_5754,49, FEMALE,Hyderabad,Uttar Pradesh,South,Small Business
CUST15755,Customer_5755,26,Male,Pune,Gujarat,West,Small Business
CUST15756,Customer_5756,57,Female,Ahmedabad,Karnataka,SOUTH,Corporate
CUST15757,Customer_5757,37,Female,,Rajasthan,East,Small Business
CUST15758,Customer_5758,43,Female,Lucknow,West Bengal,South,Corporate
CUST15759,Customer_5759,44,Male,Chennai,Gujarat,West,Consumer
CUST15760,Customer_5760,38,Female,Jaipur,Telangana,North,consumer 
CUST15761,Customer_5761,35,Male,Lucknow,Delhi,South,consumer 
CUST15762,Customer_5762,30,Male,Chennai,West Bengal,South,Consumer
CUST15763,Customer_5763,33,Male,Jaipur,Gujarat,North,Small Business
CUST15764,Customer_5764,26,Male,Chennai,Delhi,East,Corporate
CUST15765,Customer_5765,29,Female,Hyderabad,Karnataka,East,Consumer
CUST15766,Customer_5766,61, FEMALE,Chennai,Karnataka,South,Consumer
CUST15767,Customer_5767,55,Male,Kolkata,Uttar Pradesh,South,Consumer
CUST15768,Customer_5768,36,Other,Jaipur,Karnataka,South,Small Business
CUST15769,Customer_5769,24,Other,Hyderabad,Maharashtra,South,Consumer
CUST15770,Customer_5770,52,Other,Pune,Rajasthan,North,Consumer
CUST15771,Customer_5771,65,male ,Ahmedabad,Delhi,South,Consumer
CUST15772,Customer_5772,35,Male,Ahmedabad,Maharashtra,East,Consumer
CUST15773,Customer_5773,33,Male,Mumbai,Telangana,West,Corporate
CUST15774,Customer_5774,56,Female,Mumbai,Karnataka,South,Corporate
CUST15775,Customer_5775,21,Female,Kolkata,Karnataka,SOUTH,Consumer
CUST15776,Customer_5776,42, FEMALE,Hyderabad,Maharashtra,South,Small Business
CUST15777,Customer_5777,49,,Delhi,Telangana,West,Consumer
CUST15778,Customer_5778,57,Female,Bengaluru,Uttar Pradesh,North,Consumer
CUST15779,Customer_5779,30,Male,Lucknow,Telangana,West,Consumer
CUST15780,Customer_5780,62,Male,Lucknow,West Bengal,South,Small Business
CUST15781,Customer_5781,34,Male,Chennai,Maharashtra,East,Consumer
CUST15782,Customer_5782,66,Female,Chennai,Delhi,,Corporate
CUST15783,Customer_5783,54,Female,Pune,Gujarat,South,Consumer
CUST15784,Customer_5784,23,male ,Mumbai,Karnataka,West,Consumer
CUST15785,Customer_5785,36,Female,Chennai,Karnataka,West,Small Business
CUST15786,Customer_5786,30,Other,Delhi,Gujarat,South,Corporate
CUST15787,Customer_5787,43,Female,Chennai,Rajasthan,South,Consumer
CUST15788,Customer_5788,31, FEMALE,Bengaluru,Uttar Pradesh,North,Consumer
CUST15789,Customer_5789,48,Male,Kolkata,Rajasthan,North,Corporate
CUST15790,Customer_5790,21, FEMALE,Kolkata,Maharashtra,North,Consumer
CUST15791,Customer_5791,56,Female,Hyderabad,Gujarat,South,Consumer
CUST15792,Customer_5792,25,Male,Delhi,Gujarat,West,Consumer
CUST15793,Customer_5793,42,Male,Bengaluru,Maharashtra,East,Small Business
CUST15794,Customer_5794,30,Other,Kolkata,Uttar Pradesh,West,Consumer
CUST15795,Customer_5795,49,Male,Delhi,Telangana,West,consumer 
CUST15796,Customer_5796,55,Female,Delhi,Rajasthan,East,consumer 
CUST15797,Customer_5797,55,Male,Kolkata,Maharashtra,East,
CUST15798,Customer_5798,45,Female,Jaipur,Tamil Nadu,SOUTH,consumer 
CUST15799,Customer_5799,47,male ,Bengaluru,Maharashtra,East,
CUST15800,Customer_5800,20,Male,Chennai,Tamil Nadu,East,consumer 
CUST15801,Customer_5801,45,Female,Ahmedabad,Karnataka, north ,Consumer
CUST15802,Customer_5802,20,,Ahmedabad,Telangana,North,Consumer
CUST15803,Customer_5803,62,male ,Bengaluru,Rajasthan,West,Consumer
CUST15804,Customer_5804,51, FEMALE,Lucknow,Gujarat,North,Corporate
CUST15805,Customer_5805,33,Female,Pune,Maharashtra,West,Corporate
CUST15806,Customer_5806,39,Male,Ahmedabad,Gujarat,West,CORPORATE
CUST15807,Customer_5807,49,Female,Chennai,Telangana,East,CORPORATE
CUST15808,Customer_5808,55,Female,Jaipur,Gujarat,West,Consumer
CUST15809,Customer_5809,25,Male,Jaipur,Tamil Nadu,West,Corporate
CUST15810,Customer_5810,25,Male,Chennai,Gujarat,East,Consumer
CUST15811,Customer_5811,23,Male,Lucknow,Rajasthan, north ,Corporate
CUST15812,Customer_5812,31,Female,Bengaluru,Tamil Nadu,South,Corporate
CUST15813,Customer_5813,49,male ,Mumbai,Karnataka, north ,consumer 
CUST15814,Customer_5814,52,Male,Hyderabad,Gujarat,East,consumer 
CUST15815,Customer_5815,27,Female,Ahmedabad,Uttar Pradesh,South,Consumer
CUST15816,Customer_5816,20,Other,Chennai,Telangana,North,Consumer
CUST15817,Customer_5817,29,Male,Kolkata,Maharashtra,South,Small Business
CUST15818,Customer_5818,66,Female,Pune,Uttar Pradesh, north ,Small Business
CUST15819,Customer_5819,48,Other,Mumbai,,South,Corporate
CUST15820,Customer_5820,46,Other,Hyderabad,Karnataka,South,
CUST15821,Customer_5821,22,Male,Kolkata,Gujarat,East,Consumer
CUST15822,Customer_5822,69,Male,Ahmedabad,Maharashtra,South,Corporate
CUST15823,Customer_5823,42,Male,Mumbai,Gujarat,East,
CUST15824,Customer_5824,58,Female,Hyderabad,Uttar Pradesh,South,Small Business
CUST15825,Customer_5825,48,Female,Delhi,Karnataka, north ,Corporate
CUST15826,Customer_5826,38,Female,Bengaluru,Karnataka,,Consumer
CUST15827,Customer_5827,37,Male,Hyderabad,Rajasthan,West,Consumer
CUST15828,Customer_5828,56,Male,Pune,West Bengal,West,Consumer
CUST15829,Customer_5829,39,Female,Mumbai,Gujarat,North,Consumer
CUST15830,Customer_5830,21,Female,Mumbai,Uttar Pradesh, north ,Corporate
CUST15831,Customer_5831,30,Female,Jaipur,Tamil Nadu,North,consumer 
CUST15832,Customer_5832,62,Female,Ahmedabad,Gujarat,South,Consumer
CUST15833,Customer_5833,59,Male,Bengaluru,West Bengal,South,Consumer
CUST15834,Customer_5834,67,Male,Kolkata,Gujarat,East,Consumer
CUST15835,Customer_5835,66,Male,Bengaluru,Gujarat,South,Small Business
CUST15836,Customer_5836,37,Male,Ahmedabad,Gujarat,West,
CUST15837,Customer_5837,69,Male,Kolkata,Delhi,SOUTH,consumer 
CUST15838,Customer_5838,30,Male,Lucknow,West Bengal,West,Small Business
CUST15839,Customer_5839,34,Male,Delhi,Tamil Nadu,South,Consumer
CUST15840,Customer_5840,53,Male,Pune,Tamil Nadu,East,Consumer
CUST15841,Customer_5841,50,Female,Chennai,Telangana, north ,consumer 
CUST15842,Customer_5842,18,Male,Bengaluru,Uttar Pradesh,South,Corporate
CUST15843,Customer_5843,32,Female,Bengaluru,Karnataka,North,Consumer
CUST15844,Customer_5844,30,Female,Pune,Tamil Nadu,North,Consumer
CUST15845,Customer_5845,34,Female,Kolkata,Maharashtra,East,Consumer
CUST15846,Customer_5846,41,Other,Delhi,Karnataka,West,Corporate
CUST15847,Customer_5847,25,Male,Pune,Rajasthan,West,consumer 
CUST15848,Customer_5848,67,Female,Mumbai,Maharashtra,South,Consumer
CUST15849,Customer_5849,44,Other,Mumbai,Maharashtra,West,Corporate
CUST15850,Customer_5850,62, FEMALE,Pune,Tamil Nadu,West,Consumer
CUST15851,Customer_5851,40,Male,Bengaluru,Delhi,West,
CUST15852,Customer_5852,63,Male,Hyderabad,Maharashtra,North,Consumer
CUST15853,Customer_5853,25,Male,Hyderabad,Gujarat,South,Corporate
CUST15854,Customer_5854,25,Female,Kolkata,Gujarat,South,Consumer
CUST15855,Customer_5855,43,Female,Chennai,Karnataka,West,consumer 
CUST15856,Customer_5856,64,Male,Ahmedabad,Karnataka,West,Consumer
CUST15857,Customer_5857,30,Female,Hyderabad,Gujarat,South,Consumer
CUST15858,Customer_5858,56,Female,Jaipur,Delhi,North,Consumer
CUST15859,Customer_5859,54,Female,Bengaluru,West Bengal,West,Small Business
CUST15860,Customer_5860,66, FEMALE,Chennai,West Bengal,,Consumer
CUST15861,Customer_5861,45,male ,Pune,Uttar Pradesh,North,Consumer
CUST15862,Customer_5862,42,Male,Bengaluru,Gujarat,North,Small Business
CUST15863,Customer_5863,33,Female,Chennai,Karnataka,North,Small Business
CUST15864,Customer_5864,19,Male,Bengaluru,Telangana,South,Consumer
CUST15865,Customer_5865,35,Female,Delhi,Rajasthan,South,Consumer
CUST15866,Customer_5866,34,Other,Mumbai,Gujarat,West,Corporate
CUST15867,Customer_5867,47, FEMALE,Kolkata,Gujarat,,Corporate
CUST15868,Customer_5868,56,Female,Jaipur,Rajasthan,North,Corporate
CUST15869,Customer_5869,30,Male,Bengaluru,Gujarat,South,Consumer
CUST15870,Customer_5870,49,Male,Hyderabad,Delhi,South,CORPORATE
CUST15871,Customer_5871,67,Female,Delhi,Telangana,East,Consumer
CUST15872,Customer_5872,46,Male,Mumbai,Delhi,West,Consumer
CUST15873,Customer_5873,63,Female,Jaipur,Maharashtra,South,Consumer
CUST15874,Customer_5874,47,Male,Pune,West Bengal,North,CORPORATE
CUST15875,Customer_5875,35,Male,Mumbai,Gujarat,West,Small Business
CUST15876,Customer_5876,30,Male,,West Bengal,West,Small Business
CUST15877,Customer_5877,60,Other,Lucknow,Rajasthan,South,Consumer
CUST15878,Customer_5878,38,Female,Mumbai,Maharashtra,North,Small Business
CUST15879,Customer_5879,47,Male,Bengaluru,Rajasthan,East,Consumer
CUST15880,Customer_5880,38,Male,Kolkata,Telangana,North,CORPORATE
CUST15881,Customer_5881,65,Female,Pune,Rajasthan,South,Corporate
CUST15882,Customer_5882,34,Male,Chennai,Karnataka,West,Corporate
CUST15883,Customer_5883,57,Female,Ahmedabad,West Bengal,North,Consumer
CUST15884,Customer_5884,36,male ,Mumbai,Telangana,West,Corporate
CUST15885,Customer_5885,69,Female,Jaipur,Tamil Nadu,West,Small Business
CUST15886,Customer_5886,32,Female,Mumbai,Maharashtra,North,Corporate
CUST15887,Customer_5887,26,Female,Pune,Telangana,,Corporate
CUST15888,Customer_5888,69,Other,Ahmedabad,Telangana,East,Consumer
CUST15889,Customer_5889,27,Other,Chennai,Uttar Pradesh,North,Small Business
CUST15890,Customer_5890,61,Female,Jaipur,Rajasthan,North,consumer 
CUST15891,Customer_5891,48,Male,Lucknow,Gujarat,East,Consumer
CUST15892,Customer_5892,40,Female,Mumbai,West Bengal,West,Consumer
CUST15893,Customer_5893,69,Male,Kolkata,Karnataka,East,Small Business
CUST15894,Customer_5894,47,Female,Ahmedabad,Uttar Pradesh,North,Consumer
CUST15895,Customer_5895,50,Female,Pune,Tamil Nadu,SOUTH,Consumer
CUST15896,Customer_5896,69,Male,Mumbai,Maharashtra,West,Consumer
CUST15897,Customer_5897,26,Male,Mumbai,Uttar Pradesh,West,Corporate
CUST15898,Customer_5898,64,Female,Bengaluru,Maharashtra,West,Consumer
CUST15899,Customer_5899,18, FEMALE,Delhi,Maharashtra,South,Corporate
CUST15900,Customer_5900,61,Female,Chennai,Uttar Pradesh,,CORPORATE
CUST15901,Customer_5901,52,Female,Delhi,Uttar Pradesh,North,Small Business
CUST15902,Customer_5902,28,Male,Mumbai,Uttar Pradesh,,Small Business
CUST15903,Customer_5903,51,Female,Hyderabad,Karnataka,South,Consumer
CUST15904,Customer_5904,33,Female,Chennai,Gujarat, north ,Consumer
CUST15905,Customer_5905,26,Female,Pune,Uttar Pradesh,West,Consumer
CUST15906,Customer_5906,49,Male,,Uttar Pradesh,East,CORPORATE
CUST15907,Customer_5907,32,Female,Delhi,Rajasthan,SOUTH,Small Business
CUST15908,Customer_5908,29,Male,Delhi,West Bengal,SOUTH,Consumer
CUST15909,Customer_5909,50,Male,Delhi,Maharashtra,North,Consumer
CUST15910,Customer_5910,62,Other,Hyderabad,Rajasthan,North,Consumer
CUST15911,Customer_5911,31,Male,Delhi,Rajasthan,West,Corporate
CUST15912,Customer_5912,25,Male,Jaipur,Karnataka,SOUTH,Consumer
CUST15913,Customer_5913,25,Female,Mumbai,Uttar Pradesh,South,Consumer
CUST15914,Customer_5914,44, FEMALE,Ahmedabad,Tamil Nadu,North,Consumer
CUST15915,Customer_5915,29,Female,Chennai,Tamil Nadu,West,Consumer
CUST15916,Customer_5916,18,Female,Hyderabad,Telangana,North,Small Business
CUST15917,Customer_5917,60, FEMALE,Jaipur,Maharashtra,East,Consumer
CUST15918,Customer_5918,57,Male,Jaipur,Maharashtra,South,Consumer
CUST15919,Customer_5919,59,Female,Pune,Uttar Pradesh,East,Corporate
CUST15920,Customer_5920,68,Male,Ahmedabad,Karnataka,SOUTH,Consumer
CUST15921,Customer_5921,28,male ,Hyderabad,Delhi,East,Corporate
CUST15922,Customer_5922,56,Male,Lucknow,,North,Consumer
CUST15923,Customer_5923,60,Male,Hyderabad,Maharashtra,East,Consumer
CUST15924,Customer_5924,48,Female,Lucknow,Rajasthan,South,Consumer
CUST15925,Customer_5925,34,Female,Bengaluru,Gujarat,West,Consumer
CUST15926,Customer_5926,50,Female,Bengaluru,West Bengal,East,CORPORATE
CUST15927,Customer_5927,49,Female,Kolkata,Uttar Pradesh,West,Consumer
CUST15928,Customer_5928,46,Male,Mumbai,, north ,Consumer
CUST15929,Customer_5929,38,Female,Mumbai,Gujarat,South,Consumer
CUST15930,Customer_5930,38,Female,Bengaluru,Tamil Nadu,,Consumer
CUST15931,Customer_5931,57, FEMALE,Kolkata,Telangana,North,Consumer
CUST15932,Customer_5932,40,Male,Ahmedabad,Tamil Nadu,West,Consumer
CUST15933,Customer_5933,23, FEMALE,Kolkata,Gujarat,North,consumer 
CUST15934,Customer_5934,39,Female,Lucknow,Gujarat,North,Consumer
CUST15935,Customer_5935,67,Male,Pune,Gujarat,West,Small Business
CUST15936,Customer_5936,55,Female,Delhi,West Bengal,North,Consumer
CUST15937,Customer_5937,54,Male,Delhi,Tamil Nadu,North,Consumer
CUST15938,Customer_5938,62,,Pune,Karnataka,South,Small Business
CUST15939,Customer_5939,68, FEMALE,Bengaluru,Delhi,East,Small Business
CUST15940,Customer_5940,25,Male,Mumbai,Uttar Pradesh,North,Consumer
CUST15941,Customer_5941,58,Male,Chennai,Karnataka,East,Consumer
CUST15942,Customer_5942,66,Female,Kolkata,Karnataka,West,Consumer
CUST15943,Customer_5943,52,Male,Hyderabad,Gujarat,South,Consumer
CUST15944,Customer_5944,68,Male,Lucknow,Delhi,North,CORPORATE
CUST15945,Customer_5945,28,Male,Jaipur,Gujarat,East,Corporate
CUST15946,Customer_5946,41,Female,Jaipur,Delhi,East,CORPORATE
CUST15947,Customer_5947,66,Male,,Gujarat,East,Consumer
CUST15948,Customer_5948,38, FEMALE,Bengaluru,Telangana,West,Corporate
CUST15949,Customer_5949,68,male ,Kolkata,Maharashtra,North,Consumer
CUST15950,Customer_5950,19,Female,Lucknow,Rajasthan,West,Small Business
CUST15951,Customer_5951,57, FEMALE,Pune,Gujarat,North,Consumer
CUST15952,Customer_5952,36,Male,Jaipur,Telangana,South,Small Business
CUST15953,Customer_5953,56,Male,Hyderabad,Rajasthan,North,Consumer
CUST15954,Customer_5954,45,Female,Pune,,West,Corporate
CUST15955,Customer_5955,34,Female,Delhi,Karnataka,East,Corporate
CUST15956,Customer_5956,23,Female,,Uttar Pradesh,,Small Business
CUST15957,Customer_5957,36, FEMALE,Lucknow,Karnataka,SOUTH,Consumer
CUST15958,Customer_5958,55,Other,,Telangana,,Corporate
CUST15959,Customer_5959,45,Female,Kolkata,Karnataka,North,Consumer
CUST15960,Customer_5960,19,male ,Mumbai,Telangana,East,Consumer
CUST15961,Customer_5961,55,Male,Delhi,Delhi,South,Corporate
CUST15962,Customer_5962,54,Male,Ahmedabad,Karnataka,East,CORPORATE
CUST15963,Customer_5963,68,Female,Hyderabad,Telangana,South,CORPORATE
CUST15964,Customer_5964,69,Female,Bengaluru,West Bengal,North,Consumer
CUST15965,Customer_5965,21,Female,Pune,West Bengal,West,consumer 
CUST15966,Customer_5966,39,Male,Hyderabad,West Bengal,SOUTH,consumer 
CUST15967,Customer_5967,43,Female,Kolkata,Karnataka,East,Consumer
CUST15968,Customer_5968,66,Male,Chennai,Gujarat,South,Corporate
CUST15969,Customer_5969,60,Female,Kolkata,Telangana,SOUTH,consumer 
CUST15970,Customer_5970,53,Male,Lucknow,Maharashtra,South,Corporate
CUST15971,Customer_5971,30,Male,Mumbai,Tamil Nadu,SOUTH,Consumer
CUST15972,Customer_5972,69,Male,Bengaluru,Uttar Pradesh, north ,Corporate
CUST15973,Customer_5973,49,Male,Hyderabad,Delhi,East,Consumer
CUST15974,Customer_5974,34, FEMALE,Ahmedabad,Karnataka,West,Consumer
CUST15975,Customer_5975,58,Male,Hyderabad,Uttar Pradesh,West,Small Business
CUST15976,Customer_5976,53,Male,Hyderabad,Tamil Nadu,West,Consumer
CUST15977,Customer_5977,63,Female,Kolkata,Telangana,North,Small Business
CUST15978,Customer_5978,36,Female,Hyderabad,Gujarat,West,Consumer
CUST15979,Customer_5979,52,Male,Ahmedabad,Delhi,North,Corporate
CUST15980,Customer_5980,63,Male,Ahmedabad,West Bengal,West,Corporate
CUST15981,Customer_5981,57,,Chennai,Karnataka,East,Small Business
CUST15982,Customer_5982,45,Female,Kolkata,Delhi,South,consumer 
CUST15983,Customer_5983,18,Male,Delhi,Maharashtra,West,Small Business
CUST15984,Customer_5984,59,Female,Kolkata,West Bengal,South,Corporate
CUST15985,Customer_5985,35,Male,Kolkata,Delhi,East,Consumer
CUST15986,Customer_5986,65,Male,Hyderabad,West Bengal,North,Corporate
CUST15987,Customer_5987,57,Female,Mumbai,Gujarat,South,Consumer
CUST15988,Customer_5988,50, FEMALE,Ahmedabad,Uttar Pradesh,North,Consumer
CUST15989,Customer_5989,29,Male,Hyderabad,Karnataka,South,Consumer
CUST15990,Customer_5990,25, FEMALE,Kolkata,Maharashtra,,Consumer
CUST15991,Customer_5991,41,Male,Delhi,Tamil Nadu,North,Consumer
CUST15992,Customer_5992,33,Male,Hyderabad,Telangana,East,Consumer
CUST15993,Customer_5993,67,Male,Lucknow,,,Consumer
CUST15994,Customer_5994,21,Male,Hyderabad,,East,Consumer
CUST15995,Customer_5995,55,Other,Pune,Telangana,East,Consumer
CUST15996,Customer_5996,61,Female,Mumbai,Maharashtra, north ,Consumer
CUST15997,Customer_5997,44,Male,Hyderabad,Gujarat,North,Consumer
CUST15998,Customer_5998,26,Other,Ahmedabad,Uttar Pradesh,East,Consumer
CUST15999,Customer_5999,64, FEMALE,Pune,Tamil Nadu, north ,Consumer
CUST16000,Customer_6000,33,Female,Ahmedabad,Telangana,North,Consumer
CUST16001,Customer_6001,29,Other,Ahmedabad,Telangana,East,consumer 
CUST16002,Customer_6002,48,Male,Ahmedabad,Gujarat,,Consumer
CUST16003,Customer_6003,41,male ,Ahmedabad,Maharashtra,North,Corporate
CUST16004,Customer_6004,31,Female,Delhi,Uttar Pradesh,South,Consumer
CUST16005,Customer_6005,62, FEMALE,Ahmedabad,Delhi,West,Consumer
CUST16006,Customer_6006,42,male ,Mumbai,Gujarat,East,Consumer
CUST16007,Customer_6007,51,Male,Delhi,Tamil Nadu,South,Consumer
CUST16008,Customer_6008,20,male ,Delhi,Maharashtra,West,Consumer
CUST16009,Customer_6009,41,Male,Bengaluru,Delhi,West,Small Business
CUST16010,Customer_6010,59,Male,Pune,Tamil Nadu,South,Small Business
CUST16011,Customer_6011,26,Male,Hyderabad,Karnataka,East,Consumer
CUST16012,Customer_6012,43,Other,Delhi,West Bengal,West,Consumer
CUST16013,Customer_6013,37,Male,Chennai,Karnataka,South,Consumer
CUST16014,Customer_6014,57,Female,Hyderabad,Delhi,West,Consumer
CUST16015,Customer_6015,27,Female,Jaipur,Tamil Nadu,South,Small Business
CUST16016,Customer_6016,36,Other,Bengaluru,West Bengal,South,
CUST16017,Customer_6017,20,Male,Mumbai,Telangana,South,Consumer
CUST16018,Customer_6018,41,male ,Bengaluru,Telangana,SOUTH,Small Business
CUST16019,Customer_6019,22, FEMALE,Bengaluru,West Bengal,West,Corporate
CUST16020,Customer_6020,20,Female,Pune,Tamil Nadu,East,Corporate
CUST16021,Customer_6021,44,Male,Chennai,Maharashtra,East,Consumer
CUST16022,Customer_6022,33,Female,Bengaluru,Maharashtra,North,Consumer
CUST16023,Customer_6023,66,Other,Hyderabad,Maharashtra,West,Corporate
CUST16024,Customer_6024,32,Female,Hyderabad,Rajasthan,South,Corporate
CUST16025,Customer_6025,52,Male,Ahmedabad,Tamil Nadu,East,CORPORATE
CUST16026,Customer_6026,29, FEMALE,Mumbai,Telangana, north ,Corporate
CUST16027,Customer_6027,58,Female,Lucknow,Uttar Pradesh,,Consumer
CUST16028,Customer_6028,61,Female,Kolkata,Karnataka,East,
CUST16029,Customer_6029,43,male ,Delhi,West Bengal,,Consumer
CUST16030,Customer_6030,64,Male,,Delhi,North,Consumer
CUST16031,Customer_6031,51,male ,Jaipur,Uttar Pradesh,West,Corporate
CUST16032,Customer_6032,40,Female,Kolkata,Rajasthan,East,Consumer
CUST16033,Customer_6033,48, FEMALE,Hyderabad,Uttar Pradesh,West,CORPORATE
CUST16034,Customer_6034,67,Male,Pune,Gujarat,North,Consumer
CUST16035,Customer_6035,37,Female,Bengaluru,Uttar Pradesh,South,Consumer
CUST16036,Customer_6036,29,male ,Delhi,Gujarat,,Consumer
CUST16037,Customer_6037,40,Male,Lucknow,Karnataka,West,Corporate
CUST16038,Customer_6038,21,Male,Ahmedabad,Karnataka,West,Consumer
CUST16039,Customer_6039,40,,Mumbai,Gujarat,South,Consumer
CUST16040,Customer_6040,65,Male,Jaipur,Gujarat,North,Corporate
CUST16041,Customer_6041,65,Other,Jaipur,Tamil Nadu,SOUTH,Consumer
CUST16042,Customer_6042,18,Male,Mumbai,Telangana,North,Consumer
CUST16043,Customer_6043,42,Male,Hyderabad,Gujarat,,Corporate
CUST16044,Customer_6044,19,Female,Hyderabad,Karnataka,North,Consumer
CUST16045,Customer_6045,47,Female,Jaipur,Maharashtra,North,consumer 
CUST16046,Customer_6046,20,Female,Lucknow,West Bengal,South,Consumer
CUST16047,Customer_6047,38,Female,Delhi,Delhi,East,Consumer
CUST16048,Customer_6048,42, FEMALE,Pune,Telangana,West,Consumer
CUST16049,Customer_6049,37,Male,Jaipur,Uttar Pradesh,,Consumer
CUST16050,Customer_6050,66,Female,Jaipur,Karnataka,South,Small Business
CUST16051,Customer_6051,69,Male,Mumbai,Gujarat,North,Corporate
CUST16052,Customer_6052,39,Female,Chennai,Gujarat,East,Consumer
CUST16053,Customer_6053,38,Male,Lucknow,Uttar Pradesh,West,Consumer
CUST16054,Customer_6054,50,Male,Bengaluru,,South,Consumer
CUST16055,Customer_6055,69,Female,Hyderabad,Tamil Nadu,North,Corporate
CUST16056,Customer_6056,55,Male,Lucknow,West Bengal,South,Small Business
CUST16057,Customer_6057,32,Male,Delhi,Uttar Pradesh,,Consumer
CUST16058,Customer_6058,63,Female,Lucknow,Tamil Nadu,East,Consumer
CUST16059,Customer_6059,69,Female,Bengaluru,Telangana,West,Small Business
CUST16060,Customer_6060,32, FEMALE,Delhi,West Bengal,North,Small Business
CUST16061,Customer_6061,63,Female,Mumbai,Rajasthan, north ,Consumer
CUST16062,Customer_6062,42,Male,Delhi,Uttar Pradesh,North,Consumer
CUST16063,Customer_6063,38,Female,Delhi,Rajasthan,South,consumer 
CUST16064,Customer_6064,41,Male,Kolkata,Uttar Pradesh,East,Small Business
CUST16065,Customer_6065,22,male ,Mumbai,Rajasthan,West,Consumer
CUST16066,Customer_6066,23,,Ahmedabad,Tamil Nadu,South,Consumer
CUST16067,Customer_6067,66,Female,Chennai,Maharashtra,SOUTH,
CUST16068,Customer_6068,60,Female,Chennai,Uttar Pradesh,West,Corporate
CUST16069,Customer_6069,65,Male,Hyderabad,Delhi,North,Small Business
CUST16070,Customer_6070,61,Female,Kolkata,,West,Consumer
CUST16071,Customer_6071,64, FEMALE,Chennai,Uttar Pradesh,West,Small Business
CUST16072,Customer_6072,40,Male,Mumbai,Rajasthan,West,Corporate
CUST16073,Customer_6073,21,Male,Ahmedabad,Gujarat,,Consumer
CUST16074,Customer_6074,44,Female,Hyderabad,West Bengal,West,Consumer
CUST16075,Customer_6075,35,Female,Delhi,Delhi,South,Consumer
CUST16076,Customer_6076,38,Male,Chennai,Tamil Nadu,,Small Business
CUST16077,Customer_6077,45,Other,Kolkata,Karnataka,West,Small Business
CUST16078,Customer_6078,52,Male,Bengaluru,Telangana,East,Corporate
CUST16079,Customer_6079,39,Male,Lucknow,Telangana,South,Consumer
CUST16080,Customer_6080,57,Female,Kolkata,Uttar Pradesh,SOUTH,Consumer
CUST16081,Customer_6081,40,Male,Kolkata,Tamil Nadu,East,Consumer
CUST16082,Customer_6082,20,Female,Hyderabad,Tamil Nadu,West,Consumer
CUST16083,Customer_6083,57,Male,Ahmedabad,Karnataka,South,Consumer
CUST16084,Customer_6084,67,Male,Bengaluru,Tamil Nadu,West,Consumer
CUST16085,Customer_6085,27,Male,Pune,Karnataka,South,CORPORATE
CUST16086,Customer_6086,42,Other,Bengaluru,Karnataka,West,Consumer
CUST16087,Customer_6087,69,Female,Jaipur,Uttar Pradesh,North,Corporate
CUST16088,Customer_6088,66,male ,Delhi,Karnataka,West,consumer 
CUST16089,Customer_6089,25,Male,Delhi,Delhi,East,Consumer
CUST16090,Customer_6090,28,Female,Lucknow,Karnataka,West,Corporate
CUST16091,Customer_6091,22,Female,Hyderabad,West Bengal,East,Consumer
CUST16092,Customer_6092,62,Other,Bengaluru,Uttar Pradesh,,Consumer
CUST16093,Customer_6093,54,Female,Pune,Gujarat,East,Corporate
CUST16094,Customer_6094,62,Female,Kolkata,Uttar Pradesh,SOUTH,Consumer
CUST16095,Customer_6095,55,Male,Mumbai,Telangana,West,Consumer
CUST16096,Customer_6096,46,Female,Mumbai,Karnataka,South,Consumer
CUST16097,Customer_6097,22,Female,Ahmedabad,Maharashtra,SOUTH,Small Business
CUST16098,Customer_6098,26,Other,Pune,West Bengal,West,Consumer
CUST16099,Customer_6099,65,Male,Hyderabad,Tamil Nadu,South,Consumer
CUST16100,Customer_6100,19,Male,Lucknow,Rajasthan,East,Consumer
CUST16101,Customer_6101,18,Female,Chennai,Maharashtra,South,Small Business
CUST16102,Customer_6102,57,Male,Bengaluru,Karnataka,North,Small Business
CUST16103,Customer_6103,68,Male,Mumbai,Karnataka,West,Consumer
CUST16104,Customer_6104,47, FEMALE,Hyderabad,Uttar Pradesh,North,consumer 
CUST16105,Customer_6105,28,Female,Lucknow,Maharashtra,South,Corporate
CUST16106,Customer_6106,45, FEMALE,Delhi,West Bengal,West,Corporate
CUST16107,Customer_6107,61,male ,Mumbai,Delhi,SOUTH,Consumer
CUST16108,Customer_6108,29,Male,Ahmedabad,Tamil Nadu,North,Consumer
CUST16109,Customer_6109,56,Female,Mumbai,Delhi,South,CORPORATE
CUST16110,Customer_6110,43,Male,Pune,Maharashtra,East,consumer 
CUST16111,Customer_6111,30,Other,Mumbai,Maharashtra,West,Corporate
CUST16112,Customer_6112,25,Female,Pune,Karnataka,SOUTH,Corporate
CUST16113,Customer_6113,45,Female,Hyderabad,Karnataka,North,Consumer
CUST16114,Customer_6114,47,Male,Delhi,Uttar Pradesh,West,CORPORATE
CUST16115,Customer_6115,26,Female,Pune,Maharashtra,North,Small Business
CUST16116,Customer_6116,56,Male,Kolkata,Delhi,West,Consumer
CUST16117,Customer_6117,48,Male,Kolkata,West Bengal,North,Small Business
CUST16118,Customer_6118,38,male ,Kolkata,Rajasthan, north ,Consumer
CUST16119,Customer_6119,64,male ,,Karnataka,North,Consumer
CUST16120,Customer_6120,51,Male,Chennai,West Bengal,West,Small Business
CUST16121,Customer_6121,48,Female,Kolkata,Uttar Pradesh,South,Corporate
CUST16122,Customer_6122,69, FEMALE,Kolkata,Karnataka,East,Corporate
CUST16123,Customer_6123,42,Male,Kolkata,Tamil Nadu,East,Corporate
CUST16124,Customer_6124,29, FEMALE,Pune,Maharashtra,North,Consumer
CUST16125,Customer_6125,18,Male,,Delhi,South,Consumer
CUST16126,Customer_6126,39,Female,Mumbai,,North,Corporate
CUST16127,Customer_6127,57,Female,Bengaluru,Karnataka,North,Consumer
CUST16128,Customer_6128,54,Female,Ahmedabad,Karnataka,South,Corporate
CUST16129,Customer_6129,64, FEMALE,Jaipur,,East,Corporate
CUST16130,Customer_6130,18,Male,Pune,Uttar Pradesh,West,CORPORATE
CUST16131,Customer_6131,18,Male,Bengaluru,West Bengal,West,Consumer
CUST16132,Customer_6132,59,Female,Delhi,Rajasthan,North,Consumer
CUST16133,Customer_6133,59,male ,Ahmedabad,Rajasthan,South,
CUST16134,Customer_6134,38,Male,Ahmedabad,Uttar Pradesh,West,Consumer
CUST16135,Customer_6135,32,male ,Delhi,Delhi,East,Small Business
CUST16136,Customer_6136,34,Female,Lucknow,Telangana,North,Consumer
CUST16137,Customer_6137,39,Male,Hyderabad,Karnataka,South,consumer 
CUST16138,Customer_6138,55,Female,Bengaluru,Delhi,South,Corporate
CUST16139,Customer_6139,52,Male,Jaipur,Telangana,,
CUST16140,Customer_6140,62,Female,Pune,West Bengal,West,Consumer
CUST16141,Customer_6141,33,Male,Jaipur,Maharashtra,South,Small Business
CUST16142,Customer_6142,25,Male,Delhi,Karnataka,SOUTH,Small Business
CUST16143,Customer_6143,64,Female,Bengaluru,West Bengal, north ,Small Business
CUST16144,Customer_6144,34,Female,Bengaluru,West Bengal,West,Consumer
CUST16145,Customer_6145,34,Female,Bengaluru,Gujarat,South,Consumer
CUST16146,Customer_6146,43,Female,,Uttar Pradesh,South,Consumer
CUST16147,Customer_6147,30,Male,Bengaluru,Gujarat,East,Consumer
CUST16148,Customer_6148,34,Female,Hyderabad,West Bengal,South,Corporate
CUST16149,Customer_6149,55,Other,Hyderabad,Rajasthan, north ,Consumer
CUST16150,Customer_6150,34, FEMALE,Jaipur,Gujarat,North,Small Business
CUST16151,Customer_6151,65,Male,Pune,Uttar Pradesh,West,Corporate
CUST16152,Customer_6152,31,Male,Kolkata,Rajasthan,East,Consumer
CUST16153,Customer_6153,62,Other,Mumbai,Tamil Nadu,West,Consumer
CUST16154,Customer_6154,23,Female,Bengaluru,Karnataka,East,Consumer
CUST16155,Customer_6155,52,Female,Delhi,Gujarat,West,Consumer
CUST16156,Customer_6156,63,male ,Delhi,Uttar Pradesh,SOUTH,Corporate
CUST16157,Customer_6157,31,Male,Bengaluru,Uttar Pradesh,North,Corporate
CUST16158,Customer_6158,64,Female,Delhi,Maharashtra,North,CORPORATE
CUST16159,Customer_6159,25,Other,Pune,Karnataka,South,Consumer
CUST16160,Customer_6160,32,Female,,Telangana,East,Small Business
CUST16161,Customer_6161,44,Male,Delhi,Uttar Pradesh,North,Small Business
CUST16162,Customer_6162,30,Male,Lucknow,Gujarat,North,Consumer
CUST16163,Customer_6163,66,Male,Delhi,Karnataka,North,CORPORATE
CUST16164,Customer_6164,48,male ,Kolkata,Rajasthan,West,CORPORATE
CUST16165,Customer_6165,52,Male,Kolkata,Delhi,East,Consumer
CUST16166,Customer_6166,23,Male,Ahmedabad,Telangana, north ,Consumer
CUST16167,Customer_6167,22,Other,Delhi,Tamil Nadu,South,Small Business
CUST16168,Customer_6168,39,Male,Bengaluru,Uttar Pradesh,West,Corporate
CUST16169,Customer_6169,66,Male,Delhi,Gujarat,East,Small Business
CUST16170,Customer_6170,40,Male,Hyderabad,Karnataka,East,Consumer
CUST16171,Customer_6171,42,Male,Ahmedabad,Tamil Nadu,South,Consumer
CUST16172,Customer_6172,51,Female,Jaipur,Rajasthan,North,Consumer
CUST16173,Customer_6173,43,Other,Jaipur,Karnataka,SOUTH,Consumer
CUST16174,Customer_6174,64, FEMALE,Chennai,,West,consumer 
CUST16175,Customer_6175,22,Female,Ahmedabad,Gujarat,South,Corporate
CUST16176,Customer_6176,43,Female,Hyderabad,Karnataka,SOUTH,Corporate
CUST16177,Customer_6177,37,Female,Mumbai,Tamil Nadu,South,Consumer
CUST16178,Customer_6178,23,Male,Lucknow,Maharashtra,South,Consumer
CUST16179,Customer_6179,23,Male,Bengaluru,Tamil Nadu,West,Small Business
CUST16180,Customer_6180,67,Other,Delhi,Rajasthan,South,Corporate
CUST16181,Customer_6181,35,Male,Mumbai,Delhi,South,CORPORATE
CUST16182,Customer_6182,21,Male,Pune,Gujarat,South,Consumer
CUST16183,Customer_6183,34,Female,Pune,West Bengal,,Consumer
CUST16184,Customer_6184,31,Female,Bengaluru,,North,
CUST16185,Customer_6185,31,Male,Jaipur,Delhi,North,Consumer
CUST16186,Customer_6186,30,Male,Jaipur,Uttar Pradesh,SOUTH,Consumer
CUST16187,Customer_6187,24,Male,Ahmedabad,Uttar Pradesh,South,Corporate
CUST16188,Customer_6188,61,Female,Pune,Maharashtra,North,Corporate
CUST16189,Customer_6189,32,Male,Jaipur,Karnataka,West,Corporate
CUST16190,Customer_6190,36,Female,Jaipur,Gujarat,South,Consumer
CUST16191,Customer_6191,60,Female,Bengaluru,Tamil Nadu,North,CORPORATE
CUST16192,Customer_6192,64, FEMALE,Bengaluru,Telangana,SOUTH,Small Business
CUST16193,Customer_6193,61,Male,Chennai,Gujarat,SOUTH,Consumer
CUST16194,Customer_6194,52,Male,Delhi,Delhi,North,Consumer
CUST16195,Customer_6195,34,Female,Bengaluru,Tamil Nadu, north ,consumer 
CUST16196,Customer_6196,52,Female,Chennai,Rajasthan, north ,Consumer
CUST16197,Customer_6197,36,Male,Delhi,West Bengal,West,Corporate
CUST16198,Customer_6198,37,Female,Mumbai,Karnataka,East,Consumer
CUST16199,Customer_6199,53,Male,Chennai,West Bengal,North,Consumer
CUST16200,Customer_6200,52,Male,Jaipur,Rajasthan,North,Consumer
CUST16201,Customer_6201,49,Female,Lucknow,West Bengal,East,Corporate
CUST16202,Customer_6202,65,Male,Pune,Rajasthan,West,Consumer
CUST16203,Customer_6203,61, FEMALE,Chennai,Karnataka,West,CORPORATE
CUST16204,Customer_6204,57,Female,Hyderabad,Uttar Pradesh,North,Consumer
CUST16205,Customer_6205,41,Female,Mumbai,Telangana,South,Small Business
CUST16206,Customer_6206,34,Female,Mumbai,,East,Consumer
CUST16207,Customer_6207,24,Female,Lucknow,Delhi,West,Small Business
CUST16208,Customer_6208,60,Male,Chennai,Telangana,North,CORPORATE
CUST16209,Customer_6209,67, FEMALE,Lucknow,Maharashtra,East,Consumer
CUST16210,Customer_6210,18,,Kolkata,Tamil Nadu,West,Corporate
CUST16211,Customer_6211,52,Male,Mumbai,Karnataka,North,Consumer
CUST16212,Customer_6212,49,Male,Chennai,Uttar Pradesh,South,Small Business
CUST16213,Customer_6213,53,Male,Hyderabad,Gujarat,South,Small Business
CUST16214,Customer_6214,30,Female,Hyderabad,Maharashtra,SOUTH,Consumer
CUST16215,Customer_6215,23,Female,Pune,Maharashtra,South,Consumer
CUST16216,Customer_6216,31, FEMALE,,Gujarat,East,Consumer
CUST16217,Customer_6217,54,Female,Lucknow,Telangana,West,Consumer
CUST16218,Customer_6218,65,Female,Ahmedabad,Telangana,South,Consumer
CUST16219,Customer_6219,32,Female,Delhi,Maharashtra,North,Consumer
CUST16220,Customer_6220,64,Female,Mumbai,Telangana,West,Consumer
CUST16221,Customer_6221,21,Female,Delhi,Maharashtra,West,consumer 
CUST16222,Customer_6222,57,Female,Bengaluru,Rajasthan,South,Consumer
CUST16223,Customer_6223,33,Female,Hyderabad,Tamil Nadu,North,Consumer
CUST16224,Customer_6224,45,Female,Kolkata,Uttar Pradesh,West,Consumer
CUST16225,Customer_6225,33,Female,Chennai,Karnataka,West,CORPORATE
CUST16226,Customer_6226,21,Female,Ahmedabad,Tamil Nadu,North,Small Business
CUST16227,Customer_6227,62,Female,Ahmedabad,Karnataka,West,Consumer
CUST16228,Customer_6228,43,Female,Mumbai,Gujarat,SOUTH,Small Business
CUST16229,Customer_6229,45,Female,Lucknow,Tamil Nadu,North,Small Business
CUST16230,Customer_6230,49,Female,Chennai,Maharashtra,East,CORPORATE
CUST16231,Customer_6231,62,Female,Chennai,Karnataka,West,consumer 
CUST16232,Customer_6232,19,Male,Jaipur,Delhi,South,Consumer
CUST16233,Customer_6233,48,Male,Delhi,Delhi,West,Consumer
CUST16234,Customer_6234,20,Female,Ahmedabad,Tamil Nadu, north ,Small Business
CUST16235,Customer_6235,25,Female,Kolkata,Karnataka,West,
CUST16236,Customer_6236,41,Other,Ahmedabad,Gujarat,South,Consumer
CUST16237,Customer_6237,32,Male,,Maharashtra,West,Consumer
CUST16238,Customer_6238,60,Female,Chennai,Uttar Pradesh,South,Corporate
CUST16239,Customer_6239,48,Male,Delhi,Karnataka,South,Consumer
CUST16240,Customer_6240,26,Male,Mumbai,Maharashtra,North,Consumer
CUST16241,Customer_6241,56,male ,Bengaluru,Gujarat, north ,Consumer
CUST16242,Customer_6242,62,Male,Delhi,Uttar Pradesh,South,
CUST16243,Customer_6243,19,Female,Lucknow,West Bengal, north ,Small Business
CUST16244,Customer_6244,25,Female,Bengaluru,Rajasthan,North,Small Business
CUST16245,Customer_6245,24,Female,Ahmedabad,,West,Consumer
CUST16246,Customer_6246,61, FEMALE,Kolkata,West Bengal,North,consumer 
CUST16247,Customer_6247,68,Female,Mumbai,Maharashtra,North,Consumer
CUST16248,Customer_6248,56,Male,Chennai,Delhi,,Consumer
CUST16249,Customer_6249,59, FEMALE,Chennai,Rajasthan,North,CORPORATE
CUST16250,Customer_6250,33, FEMALE,Chennai,Rajasthan,East,Corporate
CUST16251,Customer_6251,52,Male,Chennai,Uttar Pradesh, north ,Consumer
CUST16252,Customer_6252,47,Male,Delhi,Maharashtra,West,CORPORATE
CUST16253,Customer_6253,27,Male,Kolkata,Gujarat,East,
CUST16254,Customer_6254,55,Male,Chennai,Tamil Nadu,East,consumer 
CUST16255,Customer_6255,35,Other,Lucknow,Rajasthan,West,Consumer
CUST16256,Customer_6256,67,Female,Lucknow,Delhi,,Consumer
CUST16257,Customer_6257,22,Male,Mumbai,Gujarat,South,Consumer
CUST16258,Customer_6258,46, FEMALE,Delhi,West Bengal,South,Corporate
CUST16259,Customer_6259,56,Female,Kolkata,West Bengal,South,
CUST16260,Customer_6260,51,Male,Ahmedabad,Gujarat,South,CORPORATE
CUST16261,Customer_6261,60,Other,Hyderabad,Gujarat,South,CORPORATE
CUST16262,Customer_6262,62, FEMALE,Bengaluru,Maharashtra,South,Consumer
CUST16263,Customer_6263,40, FEMALE,Mumbai,Gujarat,South,Small Business
CUST16264,Customer_6264,22,Female,Bengaluru,Uttar Pradesh,East,consumer 
CUST16265,Customer_6265,47,male ,Bengaluru,Delhi,North,Consumer
CUST16266,Customer_6266,23,Male,Hyderabad,Maharashtra,West,Consumer
CUST16267,Customer_6267,63,Female,Kolkata,Telangana, north ,Small Business
CUST16268,Customer_6268,61,,Bengaluru,West Bengal,South,Consumer
CUST16269,Customer_6269,21,Male,Delhi,Rajasthan,North,CORPORATE
CUST16270,Customer_6270,46,male ,Hyderabad,Maharashtra,West,Consumer
CUST16271,Customer_6271,40,Female,Lucknow,Uttar Pradesh,SOUTH,Consumer
CUST16272,Customer_6272,23,Male,Chennai,Gujarat,North,
CUST16273,Customer_6273,49,male ,Ahmedabad,West Bengal,North,
CUST16274,Customer_6274,59,Male,Chennai,Gujarat,North,Small Business
CUST16275,Customer_6275,35,Female,Bengaluru,Uttar Pradesh,West,Small Business
CUST16276,Customer_6276,32,Male,Mumbai,Maharashtra,SOUTH,CORPORATE
CUST16277,Customer_6277,57,Other,,Uttar Pradesh,West,CORPORATE
CUST16278,Customer_6278,49,Male,Chennai,Gujarat,East,Corporate
CUST16279,Customer_6279,26,Male,Pune,Maharashtra,West,Small Business
CUST16280,Customer_6280,54,Male,Jaipur,,South,Corporate
CUST16281,Customer_6281,27,Other,Jaipur,Delhi,West,Corporate
CUST16282,Customer_6282,37,Female,Delhi,Tamil Nadu,South,consumer 
CUST16283,Customer_6283,23,Female,Lucknow,Uttar Pradesh,North,Small Business
CUST16284,Customer_6284,65,Female,Chennai,Uttar Pradesh,South,consumer 
CUST16285,Customer_6285,20,Female,Hyderabad,Uttar Pradesh,West,Consumer
CUST16286,Customer_6286,59,Male,Chennai,Tamil Nadu,West,Corporate
CUST16287,Customer_6287,28,Female,Pune,Rajasthan,East,Consumer
CUST16288,Customer_6288,60,Male,Mumbai,Rajasthan,North,Corporate
CUST16289,Customer_6289,34,Other,Hyderabad,Tamil Nadu,North,Corporate
CUST16290,Customer_6290,49,male ,Bengaluru,West Bengal,North,consumer 
CUST16291,Customer_6291,21,Female,Hyderabad,Gujarat,South,Consumer
CUST16292,Customer_6292,21,Male,Delhi,Karnataka,South,Consumer
CUST16293,Customer_6293,34,male ,Mumbai,Tamil Nadu,North,CORPORATE
CUST16294,Customer_6294,58,Male,Mumbai,Delhi,West,CORPORATE
CUST16295,Customer_6295,36,Male,Hyderabad,Rajasthan,West,Consumer
CUST16296,Customer_6296,22,Male,Ahmedabad,Maharashtra,South,Consumer
CUST16297,Customer_6297,49,Female,Mumbai,Tamil Nadu,East,Consumer
CUST16298,Customer_6298,39,male ,Hyderabad,Maharashtra,North,Small Business
CUST16299,Customer_6299,23,Male,Bengaluru,Delhi,South,Small Business
CUST16300,Customer_6300,52,Male,Jaipur,Tamil Nadu, north ,Corporate
CUST16301,Customer_6301,39,Female,Delhi,Telangana,West,Small Business
CUST16302,Customer_6302,18,Female,Mumbai,Telangana,North,Corporate
CUST16303,Customer_6303,37,Male,Mumbai,Maharashtra, north ,Consumer
CUST16304,Customer_6304,39,Male,,Gujarat,West,Small Business
CUST16305,Customer_6305,65,Other,Pune,Delhi,South,Small Business
CUST16306,Customer_6306,28,Other,Mumbai,Gujarat,,consumer 
CUST16307,Customer_6307,30,,Bengaluru,Uttar Pradesh,North,CORPORATE
CUST16308,Customer_6308,59,male ,Mumbai,Maharashtra,East,Small Business
CUST16309,Customer_6309,20,Male,Mumbai,Tamil Nadu,East,Consumer
CUST16310,Customer_6310,26,Male,Lucknow,,SOUTH,Consumer
CUST16311,Customer_6311,29,Male,Chennai,Rajasthan,North,Small Business
CUST16312,Customer_6312,40,Male,Kolkata,Maharashtra,South,Consumer
CUST16313,Customer_6313,31,Other,Bengaluru,Telangana,SOUTH,Consumer
CUST16314,Customer_6314,50,male ,Pune,Tamil Nadu,North,Consumer
CUST16315,Customer_6315,35,Female,Bengaluru,Uttar Pradesh,West,CORPORATE
CUST16316,Customer_6316,66,Male,Bengaluru,Gujarat,North,Consumer
CUST16317,Customer_6317,58, FEMALE,Kolkata,Delhi,North,Consumer
CUST16318,Customer_6318,26,male ,Mumbai,Karnataka,South,CORPORATE
CUST16319,Customer_6319,40,Male,Pune,Karnataka,,Corporate
CUST16320,Customer_6320,27, FEMALE,Lucknow,,North,Consumer
CUST16321,Customer_6321,36,Male,Mumbai,Tamil Nadu,South,Small Business
CUST16322,Customer_6322,64,Male,Ahmedabad,Gujarat,North,Consumer
CUST16323,Customer_6323,22,Female,Delhi,Telangana,North,Small Business
CUST16324,Customer_6324,64,Female,Bengaluru,Uttar Pradesh,East,Corporate
CUST16325,Customer_6325,69,Male,Pune,Karnataka,South,Consumer
CUST16326,Customer_6326,40,Male,Pune,Gujarat,North,Small Business
CUST16327,Customer_6327,47,,Delhi,Telangana,South,Consumer
CUST16328,Customer_6328,42,Female,Lucknow,Uttar Pradesh,West,Corporate
CUST16329,Customer_6329,45,Female,Ahmedabad,Karnataka,North,consumer 
CUST16330,Customer_6330,51,Male,Mumbai,Rajasthan,East,Consumer
CUST16331,Customer_6331,62,Male,Ahmedabad,Telangana,South,Consumer
CUST16332,Customer_6332,65,Male,Pune,Delhi,South,
CUST16333,Customer_6333,64,Male,Ahmedabad,Telangana,West,Corporate
CUST16334,Customer_6334,42,Male,Mumbai,Tamil Nadu,SOUTH,Corporate
CUST16335,Customer_6335,27,Male,Lucknow,Maharashtra,South,Consumer
CUST16336,Customer_6336,31,Female,Delhi,Maharashtra,West,Consumer
CUST16337,Customer_6337,59,Male,Ahmedabad,Tamil Nadu,West,Corporate
CUST16338,Customer_6338,63,male ,Kolkata,Karnataka, north ,Consumer
CUST16339,Customer_6339,47,Male,Hyderabad,Telangana, north ,Consumer
CUST16340,Customer_6340,58,Female,Mumbai,Tamil Nadu,East,Corporate
CUST16341,Customer_6341,42,Male,Lucknow,Maharashtra,,Consumer
CUST16342,Customer_6342,31,Female,Pune,Maharashtra,,Corporate
CUST16343,Customer_6343,52,Male,Hyderabad,Gujarat,East,Small Business
CUST16344,Customer_6344,69,Other,Hyderabad,Maharashtra,East,Consumer
CUST16345,Customer_6345,65,male ,Lucknow,Rajasthan,West,Small Business
CUST16346,Customer_6346,51,Female,Bengaluru,Telangana,South,Consumer
CUST16347,Customer_6347,27,Male,Delhi,Gujarat,West,
CUST16348,Customer_6348,52,Female,Ahmedabad,Delhi,East,
CUST16349,Customer_6349,28,Female,Hyderabad,Uttar Pradesh,North,Small Business
CUST16350,Customer_6350,28,Male,Bengaluru,Tamil Nadu, north ,Consumer
CUST16351,Customer_6351,38,Female,Mumbai,Delhi,SOUTH,CORPORATE
CUST16352,Customer_6352,38,male ,Ahmedabad,Karnataka,,
CUST16353,Customer_6353,39,male ,Mumbai,Telangana,West,Consumer
CUST16354,Customer_6354,62,male ,Kolkata,Karnataka,South,Corporate
CUST16355,Customer_6355,24, FEMALE,Ahmedabad,Telangana,East,Consumer
CUST16356,Customer_6356,34,Other,Delhi,Gujarat,East,Consumer
CUST16357,Customer_6357,19,Female,Lucknow,Telangana,East,Corporate
CUST16358,Customer_6358,29,Female,Hyderabad,Telangana,East,Corporate
CUST16359,Customer_6359,59,male ,Kolkata,Uttar Pradesh, north ,Consumer
CUST16360,Customer_6360,35,Female,Hyderabad,Uttar Pradesh,West,Consumer
CUST16361,Customer_6361,28,,Kolkata,Delhi,South,Small Business
CUST16362,Customer_6362,33,Male,Bengaluru,Rajasthan,West,Consumer
CUST16363,Customer_6363,66,Male,Delhi,Tamil Nadu,SOUTH,Corporate
CUST16364,Customer_6364,68,Male,Ahmedabad,Maharashtra,North,Corporate
CUST16365,Customer_6365,35,Male,Delhi,Karnataka,South,Corporate
CUST16366,Customer_6366,52,Male,Lucknow,Delhi, north ,Consumer
CUST16367,Customer_6367,43,Female,Mumbai,Telangana,West,Corporate
CUST16368,Customer_6368,33,Male,Hyderabad,Karnataka,SOUTH,Consumer
CUST16369,Customer_6369,23,Female,Lucknow,Telangana,North,Small Business
CUST16370,Customer_6370,61,Female,Mumbai,West Bengal, north ,Consumer
CUST16371,Customer_6371,60,Male,Ahmedabad,Uttar Pradesh,West,Consumer
CUST16372,Customer_6372,64,Male,Chennai,West Bengal,West,Consumer
CUST16373,Customer_6373,64,Female,Hyderabad,Rajasthan,East,Small Business
CUST16374,Customer_6374,65,male ,Kolkata,Gujarat,North,Small Business
CUST16375,Customer_6375,59, FEMALE,Bengaluru,Gujarat,East,Consumer
CUST16376,Customer_6376,29, FEMALE,Bengaluru,Gujarat,South,Corporate
CUST16377,Customer_6377,30,Other,Jaipur,Maharashtra,East,Consumer
CUST16378,Customer_6378,21,Female,Bengaluru,Karnataka,West,Small Business
CUST16379,Customer_6379,56, FEMALE,Mumbai,Tamil Nadu,East,Consumer
CUST16380,Customer_6380,19,male ,Lucknow,Karnataka,South,Small Business
CUST16381,Customer_6381,43, FEMALE,Lucknow,Maharashtra,East,CORPORATE
CUST16382,Customer_6382,44,Male,Chennai,Karnataka,North,
CUST16383,Customer_6383,44,Other,Chennai,,North,consumer 
CUST16384,Customer_6384,32,Female,Kolkata,Karnataka,South,Consumer
CUST16385,Customer_6385,25,male ,Chennai,Telangana,,Consumer
CUST16386,Customer_6386,24,Male,Hyderabad,Delhi,West,Consumer
CUST16387,Customer_6387,64,Female,,Rajasthan,East,Consumer
CUST16388,Customer_6388,63,Male,Mumbai,Telangana, north ,Consumer
CUST16389,Customer_6389,57,Male,Pune,Maharashtra,North,Corporate
CUST16390,Customer_6390,29,Male,,Gujarat,SOUTH,Corporate
CUST16391,Customer_6391,30,male ,Kolkata,Uttar Pradesh,SOUTH,consumer 
CUST16392,Customer_6392,60,Male,Ahmedabad,Uttar Pradesh,East,Consumer
CUST16393,Customer_6393,34,Male,Bengaluru,Gujarat,North,Corporate
CUST16394,Customer_6394,34,Male,Bengaluru,Telangana,South,Consumer
CUST16395,Customer_6395,53,Female,Lucknow,Rajasthan,North,Small Business
CUST16396,Customer_6396,38,Male,Hyderabad,Maharashtra,West,CORPORATE
CUST16397,Customer_6397,25,Male,Kolkata,Rajasthan,North,Consumer
CUST16398,Customer_6398,22,Female,Mumbai,Delhi,East,Consumer
CUST16399,Customer_6399,43,Female,Jaipur,Maharashtra,North,Consumer
CUST16400,Customer_6400,33,Male,Pune,Telangana,North,Small Business
CUST16401,Customer_6401,53,Male,Bengaluru,Delhi,South,Consumer
CUST16402,Customer_6402,45,Male,Chennai,Tamil Nadu,North,Small Business
CUST16403,Customer_6403,46,Other,Kolkata,Tamil Nadu,West,Small Business
CUST16404,Customer_6404,64,Female,Delhi,West Bengal,South,Small Business
CUST16405,Customer_6405,29,Female,Kolkata,Maharashtra,West,Small Business
CUST16406,Customer_6406,54,Male,Pune,Maharashtra,West,Small Business
CUST16407,Customer_6407,47,Female,Mumbai,West Bengal,North,Corporate
CUST16408,Customer_6408,40,Male,Jaipur,Rajasthan,South,Consumer
CUST16409,Customer_6409,33,Male,Bengaluru,Delhi,East,Corporate
CUST16410,Customer_6410,31,Female,Bengaluru,Tamil Nadu,SOUTH,Corporate
CUST16411,Customer_6411,27,Female,Chennai,Uttar Pradesh,South,CORPORATE
CUST16412,Customer_6412,24,Male,Kolkata,Delhi,East,Corporate
CUST16413,Customer_6413,62,Female,Ahmedabad,Telangana,West,Corporate
CUST16414,Customer_6414,69,,Mumbai,Karnataka,West,Corporate
CUST16415,Customer_6415,54,Female,Hyderabad,Gujarat,SOUTH,Consumer
CUST16416,Customer_6416,46,Female,Delhi,Maharashtra,East,Consumer
CUST16417,Customer_6417,20,Other,Jaipur,Karnataka,North,Consumer
CUST16418,Customer_6418,32,male ,Hyderabad,Gujarat,West,Consumer
CUST16419,Customer_6419,53,Female,Kolkata,Karnataka,North,Consumer
CUST16420,Customer_6420,64,Female,Bengaluru,Tamil Nadu,South,Corporate
CUST16421,Customer_6421,63,Male,Lucknow,Delhi,West,consumer 
CUST16422,Customer_6422,69,Female,Chennai,,West,Small Business
CUST16423,Customer_6423,36,Male,Ahmedabad,Uttar Pradesh,West,Consumer
CUST16424,Customer_6424,30,Male,Delhi,West Bengal,North,Consumer
CUST16425,Customer_6425,59,Female,Chennai,Delhi,,Consumer
CUST16426,Customer_6426,38,Male,Jaipur,Delhi,North,Consumer
CUST16427,Customer_6427,54,Female,Pune,Tamil Nadu,North,Consumer
CUST16428,Customer_6428,44,Female,Delhi,Karnataka,West,Corporate
CUST16429,Customer_6429,69,Female,Ahmedabad,West Bengal, north ,Consumer
CUST16430,Customer_6430,46,Male,Bengaluru,West Bengal,East,Consumer
CUST16431,Customer_6431,37,Male,Bengaluru,Uttar Pradesh,East,Corporate
CUST16432,Customer_6432,42,Female,Chennai,Karnataka,East,Consumer
CUST16433,Customer_6433,23,,Pune,West Bengal,North,Corporate
CUST16434,Customer_6434,53,Male,Jaipur,Uttar Pradesh,West,Consumer
CUST16435,Customer_6435,19,Male,Hyderabad,Tamil Nadu,South,Consumer
CUST16436,Customer_6436,39, FEMALE,Hyderabad,Uttar Pradesh,SOUTH,Consumer
CUST16437,Customer_6437,49,Male,Chennai,Maharashtra,North,Consumer
CUST16438,Customer_6438,33, FEMALE,Hyderabad,Uttar Pradesh,South,Consumer
CUST16439,Customer_6439,35,Female,Ahmedabad,Gujarat,East,Consumer
CUST16440,Customer_6440,22,Female,Lucknow,Karnataka,East,Consumer
CUST16441,Customer_6441,53,Male,Chennai,Telangana,South,Small Business
CUST16442,Customer_6442,47,Male,Delhi,Delhi,South,Consumer
CUST16443,Customer_6443,62,Male,Ahmedabad,Rajasthan,North,Consumer
CUST16444,Customer_6444,36, FEMALE,Mumbai,Tamil Nadu,West,Corporate
CUST16445,Customer_6445,40,Female,,Delhi,South,Small Business
CUST16446,Customer_6446,51,Female,Mumbai,Uttar Pradesh,East,Consumer
CUST16447,Customer_6447,30,male ,Mumbai,Uttar Pradesh,East,Consumer
CUST16448,Customer_6448,60,Male,Lucknow,Gujarat,East,Corporate
CUST16449,Customer_6449,46,Female,Pune,Tamil Nadu,West,Consumer
CUST16450,Customer_6450,53,Female,Ahmedabad,Telangana,West,Corporate
CUST16451,Customer_6451,39,male ,Mumbai,Gujarat,South,Small Business
CUST16452,Customer_6452,69,Male,Chennai,Telangana,East,Small Business
CUST16453,Customer_6453,69,Female,Ahmedabad,Rajasthan,South,Consumer
CUST16454,Customer_6454,64, FEMALE,Lucknow,West Bengal,East,consumer 
CUST16455,Customer_6455,53,Female,Jaipur,Telangana,South,CORPORATE
CUST16456,Customer_6456,26,Male,Mumbai,Delhi,North,Consumer
CUST16457,Customer_6457,56,Female,Jaipur,Delhi,West,Consumer
CUST16458,Customer_6458,68,Male,Bengaluru,Telangana,South,Small Business
CUST16459,Customer_6459,36,Female,Chennai,Tamil Nadu,SOUTH,Small Business
CUST16460,Customer_6460,55,Other,Pune,Uttar Pradesh,South,Corporate
CUST16461,Customer_6461,23,Female,Pune,Telangana,,CORPORATE
CUST16462,Customer_6462,69,Female,Jaipur,Karnataka,East,Consumer
CUST16463,Customer_6463,64,Female,Kolkata,Tamil Nadu,North,Consumer
CUST16464,Customer_6464,32,Male,Delhi,Maharashtra,North,Consumer
CUST16465,Customer_6465,37,Male,Chennai,Delhi,North,Consumer
CUST16466,Customer_6466,26,Other,Kolkata,Maharashtra,North,Consumer
CUST16467,Customer_6467,49,Female,Bengaluru,Karnataka,South,Corporate
CUST16468,Customer_6468,21,Male,Bengaluru,Delhi,South,Corporate
CUST16469,Customer_6469,67,Male,Mumbai,Maharashtra,North,Consumer
CUST16470,Customer_6470,35,Female,Hyderabad,Uttar Pradesh,South,Corporate
CUST16471,Customer_6471,22,male ,,Maharashtra,South,Corporate
CUST16472,Customer_6472,37,male ,Bengaluru,Maharashtra,West,Consumer
CUST16473,Customer_6473,40,Male,,Gujarat,North,Consumer
CUST16474,Customer_6474,28,Other,Jaipur,West Bengal,SOUTH,Consumer
CUST16475,Customer_6475,54,Female,Delhi,Delhi,East,Corporate
CUST16476,Customer_6476,39,Female,Ahmedabad,Delhi,West,Corporate
CUST16477,Customer_6477,21,Female,Hyderabad,West Bengal,North,Corporate
CUST16478,Customer_6478,46,Male,Ahmedabad,Tamil Nadu,,Consumer
CUST16479,Customer_6479,61,Other,Delhi,Delhi,South,consumer 
CUST16480,Customer_6480,51,Male,Mumbai,Maharashtra,SOUTH,Consumer
CUST16481,Customer_6481,30,Male,Bengaluru,Gujarat, north ,Small Business
CUST16482,Customer_6482,59,male ,Bengaluru,West Bengal,West,Consumer
CUST16483,Customer_6483,26,Female,Lucknow,Telangana,West,Consumer
CUST16484,Customer_6484,59,male ,Delhi,Karnataka,West,Corporate
CUST16485,Customer_6485,48,Female,Kolkata,Maharashtra,North,Small Business
CUST16486,Customer_6486,24,Male,Mumbai,Telangana,West,Corporate
CUST16487,Customer_6487,21,Other,Lucknow,Gujarat,North,Consumer
CUST16488,Customer_6488,36,Male,Jaipur,Delhi,West,Consumer
CUST16489,Customer_6489,59, FEMALE,Chennai,,North,
CUST16490,Customer_6490,47,Male,Mumbai,Maharashtra,South,Consumer
CUST16491,Customer_6491,48, FEMALE,Kolkata,Telangana,,Consumer
CUST16492,Customer_6492,52,Male,Mumbai,Delhi,South,Consumer
CUST16493,Customer_6493,38,Female,Mumbai,West Bengal,West,Consumer
CUST16494,Customer_6494,48, FEMALE,Pune,Tamil Nadu,East,Consumer
CUST16495,Customer_6495,36,Female,,Rajasthan,SOUTH,Small Business
CUST16496,Customer_6496,48,Female,Ahmedabad,Tamil Nadu,South,Corporate
CUST16497,Customer_6497,49,male ,Pune,Telangana,West,Consumer
CUST16498,Customer_6498,19,Female,Chennai,Uttar Pradesh,West,
CUST16499,Customer_6499,69,Other,,Delhi,South,Corporate
CUST16500,Customer_6500,27,Female,Pune,Tamil Nadu,West,Small Business
CUST16501,Customer_6501,19,Male,Hyderabad,Maharashtra,South,Corporate
CUST16502,Customer_6502,19,Male,Ahmedabad,Telangana,North,Corporate
CUST16503,Customer_6503,41,Male,Mumbai,Uttar Pradesh,North,Consumer
CUST16504,Customer_6504,34,Male,Delhi,Maharashtra,West,Small Business
CUST16505,Customer_6505,49,Female,Kolkata,Gujarat,North,consumer 
CUST16506,Customer_6506,33,Male,Delhi,Gujarat,North,Consumer
CUST16507,Customer_6507,33,Male,Hyderabad,Telangana,East,Small Business
CUST16508,Customer_6508,63,Male,Hyderabad,Delhi,South,Corporate
CUST16509,Customer_6509,56,male ,Pune,Uttar Pradesh,West,Consumer
CUST16510,Customer_6510,48,Female,,Gujarat,North,CORPORATE
CUST16511,Customer_6511,60,Male,Mumbai,Maharashtra,North,Consumer
CUST16512,Customer_6512,41, FEMALE,Hyderabad,Gujarat,South,Consumer
CUST16513,Customer_6513,18,Male,Mumbai,Gujarat,East,consumer 
CUST16514,Customer_6514,28,,Pune,Tamil Nadu,West,Corporate
CUST16515,Customer_6515,38,Female,Jaipur,Uttar Pradesh,East,Corporate
CUST16516,Customer_6516,21,Male,Chennai,Telangana, north ,Small Business
CUST16517,Customer_6517,24,Female,Bengaluru,West Bengal,North,Consumer
CUST16518,Customer_6518,43,male ,Pune,Karnataka,East,Consumer
CUST16519,Customer_6519,64,Female,Chennai,Maharashtra,West,
CUST16520,Customer_6520,67, FEMALE,Mumbai,Uttar Pradesh,West,Consumer
CUST16521,Customer_6521,29,Male,Hyderabad,Delhi,,Corporate
CUST16522,Customer_6522,48,Male,Hyderabad,West Bengal,East,Consumer
CUST16523,Customer_6523,34,Male,,Gujarat,South,consumer 
CUST16524,Customer_6524,50,Male,Lucknow,Maharashtra, north ,CORPORATE
CUST16525,Customer_6525,28,Male,Jaipur,Karnataka,North,Consumer
CUST16526,Customer_6526,45,Other,Ahmedabad,West Bengal,North,Corporate
CUST16527,Customer_6527,49,Male,Jaipur,Karnataka,South,Small Business
CUST16528,Customer_6528,18,Female,Ahmedabad,Gujarat,South,Small Business
CUST16529,Customer_6529,64,Female,Delhi,Telangana,South,Consumer
CUST16530,Customer_6530,45, FEMALE,Chennai,West Bengal,,Consumer
CUST16531,Customer_6531,59,,Jaipur,Maharashtra,South,Consumer
CUST16532,Customer_6532,24,Female,Pune,Delhi,West,Small Business
CUST16533,Customer_6533,19,Other,Mumbai,Maharashtra,South,
CUST16534,Customer_6534,59,male ,Bengaluru,Delhi,South,Corporate
CUST16535,Customer_6535,41,Other,Bengaluru,Tamil Nadu,South,Consumer
CUST16536,Customer_6536,21,Female,Bengaluru,West Bengal,East,Consumer
CUST16537,Customer_6537,61,Male,Bengaluru,Delhi,North,CORPORATE
CUST16538,Customer_6538,36,Female,Chennai,Delhi,West,Corporate
CUST16539,Customer_6539,43,Female,Lucknow,Tamil Nadu,West,Small Business
CUST16540,Customer_6540,28,Male,Jaipur,Uttar Pradesh,South,Corporate
CUST16541,Customer_6541,57,Male,Lucknow,West Bengal,North,consumer 
CUST16542,Customer_6542,67,Female,Ahmedabad,Maharashtra,North,Consumer
CUST16543,Customer_6543,60,Other,Hyderabad,Gujarat,East,Consumer
CUST16544,Customer_6544,28,Male,Bengaluru,Gujarat,West,consumer 
CUST16545,Customer_6545,62,male ,Delhi,Karnataka,East,Corporate
CUST16546,Customer_6546,20,Female,Ahmedabad,West Bengal,South,Consumer
CUST16547,Customer_6547,29,Other,Delhi,Tamil Nadu, north ,Consumer
CUST16548,Customer_6548,20,Other,Jaipur,Gujarat,North,Consumer
CUST16549,Customer_6549,59,male ,Hyderabad,Tamil Nadu,South,
CUST16550,Customer_6550,44,Female,Ahmedabad,Gujarat,East,Consumer
CUST16551,Customer_6551,66,Male,Hyderabad,Maharashtra,South,consumer 
CUST16552,Customer_6552,19,Female,Lucknow,Karnataka,,Consumer
CUST16553,Customer_6553,66,male ,Bengaluru,Uttar Pradesh,South,Consumer
CUST16554,Customer_6554,33, FEMALE,Bengaluru,Uttar Pradesh,North,consumer 
CUST16555,Customer_6555,19,male ,Pune,Uttar Pradesh,North,consumer 
CUST16556,Customer_6556,47,Male,,Gujarat,East,Consumer
CUST16557,Customer_6557,37,Female,Chennai,Rajasthan,East,Consumer
CUST16558,Customer_6558,55,Male,Ahmedabad,West Bengal,,Corporate
CUST16559,Customer_6559,45,Male,Jaipur,Telangana,,Consumer
CUST16560,Customer_6560,42,Male,Lucknow,Tamil Nadu,West,CORPORATE
CUST16561,Customer_6561,49,Male,Hyderabad,Telangana,North,Consumer
CUST16562,Customer_6562,27, FEMALE,Hyderabad,West Bengal,North,Corporate
CUST16563,Customer_6563,59,Male,Mumbai,Telangana,East,Consumer
CUST16564,Customer_6564,57,Male,Ahmedabad,Maharashtra, north ,Consumer
CUST16565,Customer_6565,50,Other,Ahmedabad,Maharashtra,East,Consumer
CUST16566,Customer_6566,30,Male,Jaipur,Gujarat,,Consumer
CUST16567,Customer_6567,58,Male,Bengaluru,Delhi,,Corporate
CUST16568,Customer_6568,59,Male,Bengaluru,Maharashtra,East,Small Business
CUST16569,Customer_6569,64,Male,,Telangana,North,Consumer
CUST16570,Customer_6570,54,Male,Delhi,Karnataka,West,Corporate
CUST16571,Customer_6571,33,Male,Lucknow,Telangana,East,Small Business
CUST16572,Customer_6572,62,Female,Hyderabad,Maharashtra,South,Consumer
CUST16573,Customer_6573,39,Male,Hyderabad,Maharashtra,East,CORPORATE
CUST16574,Customer_6574,37,Male,Lucknow,Uttar Pradesh,South,Consumer
CUST16575,Customer_6575,67, FEMALE,Delhi,Uttar Pradesh,South,Consumer
CUST16576,Customer_6576,60,Female,Hyderabad,Maharashtra,West,Consumer
CUST16577,Customer_6577,44,Other,Ahmedabad,Rajasthan,North,
CUST16578,Customer_6578,58,Female,Kolkata,West Bengal,West,Consumer
CUST16579,Customer_6579,33,Female,Jaipur,Rajasthan,East,Consumer
CUST16580,Customer_6580,51,Female,Jaipur,Tamil Nadu, north ,consumer 
CUST16581,Customer_6581,49,Male,,Karnataka, north ,CORPORATE
CUST16582,Customer_6582,43,Male,Mumbai,Rajasthan,East,CORPORATE
CUST16583,Customer_6583,42,Female,Chennai,Telangana,North,Corporate
CUST16584,Customer_6584,19,Female,Hyderabad,Maharashtra,West,Corporate
CUST16585,Customer_6585,29,male ,Hyderabad,Telangana,South,Consumer
CUST16586,Customer_6586,57,Other,Jaipur,Uttar Pradesh,East,Corporate
CUST16587,Customer_6587,26,Female,Delhi,Tamil Nadu,North,Consumer
CUST16588,Customer_6588,29,Female,Kolkata,Karnataka,West,Small Business
CUST16589,Customer_6589,43,Female,Delhi,Uttar Pradesh,South,Consumer
CUST16590,Customer_6590,26,,Delhi,Gujarat,South,consumer 
CUST16591,Customer_6591,27,male ,Hyderabad,Telangana,,Consumer
CUST16592,Customer_6592,49,Other,,Telangana,South,Corporate
CUST16593,Customer_6593,51,Male,Mumbai,West Bengal,West,Corporate
CUST16594,Customer_6594,65,male ,Pune,Delhi,West,Consumer
CUST16595,Customer_6595,37,Male,Kolkata,Rajasthan,North,Consumer
CUST16596,Customer_6596,56,Male,Mumbai,Uttar Pradesh,West,Consumer
CUST16597,Customer_6597,19,Other,Chennai,Telangana,South,CORPORATE
CUST16598,Customer_6598,18,Male,Ahmedabad,Maharashtra,West,CORPORATE
CUST16599,Customer_6599,68,Other,Chennai,Delhi,East,Consumer
CUST16600,Customer_6600,53,Male,Mumbai,West Bengal,South,Consumer
CUST16601,Customer_6601,41,male ,Pune,Karnataka,South,Consumer
CUST16602,Customer_6602,44,Male,,Tamil Nadu,West,Consumer
CUST16603,Customer_6603,19,Male,Delhi,Telangana,East,Consumer
CUST16604,Customer_6604,48,Male,Delhi,Maharashtra,West,consumer 
CUST16605,Customer_6605,31,Female,Mumbai,Tamil Nadu,North,consumer 
CUST16606,Customer_6606,19,Male,Mumbai,Telangana,West,Consumer
CUST16607,Customer_6607,46,Female,Bengaluru,West Bengal,South,Corporate
CUST16608,Customer_6608,32,Male,Chennai,Karnataka,East,Consumer
CUST16609,Customer_6609,29,Male,Hyderabad,Maharashtra,North,Corporate
CUST16610,Customer_6610,54,Male,Ahmedabad,Uttar Pradesh,South,consumer 
CUST16611,Customer_6611,45,Female,Pune,Rajasthan,West,Corporate
CUST16612,Customer_6612,37,male ,Ahmedabad,Uttar Pradesh,,Consumer
CUST16613,Customer_6613,56, FEMALE,Chennai,Maharashtra, north ,CORPORATE
CUST16614,Customer_6614,41,Male,Delhi,Maharashtra,West,Small Business
CUST16615,Customer_6615,38,Female,Chennai,West Bengal, north ,Consumer
CUST16616,Customer_6616,27,male ,Lucknow,Gujarat,South,Consumer
CUST16617,Customer_6617,63,Male,Mumbai,Gujarat,North,Small Business
CUST16618,Customer_6618,31,Female,Delhi,Uttar Pradesh,East,Consumer
CUST16619,Customer_6619,54,Female,Bengaluru,Delhi,South,Consumer
CUST16620,Customer_6620,35,Male,Hyderabad,Uttar Pradesh,South,consumer 
CUST16621,Customer_6621,41,Male,Bengaluru,Gujarat,West,Consumer
CUST16622,Customer_6622,31,Male,Mumbai,Delhi,West,Corporate
CUST16623,Customer_6623,51,Female,Bengaluru,Telangana,North,Consumer
CUST16624,Customer_6624,29,Male,Kolkata,Tamil Nadu,West,Small Business
CUST16625,Customer_6625,39,Male,Hyderabad,Maharashtra,East,consumer 
CUST16626,Customer_6626,23,Male,Kolkata,Tamil Nadu,East,CORPORATE
CUST16627,Customer_6627,53,Male,Chennai,Gujarat,South,Consumer
CUST16628,Customer_6628,62,Male,Pune,Gujarat,South,Consumer
CUST16629,Customer_6629,53,Other,Bengaluru,Gujarat,West,Corporate
CUST16630,Customer_6630,39,Male,Chennai,Tamil Nadu,,consumer 
CUST16631,Customer_6631,31,Female,,Telangana,South,Consumer
CUST16632,Customer_6632,33,Female,Hyderabad,Rajasthan,West,Consumer
CUST16633,Customer_6633,53,Female,Pune,Telangana,South,Consumer
CUST16634,Customer_6634,42,Female,Mumbai,Delhi,West,Corporate
CUST16635,Customer_6635,49,Male,Bengaluru,Rajasthan,East,Small Business
CUST16636,Customer_6636,50, FEMALE,Mumbai,Karnataka,West,Small Business
CUST16637,Customer_6637,62,Female,Delhi,Delhi,East,Consumer
CUST16638,Customer_6638,53,male ,Bengaluru,Delhi,North,Small Business
CUST16639,Customer_6639,37,Female,Ahmedabad,Gujarat,South,Corporate
CUST16640,Customer_6640,35,,Hyderabad,Karnataka,South,Consumer
CUST16641,Customer_6641,55,male ,Chennai,Telangana,,Corporate
CUST16642,Customer_6642,20,Other,Kolkata,Gujarat,North,Small Business
CUST16643,Customer_6643,40,Female,Kolkata,Tamil Nadu,West,Consumer
CUST16644,Customer_6644,49,Female,Ahmedabad,Delhi,North,CORPORATE
CUST16645,Customer_6645,62,Female,Lucknow,Tamil Nadu, north ,Consumer
CUST16646,Customer_6646,33, FEMALE,Lucknow,Delhi,North,consumer 
CUST16647,Customer_6647,22,Other,Ahmedabad,Delhi,,Small Business
CUST16648,Customer_6648,21,Male,Mumbai,Gujarat,,Corporate
CUST16649,Customer_6649,38,male ,Pune,Karnataka,South,Consumer
CUST16650,Customer_6650,57,Male,Ahmedabad,Rajasthan,,consumer 
CUST16651,Customer_6651,68,Female,Pune,Tamil Nadu, north ,Consumer
CUST16652,Customer_6652,31,Male,Ahmedabad,Maharashtra,North,Small Business
CUST16653,Customer_6653,56,Male,Delhi,Tamil Nadu,SOUTH,consumer 
CUST16654,Customer_6654,48,Other,Hyderabad,Delhi,North,Consumer
CUST16655,Customer_6655,31,Male,Ahmedabad,Karnataka,North,consumer 
CUST16656,Customer_6656,23,Female,Hyderabad,Tamil Nadu,East,Corporate
CUST16657,Customer_6657,29,Female,Jaipur,Maharashtra,North,Corporate
CUST16658,Customer_6658,33,Male,Delhi,Rajasthan,North,consumer 
CUST16659,Customer_6659,34,Male,Kolkata,Delhi,SOUTH,Corporate
CUST16660,Customer_6660,62,Female,Ahmedabad,Tamil Nadu,,Consumer
CUST16661,Customer_6661,40,Male,Hyderabad,Rajasthan,West,Corporate
CUST16662,Customer_6662,31,male ,Delhi,Telangana,,Corporate
CUST16663,Customer_6663,24,Other,Delhi,Gujarat, north ,Consumer
CUST16664,Customer_6664,63,Male,Ahmedabad,West Bengal,North,Consumer
CUST16665,Customer_6665,49,Male,Jaipur,Gujarat,SOUTH,Consumer
CUST16666,Customer_6666,32,Female,Delhi,Karnataka,South,Consumer
CUST16667,Customer_6667,61,Female,Delhi,Gujarat,,Small Business
CUST16668,Customer_6668,34,Male,Lucknow,West Bengal,West,Consumer
CUST16669,Customer_6669,58,Male,,Uttar Pradesh,SOUTH,Consumer
CUST16670,Customer_6670,64,Female,Mumbai,Gujarat, north ,Consumer
CUST16671,Customer_6671,61,Other,Bengaluru,Tamil Nadu, north ,CORPORATE
CUST16672,Customer_6672,51,Female,Jaipur,Gujarat,West,Consumer
CUST16673,Customer_6673,22,Female,Chennai,Tamil Nadu,West,Small Business
CUST16674,Customer_6674,62,Other,Ahmedabad,West Bengal,West,Consumer
CUST16675,Customer_6675,44,Female,Chennai,Telangana,North,Consumer
CUST16676,Customer_6676,69,Female,Kolkata,Maharashtra,West,Consumer
CUST16677,Customer_6677,40,Female,Chennai,Tamil Nadu,North,Consumer
CUST16678,Customer_6678,57,Other,Ahmedabad,, north ,Consumer
CUST16679,Customer_6679,31,Female,Hyderabad,Uttar Pradesh,North,Corporate
CUST16680,Customer_6680,32, FEMALE,Mumbai,Uttar Pradesh,,Corporate
CUST16681,Customer_6681,60,Female,Bengaluru,Rajasthan,South,Small Business
CUST16682,Customer_6682,50,Female,Lucknow,Karnataka,North,Consumer
CUST16683,Customer_6683,48,Male,Chennai,Maharashtra,SOUTH,Corporate
CUST16684,Customer_6684,52,Male,Hyderabad,Maharashtra,North,Consumer
CUST16685,Customer_6685,34,male ,Pune,Delhi,East,Small Business
CUST16686,Customer_6686,45,Male,Mumbai,Rajasthan,West,Consumer
CUST16687,Customer_6687,36,Female,Delhi,Uttar Pradesh,South,Corporate
CUST16688,Customer_6688,63,Male,,Karnataka,East,consumer 
CUST16689,Customer_6689,40,male ,Pune,Delhi,West,Corporate
CUST16690,Customer_6690,49,Male,Jaipur,Karnataka,,Consumer
CUST16691,Customer_6691,57,male ,Lucknow,Karnataka,North,consumer 
CUST16692,Customer_6692,30,Female,Ahmedabad,Telangana,North,Consumer
CUST16693,Customer_6693,37,Male,Hyderabad,Karnataka,East,Small Business
CUST16694,Customer_6694,52,Female,,Karnataka,South,Consumer
CUST16695,Customer_6695,22,Male,Delhi,Gujarat,South,Consumer
CUST16696,Customer_6696,26,Male,Delhi,Karnataka,South,Corporate
CUST16697,Customer_6697,46,Male,Mumbai,Uttar Pradesh,East,Consumer
CUST16698,Customer_6698,23,Male,Hyderabad,West Bengal, north ,consumer 
CUST16699,Customer_6699,42,,Mumbai,Karnataka,North,Consumer
CUST16700,Customer_6700,48,Male,Bengaluru,Uttar Pradesh,North,Consumer
CUST16701,Customer_6701,39,Female,Kolkata,West Bengal,West,Consumer
CUST16702,Customer_6702,19,Male,Hyderabad,Delhi,North,Small Business
CUST16703,Customer_6703,62,Female,Pune,Delhi,West,consumer 
CUST16704,Customer_6704,22,Male,Hyderabad,Uttar Pradesh,South,Corporate
CUST16705,Customer_6705,44,Female,Mumbai,Telangana,South,Consumer
CUST16706,Customer_6706,42,Female,Delhi,Telangana,South,Corporate
CUST16707,Customer_6707,25,Female,Mumbai,Maharashtra,South,Small Business
CUST16708,Customer_6708,18,Male,Delhi,Maharashtra, north ,Consumer
CUST16709,Customer_6709,37,Female,Pune,Uttar Pradesh,SOUTH,Consumer
CUST16710,Customer_6710,61,Male,Lucknow,Uttar Pradesh,East,Corporate
CUST16711,Customer_6711,40,Male,Bengaluru,West Bengal,East,consumer 
CUST16712,Customer_6712,49,Female,Hyderabad,Karnataka,North,Corporate
CUST16713,Customer_6713,28,Female,Lucknow,Gujarat,West,Consumer
CUST16714,Customer_6714,56,Female,Mumbai,West Bengal,East,Consumer
CUST16715,Customer_6715,64,Female,Delhi,Uttar Pradesh,North,Consumer
CUST16716,Customer_6716,41,Male,Chennai,Delhi,North,CORPORATE
CUST16717,Customer_6717,28,Male,Kolkata,Telangana,North,Small Business
CUST16718,Customer_6718,46,Male,Pune,Gujarat,North,Small Business
CUST16719,Customer_6719,43,Female,Jaipur,Karnataka,West,Corporate
CUST16720,Customer_6720,33,Female,Delhi,Uttar Pradesh,SOUTH,Corporate
CUST16721,Customer_6721,52,Male,Hyderabad,Rajasthan,West,Consumer
CUST16722,Customer_6722,37,Female,Mumbai,Maharashtra,East,Corporate
CUST16723,Customer_6723,63,Female,Jaipur,Uttar Pradesh,South,Small Business
CUST16724,Customer_6724,20,Female,Ahmedabad,Maharashtra,South,Consumer
CUST16725,Customer_6725,18,Female,Bengaluru,Uttar Pradesh,,Consumer
CUST16726,Customer_6726,64,Female,Delhi,,South,Consumer
CUST16727,Customer_6727,18,Female,Bengaluru,Gujarat,North,Consumer
CUST16728,Customer_6728,34,Male,Delhi,Uttar Pradesh,East,Small Business
CUST16729,Customer_6729,19,Male,Bengaluru,Tamil Nadu,South,Consumer
CUST16730,Customer_6730,46,Male,Chennai,Rajasthan,North,Small Business
CUST16731,Customer_6731,37,Female,Ahmedabad,Uttar Pradesh,North,Small Business
CUST16732,Customer_6732,23, FEMALE,Hyderabad,Delhi,South,Small Business
CUST16733,Customer_6733,25,Female,Mumbai,Maharashtra,East,consumer 
CUST16734,Customer_6734,46,Male,Mumbai,West Bengal,South,Corporate
CUST16735,Customer_6735,65,Female,Mumbai,Delhi,North,Consumer
CUST16736,Customer_6736,68,male ,Mumbai,Gujarat,North,Consumer
CUST16737,Customer_6737,50, FEMALE,Jaipur,Tamil Nadu,North,Corporate
CUST16738,Customer_6738,20,Female,Delhi,Karnataka,SOUTH,Consumer
CUST16739,Customer_6739,52, FEMALE,,Telangana,South,consumer 
CUST16740,Customer_6740,22,Male,Chennai,Gujarat,North,Consumer
CUST16741,Customer_6741,44,Male,Pune,Gujarat,West,consumer 
CUST16742,Customer_6742,61,Male,Hyderabad,Maharashtra,South,Small Business
CUST16743,Customer_6743,29,Female,Kolkata,Uttar Pradesh,East,consumer 
CUST16744,Customer_6744,37,Male,Chennai,West Bengal,North,consumer 
CUST16745,Customer_6745,62,Female,Bengaluru,West Bengal,,Consumer
CUST16746,Customer_6746,37,Female,Bengaluru,Uttar Pradesh,,Small Business
CUST16747,Customer_6747,26,Male,Ahmedabad,Maharashtra,West,Consumer
CUST16748,Customer_6748,56, FEMALE,Bengaluru,Tamil Nadu,West,
CUST16749,Customer_6749,21,Male,Hyderabad,Karnataka,South,Small Business
CUST16750,Customer_6750,68,Male,Hyderabad,Delhi,SOUTH,Consumer
CUST16751,Customer_6751,36,male ,Delhi,Maharashtra,South,CORPORATE
CUST16752,Customer_6752,55,Male,,Maharashtra,South,Consumer
CUST16753,Customer_6753,44,Female,Mumbai,West Bengal,North,Consumer
CUST16754,Customer_6754,62,male ,Kolkata,Maharashtra,North,Corporate
CUST16755,Customer_6755,60,Other,Hyderabad,West Bengal,East,consumer 
CUST16756,Customer_6756,30, FEMALE,Jaipur,West Bengal,South,CORPORATE
CUST16757,Customer_6757,30,Male,Kolkata,Gujarat,,Corporate
CUST16758,Customer_6758,39,Female,Mumbai,West Bengal,South,Consumer
CUST16759,Customer_6759,45,Male,Pune,, north ,Consumer
CUST16760,Customer_6760,69,Male,Jaipur,Delhi,East,Consumer
CUST16761,Customer_6761,64,Male,Kolkata,Rajasthan,West,Consumer
CUST16762,Customer_6762,62,Male,Pune,Delhi,East,Corporate
CUST16763,Customer_6763,39, FEMALE,Jaipur,Uttar Pradesh, north ,Corporate
CUST16764,Customer_6764,60,Male,Delhi,Telangana,North,Small Business
CUST16765,Customer_6765,36,Female,Jaipur,West Bengal,North,Consumer
CUST16766,Customer_6766,25,Female,Bengaluru,Karnataka,West,Consumer
CUST16767,Customer_6767,69,Female,Pune,Maharashtra,West,Consumer
CUST16768,Customer_6768,25,Other,Bengaluru,Uttar Pradesh,South,Corporate
CUST16769,Customer_6769,59,Male,Lucknow,Gujarat,South,Consumer
CUST16770,Customer_6770,43,Female,Chennai,Maharashtra,,Consumer
CUST16771,Customer_6771,65,Female,Kolkata,Gujarat,South,Consumer
CUST16772,Customer_6772,68,Male,Lucknow,Maharashtra,SOUTH,Small Business
CUST16773,Customer_6773,43,Female,Ahmedabad,Uttar Pradesh,South,Corporate
CUST16774,Customer_6774,40,male ,Jaipur,Gujarat,West,Consumer
CUST16775,Customer_6775,60,Male,Mumbai,Maharashtra,West,Corporate
CUST16776,Customer_6776,30,Male,Lucknow,Telangana,North,Corporate
CUST16777,Customer_6777,45,Male,Pune,Karnataka,North,Consumer
CUST16778,Customer_6778,26,male ,Pune,Telangana,,Consumer
CUST16779,Customer_6779,37,Female,Ahmedabad,Uttar Pradesh,West,Consumer
CUST16780,Customer_6780,36,Female,Bengaluru,Rajasthan,South,Consumer
CUST16781,Customer_6781,65,Female,Mumbai,Gujarat,North,Consumer
CUST16782,Customer_6782,56, FEMALE,Chennai,Maharashtra,South,Consumer
CUST16783,Customer_6783,68,male ,Jaipur,Tamil Nadu,North,Consumer
CUST16784,Customer_6784,29,male ,Hyderabad,Telangana,North,consumer 
CUST16785,Customer_6785,32,male ,Kolkata,Gujarat,South,Consumer
CUST16786,Customer_6786,48,Female,Chennai,Delhi,North,Consumer
CUST16787,Customer_6787,31,Female,Pune,,West,Consumer
CUST16788,Customer_6788,28, FEMALE,Lucknow,Tamil Nadu,South,CORPORATE
CUST16789,Customer_6789,43,Other,Mumbai,West Bengal,West,Corporate
CUST16790,Customer_6790,59,Male,Kolkata,Telangana,East,Corporate
CUST16791,Customer_6791,44,Male,Jaipur,Gujarat, north ,Small Business
CUST16792,Customer_6792,28,Other,Hyderabad,West Bengal,North,Consumer
CUST16793,Customer_6793,55,Male,Bengaluru,Rajasthan,North,CORPORATE
CUST16794,Customer_6794,51, FEMALE,Delhi,Rajasthan, north ,Consumer
CUST16795,Customer_6795,60,Female,Lucknow,Telangana,West,Consumer
CUST16796,Customer_6796,36,Male,Bengaluru,Delhi,North,Consumer
CUST16797,Customer_6797,23,Male,Hyderabad,Uttar Pradesh,North,Small Business
CUST16798,Customer_6798,63,Male,Bengaluru,Karnataka, north ,Consumer
CUST16799,Customer_6799,69,Male,Chennai,Gujarat,North,Corporate
CUST16800,Customer_6800,55,Female,Kolkata,West Bengal, north ,Consumer
CUST16801,Customer_6801,66,Female,Jaipur,Karnataka,SOUTH,Consumer
CUST16802,Customer_6802,59,,Hyderabad,West Bengal,North,Consumer
CUST16803,Customer_6803,45,Female,Kolkata,Rajasthan, north ,consumer 
CUST16804,Customer_6804,18,Female,Jaipur,Rajasthan,South,Consumer
CUST16805,Customer_6805,52,Female,Bengaluru,Uttar Pradesh,West,Corporate
CUST16806,Customer_6806,57,Female,Delhi,Maharashtra,South,Small Business
CUST16807,Customer_6807,25,Female,Ahmedabad,Gujarat,North,consumer 
CUST16808,Customer_6808,69,Male,Kolkata,Telangana,West,consumer 
CUST16809,Customer_6809,64,Male,Kolkata,Gujarat,North,
CUST16810,Customer_6810,24,Male,,Maharashtra,SOUTH,Consumer
CUST16811,Customer_6811,28,Male,Lucknow,Delhi,,Consumer
CUST16812,Customer_6812,56,Female,Pune,West Bengal,North,Consumer
CUST16813,Customer_6813,21,Male,Lucknow,Karnataka,North,Corporate
CUST16814,Customer_6814,42, FEMALE,Ahmedabad,, north ,Consumer
CUST16815,Customer_6815,29,Other,Ahmedabad,Maharashtra,South,Small Business
CUST16816,Customer_6816,43,Other,Lucknow,Delhi, north ,Consumer
CUST16817,Customer_6817,55,Other,Delhi,Delhi,North,Consumer
CUST16818,Customer_6818,63,Male,Ahmedabad,Maharashtra,East,Small Business
CUST16819,Customer_6819,29,Female,Delhi,West Bengal, north ,consumer 
CUST16820,Customer_6820,60,Male,Lucknow,Tamil Nadu,North,Small Business
CUST16821,Customer_6821,68,male ,Bengaluru,Karnataka,South,Consumer
CUST16822,Customer_6822,54, FEMALE,Pune,Delhi, north ,CORPORATE
CUST16823,Customer_6823,63, FEMALE,Delhi,Maharashtra,East,Corporate
CUST16824,Customer_6824,41,Female,Jaipur,Maharashtra,West,Small Business
CUST16825,Customer_6825,33,Female,Delhi,Uttar Pradesh, north ,Consumer
CUST16826,Customer_6826,30,Male,Hyderabad,Uttar Pradesh,East,Corporate
CUST16827,Customer_6827,42,Male,Lucknow,Uttar Pradesh, north ,Consumer
CUST16828,Customer_6828,69,Female,Kolkata,Gujarat,West,
CUST16829,Customer_6829,21,Female,Delhi,Gujarat,West,Consumer
CUST16830,Customer_6830,28,,Hyderabad,Tamil Nadu,North,Small Business
CUST16831,Customer_6831,49,Male,Delhi,Telangana,SOUTH,Corporate
CUST16832,Customer_6832,66, FEMALE,Kolkata,Gujarat,West,Consumer
CUST16833,Customer_6833,24,Female,Ahmedabad,West Bengal,South,Corporate
CUST16834,Customer_6834,63,male ,Kolkata,Karnataka,East,Corporate
CUST16835,Customer_6835,28,male ,Mumbai,West Bengal,South,Small Business
CUST16836,Customer_6836,45,Other,Hyderabad,,West,Consumer
CUST16837,Customer_6837,58,Male,Ahmedabad,Gujarat,,consumer 
CUST16838,Customer_6838,40,Other,Mumbai,Karnataka,North,Corporate
CUST16839,Customer_6839,62,Male,Pune,Gujarat,SOUTH,Consumer
CUST16840,Customer_6840,40,Male,Hyderabad,,North,Small Business
CUST16841,Customer_6841,67,Female,Jaipur,Maharashtra,East,consumer 
CUST16842,Customer_6842,45,male ,Ahmedabad,Gujarat,East,Small Business
CUST16843,Customer_6843,60,Female,Bengaluru,Gujarat,South,Consumer
CUST16844,Customer_6844,64,male ,Kolkata,Delhi,East,Corporate
CUST16845,Customer_6845,43,Female,Pune,Rajasthan,West,Consumer
CUST16846,Customer_6846,42,Male,Bengaluru,Karnataka,South,Corporate
CUST16847,Customer_6847,46,Other,Bengaluru,Rajasthan,North,Corporate
CUST16848,Customer_6848,36,Male,Chennai,Gujarat,West,Consumer
CUST16849,Customer_6849,50, FEMALE,Mumbai,Tamil Nadu,West,Consumer
CUST16850,Customer_6850,53,Male,Lucknow,Telangana,SOUTH,Consumer
CUST16851,Customer_6851,31,Female,Delhi,Gujarat,North,Consumer
CUST16852,Customer_6852,31,Female,Delhi,, north ,Consumer
CUST16853,Customer_6853,52,Male,Bengaluru,Delhi,East,Small Business
CUST16854,Customer_6854,47,Male,Delhi,Gujarat,,Small Business
CUST16855,Customer_6855,45,Male,Chennai,Delhi,SOUTH,Small Business
CUST16856,Customer_6856,34,Male,Hyderabad,Karnataka,South,Consumer
CUST16857,Customer_6857,20,Male,Jaipur,Uttar Pradesh,West,Consumer
CUST16858,Customer_6858,33,Female,Ahmedabad,Uttar Pradesh,West,Consumer
CUST16859,Customer_6859,63,male ,Jaipur,Uttar Pradesh,South,Small Business
CUST16860,Customer_6860,47,Female,Mumbai,Delhi,West,Corporate
CUST16861,Customer_6861,69, FEMALE,Ahmedabad,Maharashtra,East,Corporate
CUST16862,Customer_6862,46,Female,Hyderabad,Gujarat,North,Consumer
CUST16863,Customer_6863,62,Female,Chennai,Delhi,West,Consumer
CUST16864,Customer_6864,32,Female,Hyderabad,Delhi,SOUTH,Small Business
CUST16865,Customer_6865,63,Female,Bengaluru,Uttar Pradesh,East,Consumer
CUST16866,Customer_6866,42,Female,Ahmedabad,Rajasthan,,Consumer
CUST16867,Customer_6867,68,Male,Bengaluru,Karnataka,South,Consumer
CUST16868,Customer_6868,55, FEMALE,Pune,Maharashtra,East,Corporate
CUST16869,Customer_6869,59,male ,Bengaluru,Gujarat,West,
CUST16870,Customer_6870,64,Male,Lucknow,,North,Consumer
CUST16871,Customer_6871,69,male ,Jaipur,Delhi, north ,Consumer
CUST16872,Customer_6872,55,Male,Bengaluru,Tamil Nadu,West,Corporate
CUST16873,Customer_6873,40,Male,Kolkata,Karnataka, north ,Small Business
CUST16874,Customer_6874,42,Male,Kolkata,Uttar Pradesh,East,Small Business
CUST16875,Customer_6875,59,male ,Pune,Karnataka, north ,Small Business
CUST16876,Customer_6876,24,Female,Pune,Rajasthan,West,Corporate
CUST16877,Customer_6877,39,male ,Pune,Tamil Nadu,East,Consumer
CUST16878,Customer_6878,34,Male,Delhi,Tamil Nadu,SOUTH,Corporate
CUST16879,Customer_6879,35,Female,Kolkata,Gujarat,,consumer 
CUST16880,Customer_6880,66,Female,Chennai,Tamil Nadu,East,Corporate
CUST16881,Customer_6881,58,Male,Hyderabad,Gujarat,North,Corporate
CUST16882,Customer_6882,27,Female,Lucknow,Telangana,SOUTH,Consumer
CUST16883,Customer_6883,27,Male,Delhi,Maharashtra,North,Corporate
CUST16884,Customer_6884,24,Male,Bengaluru,Telangana,North,Corporate
CUST16885,Customer_6885,65,Female,Mumbai,Tamil Nadu,North,Small Business
CUST16886,Customer_6886,67,Female,Delhi,Tamil Nadu,South,Corporate
CUST16887,Customer_6887,55,Male,Bengaluru,Uttar Pradesh,South,Consumer
CUST16888,Customer_6888,44,Male,,West Bengal,West,Corporate
CUST16889,Customer_6889,69,Male,Bengaluru,Gujarat,South,Consumer
CUST16890,Customer_6890,50,Male,Kolkata,Tamil Nadu,West,Consumer
CUST16891,Customer_6891,18,Male,Delhi,Maharashtra,North,Small Business
CUST16892,Customer_6892,61,Female,Pune,Maharashtra,North,Consumer
CUST16893,Customer_6893,51,Female,,Gujarat,West,Corporate
CUST16894,Customer_6894,21,Female,Bengaluru,Delhi,South,
CUST16895,Customer_6895,34,male ,Lucknow,Maharashtra,North,Consumer
CUST16896,Customer_6896,21,Female,,Delhi,SOUTH,Consumer
CUST16897,Customer_6897,60,Male,Pune,Telangana,North,Small Business
CUST16898,Customer_6898,43,Male,Bengaluru,Tamil Nadu,North,Consumer
CUST16899,Customer_6899,21, FEMALE,Kolkata,Delhi,South,Small Business
CUST16900,Customer_6900,18,Male,Lucknow,Tamil Nadu,North,Consumer
CUST16901,Customer_6901,24,Male,Mumbai,Telangana,North,consumer 
CUST16902,Customer_6902,47,Male,Chennai,Uttar Pradesh, north ,Consumer
CUST16903,Customer_6903,67,Female,Bengaluru,Uttar Pradesh,North,CORPORATE
CUST16904,Customer_6904,26,Female,Bengaluru,Rajasthan,North,consumer 
CUST16905,Customer_6905,52,,Ahmedabad,Tamil Nadu, north ,Corporate
CUST16906,Customer_6906,25, FEMALE,Hyderabad,Maharashtra,South,Small Business
CUST16907,Customer_6907,41,Female,Bengaluru,Gujarat,North,Consumer
CUST16908,Customer_6908,36,Male,Pune,Karnataka,East,Consumer
CUST16909,Customer_6909,53,Male,Mumbai,Karnataka,North,Consumer
CUST16910,Customer_6910,67,Male,Mumbai,Gujarat,,Corporate
CUST16911,Customer_6911,69,Male,Chennai,,East,consumer 
CUST16912,Customer_6912,60,Male,Hyderabad,Gujarat,SOUTH,Corporate
CUST16913,Customer_6913,44,Male,Bengaluru,,South,Corporate
CUST16914,Customer_6914,49,Male,Delhi,Gujarat,West,Corporate
CUST16915,Customer_6915,31,Male,Chennai,Rajasthan,North,consumer 
CUST16916,Customer_6916,35,Other,Lucknow,Karnataka,South,Small Business
CUST16917,Customer_6917,45,Female,Lucknow,Gujarat,North,
CUST16918,Customer_6918,46,,Mumbai,Gujarat,East,Consumer
CUST16919,Customer_6919,33,Male,Pune,Karnataka,South,Consumer
CUST16920,Customer_6920,52,Female,Lucknow,Tamil Nadu,,CORPORATE
CUST16921,Customer_6921,64,Male,Hyderabad,Delhi,SOUTH,Small Business
CUST16922,Customer_6922,48,Male,Ahmedabad,Gujarat,East,Consumer
CUST16923,Customer_6923,21,Male,Ahmedabad,West Bengal,,
CUST16924,Customer_6924,54,Other,Mumbai,Karnataka,East,consumer 
CUST16925,Customer_6925,34,,Bengaluru,Karnataka,West,Consumer
CUST16926,Customer_6926,56,Male,Mumbai,,North,Small Business
CUST16927,Customer_6927,65,Male,Mumbai,West Bengal,South,Small Business
CUST16928,Customer_6928,63,Female,Ahmedabad,Telangana,North,Consumer
CUST16929,Customer_6929,43,Male,Ahmedabad,Tamil Nadu,South,Corporate
CUST16930,Customer_6930,65,Male,Delhi,Delhi,North,
CUST16931,Customer_6931,56,Male,Pune,Delhi,SOUTH,Corporate
CUST16932,Customer_6932,58,Female,Pune,West Bengal,North,Small Business
CUST16933,Customer_6933,21,Male,Hyderabad,Tamil Nadu,North,Consumer
CUST16934,Customer_6934,47,Male,Kolkata,Karnataka,,Small Business
CUST16935,Customer_6935,47,Male,Ahmedabad,West Bengal,East,Consumer
CUST16936,Customer_6936,39,Female,Mumbai,Delhi,West,Consumer
CUST16937,Customer_6937,28,,Mumbai,Gujarat,South,Corporate
CUST16938,Customer_6938,19,Male,Delhi,Karnataka,East,Small Business
CUST16939,Customer_6939,61, FEMALE,Hyderabad,Delhi,North,Corporate
CUST16940,Customer_6940,29, FEMALE,Bengaluru,Maharashtra,South,CORPORATE
CUST16941,Customer_6941,47,Other,Hyderabad,Delhi,East,Small Business
CUST16942,Customer_6942,53,male ,Chennai,Maharashtra,East,Consumer
CUST16943,Customer_6943,35,Female,Jaipur,Telangana,South,CORPORATE
CUST16944,Customer_6944,43, FEMALE,Hyderabad,Uttar Pradesh,West,Consumer
CUST16945,Customer_6945,24,Male,Bengaluru,Karnataka,East,Small Business
CUST16946,Customer_6946,18,Female,Lucknow,Telangana,West,Consumer
CUST16947,Customer_6947,43,,Lucknow,Gujarat,North,
CUST16948,Customer_6948,40,male ,Mumbai,Karnataka, north ,Consumer
CUST16949,Customer_6949,43,Other,Bengaluru,Uttar Pradesh,South,Corporate
CUST16950,Customer_6950,62,male ,Lucknow,Maharashtra,East,Consumer
CUST16951,Customer_6951,23, FEMALE,Delhi,Maharashtra,South,Consumer
CUST16952,Customer_6952,23,Female,Bengaluru,Telangana, north ,Corporate
CUST16953,Customer_6953,61,male ,Hyderabad,Maharashtra, north ,Consumer
CUST16954,Customer_6954,25,Female,Mumbai,Gujarat,North,Small Business
CUST16955,Customer_6955,41,Other,Mumbai,Delhi,West,CORPORATE
CUST16956,Customer_6956,39,male ,Hyderabad,West Bengal,North,Small Business
CUST16957,Customer_6957,36, FEMALE,,West Bengal,North,Consumer
CUST16958,Customer_6958,54,Female,Lucknow,Delhi,West,Consumer
CUST16959,Customer_6959,35,Male,Ahmedabad,Uttar Pradesh,North,Consumer
CUST16960,Customer_6960,48,Male,Delhi,Tamil Nadu,North,Corporate
CUST16961,Customer_6961,54,Other,Mumbai,Uttar Pradesh,East,Corporate
CUST16962,Customer_6962,47,Female,Jaipur,Uttar Pradesh,West,Small Business
CUST16963,Customer_6963,59,Male,Pune,Karnataka,North,Corporate
CUST16964,Customer_6964,50,Male,Bengaluru,Tamil Nadu,North,
CUST16965,Customer_6965,27,male ,Mumbai,Karnataka,North,Corporate
CUST16966,Customer_6966,54,male ,Bengaluru,Maharashtra,North,Corporate
CUST16967,Customer_6967,29,male ,Hyderabad,Delhi,,Consumer
CUST16968,Customer_6968,47,Female,Mumbai,Gujarat,SOUTH,Consumer
CUST16969,Customer_6969,44,Male,Ahmedabad,Telangana,North,Small Business
CUST16970,Customer_6970,56,Male,Delhi,Delhi,East,Corporate
CUST16971,Customer_6971,26,Male,,Delhi,,Consumer
CUST16972,Customer_6972,38,male ,Lucknow,Karnataka,West,Consumer
CUST16973,Customer_6973,29,Male,Hyderabad,Delhi,North,Consumer
CUST16974,Customer_6974,46,Female,Jaipur,Telangana,East,Consumer
CUST16975,Customer_6975,50,Female,Kolkata,Delhi, north ,Corporate
CUST16976,Customer_6976,60,Female,Mumbai,Delhi,South,Consumer
CUST16977,Customer_6977,32,Other,Bengaluru,Rajasthan,South,Consumer
CUST16978,Customer_6978,19,Male,Chennai,Gujarat,South,Corporate
CUST16979,Customer_6979,69,male ,Kolkata,Telangana,East,Corporate
CUST16980,Customer_6980,56,Male,Pune,Uttar Pradesh,South,Corporate
CUST16981,Customer_6981,61,Male,Chennai,Delhi,West,Corporate
CUST16982,Customer_6982,35,Female,Hyderabad,Uttar Pradesh,West,Corporate
CUST16983,Customer_6983,20,Male,Chennai,Delhi,South,Small Business
CUST16984,Customer_6984,24,male ,Hyderabad,Uttar Pradesh,West,Consumer
CUST16985,Customer_6985,60,Female,Pune,Gujarat,North,Corporate
CUST16986,Customer_6986,35,Male,Ahmedabad,Uttar Pradesh,West,
CUST16987,Customer_6987,61,Male,Kolkata,Uttar Pradesh,East,Consumer
CUST16988,Customer_6988,55,Female,Jaipur,West Bengal,,Small Business
CUST16989,Customer_6989,54,male ,Pune,Karnataka,North,Consumer
CUST16990,Customer_6990,50,Female,Kolkata,Rajasthan,East,Small Business
CUST16991,Customer_6991,61,Female,Pune,Telangana,East,Consumer
CUST16992,Customer_6992,48,male ,Delhi,Delhi,East,Consumer
CUST16993,Customer_6993,28,Female,,Tamil Nadu,South,Consumer
CUST16994,Customer_6994,21,Male,Delhi,Rajasthan,North,consumer 
CUST16995,Customer_6995,35,Female,Hyderabad,Delhi,South,Small Business
CUST16996,Customer_6996,21,Female,Delhi,West Bengal,South,Consumer
CUST16997,Customer_6997,66,Female,Delhi,Rajasthan,South,Small Business
CUST16998,Customer_6998,51,Female,Lucknow,Maharashtra,East,Consumer
CUST16999,Customer_6999,46,Other,Hyderabad,Telangana,South,Consumer
CUST17000,Customer_7000,41,Male,Lucknow,Gujarat,South,Corporate
CUST17001,Customer_7001,39,Other,Bengaluru,Gujarat,East,Consumer
CUST17002,Customer_7002,19,Female,Bengaluru,Telangana,East,consumer 
CUST17003,Customer_7003,61,Female,Bengaluru,Karnataka,East,Corporate
CUST17004,Customer_7004,23,Male,Pune,Maharashtra, north ,CORPORATE
CUST17005,Customer_7005,59,Female,Lucknow,Delhi,West,consumer 
CUST17006,Customer_7006,42,male ,Chennai,Karnataka,North,Consumer
CUST17007,Customer_7007,38,Female,Hyderabad,Gujarat,East,Small Business
CUST17008,Customer_7008,33,Male,Ahmedabad,Gujarat,South,consumer 
CUST17009,Customer_7009,48,Female,Delhi,Uttar Pradesh,South,CORPORATE
CUST17010,Customer_7010,31,Male,Chennai,Karnataka,SOUTH,Consumer
CUST17011,Customer_7011,56,,Hyderabad,Maharashtra,South,consumer 
CUST17012,Customer_7012,45, FEMALE,Delhi,West Bengal,,Consumer
CUST17013,Customer_7013,49,Male,Bengaluru,Rajasthan,SOUTH,Corporate
CUST17014,Customer_7014,45, FEMALE,Delhi,Telangana,North,Consumer
CUST17015,Customer_7015,68,Other,Ahmedabad,Rajasthan,North,consumer 
CUST17016,Customer_7016,66,Male,Pune,Uttar Pradesh,South,Consumer
CUST17017,Customer_7017,26,Female,Lucknow,Uttar Pradesh,North,Corporate
CUST17018,Customer_7018,62,Female,Chennai,Tamil Nadu,North,Small Business
CUST17019,Customer_7019,39,Female,Pune,Uttar Pradesh,,Consumer
CUST17020,Customer_7020,49,Male,Kolkata,Delhi,SOUTH,Corporate
CUST17021,Customer_7021,22,Male,Ahmedabad,Rajasthan,West,Corporate
CUST17022,Customer_7022,40,Female,Delhi,Maharashtra,West,Corporate
CUST17023,Customer_7023,22,Male,Bengaluru,Karnataka,North,Consumer
CUST17024,Customer_7024,59,male ,Kolkata,Delhi,East,Consumer
CUST17025,Customer_7025,49,Male,Ahmedabad,Maharashtra,North,Consumer
CUST17026,Customer_7026,27,Female,,,South,consumer 
CUST17027,Customer_7027,56, FEMALE,,Telangana,South,Consumer
CUST17028,Customer_7028,32,Female,Mumbai,Gujarat,East,Consumer
CUST17029,Customer_7029,24,Female,Delhi,Maharashtra,North,Consumer
CUST17030,Customer_7030,46,Other,Ahmedabad,Maharashtra,North,Small Business
CUST17031,Customer_7031,64, FEMALE,Hyderabad,Tamil Nadu,East,Consumer
CUST17032,Customer_7032,20,Male,Mumbai,Karnataka,West,Consumer
CUST17033,Customer_7033,36,Female,Ahmedabad,Rajasthan,South,Consumer
CUST17034,Customer_7034,27,Other,Delhi,Telangana,North,Small Business
CUST17035,Customer_7035,45,Male,Jaipur,Uttar Pradesh, north ,consumer 
CUST17036,Customer_7036,46,Male,Pune,Telangana,North,Consumer
CUST17037,Customer_7037,32,Male,Delhi,West Bengal,West,Small Business
CUST17038,Customer_7038,52,Male,Bengaluru,Karnataka,North,Consumer
CUST17039,Customer_7039,23,Female,Mumbai,Rajasthan,West,Consumer
CUST17040,Customer_7040,29,male ,Pune,Rajasthan,West,Consumer
CUST17041,Customer_7041,64,Other,Chennai,Telangana,West,consumer 
CUST17042,Customer_7042,55,male ,Delhi,Karnataka,South,Small Business
CUST17043,Customer_7043,30,Male,Ahmedabad,West Bengal,North,Consumer
CUST17044,Customer_7044,46,Male,Bengaluru,Gujarat,West,Consumer
CUST17045,Customer_7045,36,,Bengaluru,Maharashtra,South,Corporate
CUST17046,Customer_7046,20,Male,Mumbai,Uttar Pradesh, north ,Consumer
CUST17047,Customer_7047,25,Male,Mumbai,Tamil Nadu,West,Consumer
CUST17048,Customer_7048,25, FEMALE,,Tamil Nadu,East,consumer 
CUST17049,Customer_7049,37,Female,Bengaluru,Gujarat,,Consumer
CUST17050,Customer_7050,64,Male,Hyderabad,West Bengal,East,Small Business
CUST17051,Customer_7051,21, FEMALE,Ahmedabad,Uttar Pradesh,West,Consumer
CUST17052,Customer_7052,68,,Kolkata,Tamil Nadu,West,Consumer
CUST17053,Customer_7053,38,Male,Hyderabad,Karnataka,East,consumer 
CUST17054,Customer_7054,20, FEMALE,Ahmedabad,Rajasthan,East,consumer 
CUST17055,Customer_7055,62,Female,Jaipur,Gujarat,West,Corporate
CUST17056,Customer_7056,25,Female,Mumbai,Gujarat,East,Consumer
CUST17057,Customer_7057,40,Other,Kolkata,Maharashtra,South,Corporate
CUST17058,Customer_7058,33,Other,Ahmedabad,Karnataka,West,Consumer
CUST17059,Customer_7059,30,Male,Chennai,Tamil Nadu,North,Small Business
CUST17060,Customer_7060,20,Male,Jaipur,West Bengal,North,Small Business
CUST17061,Customer_7061,65,Male,Ahmedabad,Maharashtra,North,Small Business
CUST17062,Customer_7062,26,Female,Kolkata,Maharashtra,South,Corporate
CUST17063,Customer_7063,31,Male,Delhi,Uttar Pradesh, north ,Small Business
CUST17064,Customer_7064,30,Female,Bengaluru,Uttar Pradesh,West,Consumer
CUST17065,Customer_7065,24,Male,Pune,Uttar Pradesh,,Consumer
CUST17066,Customer_7066,32,Female,Bengaluru,Gujarat,North,Corporate
CUST17067,Customer_7067,24,Male,Ahmedabad,Karnataka,,Consumer
CUST17068,Customer_7068,55,male ,Hyderabad,Gujarat,South,Corporate
CUST17069,Customer_7069,51,Male,Chennai,Rajasthan,North,Small Business
CUST17070,Customer_7070,58,Male,Kolkata,Gujarat,West,Consumer
CUST17071,Customer_7071,39, FEMALE,Chennai,Karnataka,North,Consumer
CUST17072,Customer_7072,41,Female,Hyderabad,Karnataka,North,consumer 
CUST17073,Customer_7073,66,Male,Delhi,Rajasthan,South,Consumer
CUST17074,Customer_7074,54,Male,Pune,Gujarat,West,consumer 
CUST17075,Customer_7075,61,Female,Ahmedabad,Uttar Pradesh,West,Consumer
CUST17076,Customer_7076,18,Female,Kolkata,Uttar Pradesh,South,Small Business
CUST17077,Customer_7077,27,male ,Hyderabad,Telangana,North,CORPORATE
CUST17078,Customer_7078,60,Female,Mumbai,Rajasthan,North,consumer 
CUST17079,Customer_7079,33,Male,Lucknow,Uttar Pradesh,North,consumer 
CUST17080,Customer_7080,63,Female,Ahmedabad,Uttar Pradesh, north ,consumer 
CUST17081,Customer_7081,25,Female,Hyderabad,Rajasthan,SOUTH,Corporate
CUST17082,Customer_7082,66, FEMALE,Jaipur,Delhi,SOUTH,Corporate
CUST17083,Customer_7083,42,Male,Hyderabad,Rajasthan,West,Corporate
CUST17084,Customer_7084,67,Female,Chennai,Tamil Nadu, north ,consumer 
CUST17085,Customer_7085,29,Male,Lucknow,Gujarat,West,Small Business
CUST17086,Customer_7086,42,Female,Delhi,West Bengal,SOUTH,Small Business
CUST17087,Customer_7087,34, FEMALE,Chennai,West Bengal, north ,Corporate
CUST17088,Customer_7088,43,Male,Mumbai,,East,Corporate
CUST17089,Customer_7089,63,Other,Bengaluru,Delhi,South,CORPORATE
CUST17090,Customer_7090,65,Female,Kolkata,Karnataka,East,Consumer
CUST17091,Customer_7091,31,Other,Delhi,Rajasthan,East,Consumer
CUST17092,Customer_7092,58,Female,Pune,Karnataka,East,
CUST17093,Customer_7093,53,Male,Bengaluru,Karnataka,West,Corporate
CUST17094,Customer_7094,40,Male,Kolkata,Gujarat,West,Corporate
CUST17095,Customer_7095,60,Female,Mumbai,West Bengal,North,consumer 
CUST17096,Customer_7096,23,Male,Jaipur,Maharashtra,South,consumer 
CUST17097,Customer_7097,64,Female,Kolkata,Karnataka,,Consumer
CUST17098,Customer_7098,22,Female,Ahmedabad,Delhi,East,Consumer
CUST17099,Customer_7099,60,Other,Ahmedabad,Tamil Nadu,South,Small Business
CUST17100,Customer_7100,42,Female,Bengaluru,Maharashtra, north ,Small Business
CUST17101,Customer_7101,35,male ,Delhi,Gujarat,South,Consumer
CUST17102,Customer_7102,30,Other,Kolkata,West Bengal,South,consumer 
CUST17103,Customer_7103,60, FEMALE,Pune,Delhi,South,Corporate
CUST17104,Customer_7104,31,Male,Delhi,Karnataka, north ,Consumer
CUST17105,Customer_7105,45,Female,Mumbai,West Bengal,West,
CUST17106,Customer_7106,35,Male,Pune,Karnataka,East,Corporate
CUST17107,Customer_7107,45,Female,Ahmedabad,Tamil Nadu,SOUTH,Consumer
CUST17108,Customer_7108,68,Male,Ahmedabad,Gujarat,SOUTH,Consumer
CUST17109,Customer_7109,44,male ,Mumbai,Karnataka,West,Consumer
CUST17110,Customer_7110,49,Female,Hyderabad,Karnataka, north ,CORPORATE
CUST17111,Customer_7111,64,Female,Delhi,Uttar Pradesh,West,Consumer
CUST17112,Customer_7112,26,,Chennai,Karnataka,,Consumer
CUST17113,Customer_7113,57,Male,Jaipur,Delhi,South,Small Business
CUST17114,Customer_7114,49,Female,Jaipur,Maharashtra,South,Consumer
CUST17115,Customer_7115,37,male ,Chennai,Gujarat,North,Small Business
CUST17116,Customer_7116,45,Male,Delhi,Gujarat,West,Consumer
CUST17117,Customer_7117,50,Female,Hyderabad,Maharashtra,North,Consumer
CUST17118,Customer_7118,21,Male,,Tamil Nadu,South,
CUST17119,Customer_7119,63, FEMALE,Mumbai,Maharashtra,South,Consumer
CUST17120,Customer_7120,51,Male,Bengaluru,Rajasthan,South,Small Business
CUST17121,Customer_7121,65,Male,Jaipur,Maharashtra,South,consumer 
CUST17122,Customer_7122,20,Female,Jaipur,Delhi,West,Consumer
CUST17123,Customer_7123,43,Male,Ahmedabad,Uttar Pradesh,,Consumer
CUST17124,Customer_7124,25,Male,Hyderabad,Karnataka,SOUTH,Small Business
CUST17125,Customer_7125,23,Female,Chennai,Maharashtra,West,Corporate
CUST17126,Customer_7126,33,Male,Chennai,Uttar Pradesh,,Consumer
CUST17127,Customer_7127,41,Female,Ahmedabad,Uttar Pradesh,South,Small Business
CUST17128,Customer_7128,65,Female,Jaipur,Rajasthan,East,consumer 
CUST17129,Customer_7129,56,Female,Lucknow,Gujarat,South,Consumer
CUST17130,Customer_7130,47,Female,Mumbai,Tamil Nadu, north ,Consumer
CUST17131,Customer_7131,62,Male,Lucknow,Maharashtra,North,Consumer
CUST17132,Customer_7132,30,Male,Hyderabad,Delhi,East,Corporate
CUST17133,Customer_7133,22,male ,Delhi,Karnataka,West,consumer 
CUST17134,Customer_7134,42, FEMALE,Delhi,Delhi,East,consumer 
CUST17135,Customer_7135,37,Male,,Tamil Nadu,North,Consumer
CUST17136,Customer_7136,35,Female,,Delhi,East,consumer 
CUST17137,Customer_7137,64,Female,Ahmedabad,Telangana,West,Small Business
CUST17138,Customer_7138,35,Female,Jaipur,Maharashtra,North,Small Business
CUST17139,Customer_7139,19,Female,Delhi,Telangana,West,Small Business
CUST17140,Customer_7140,27,Male,Kolkata,Rajasthan, north ,Small Business
CUST17141,Customer_7141,62,Female,Mumbai,Karnataka,,consumer 
CUST17142,Customer_7142,67,Male,Hyderabad,Karnataka,South,Small Business
CUST17143,Customer_7143,64,Female,Pune,,North,Consumer
CUST17144,Customer_7144,29,male ,Ahmedabad,Rajasthan,South,Small Business
CUST17145,Customer_7145,64,Female,Chennai,Tamil Nadu,West,consumer 
CUST17146,Customer_7146,30,Male,Lucknow,West Bengal, north ,Consumer
CUST17147,Customer_7147,67,,Jaipur,West Bengal,SOUTH,Consumer
CUST17148,Customer_7148,64, FEMALE,Hyderabad,Delhi, north ,Small Business
CUST17149,Customer_7149,28,male ,Chennai,Delhi,West,Consumer
CUST17150,Customer_7150,36,Female,Kolkata,Rajasthan,,Consumer
CUST17151,Customer_7151,52,Male,Delhi,Telangana,North,Consumer
CUST17152,Customer_7152,56,Other,Ahmedabad,Delhi,South,Consumer
CUST17153,Customer_7153,43,Female,Jaipur,Karnataka, north ,CORPORATE
CUST17154,Customer_7154,63, FEMALE,Bengaluru,Maharashtra,West,Small Business
CUST17155,Customer_7155,31,Male,,Gujarat,East,Consumer
CUST17156,Customer_7156,62,Male,Mumbai,Maharashtra,North,Consumer
CUST17157,Customer_7157,61,,Ahmedabad,Maharashtra,South,Consumer
CUST17158,Customer_7158,41,Female,Bengaluru,West Bengal,East,Consumer
CUST17159,Customer_7159,58,Male,Jaipur,Tamil Nadu, north ,Consumer
CUST17160,Customer_7160,18,Male,Chennai,West Bengal,North,consumer 
CUST17161,Customer_7161,68,Female,Jaipur,Telangana,North,consumer 
CUST17162,Customer_7162,60,Male,Mumbai,Tamil Nadu,West,consumer 
CUST17163,Customer_7163,39,Female,Bengaluru,Uttar Pradesh,South,Small Business
CUST17164,Customer_7164,40,Female,Delhi,Maharashtra,North,Small Business
CUST17165,Customer_7165,36,male ,Ahmedabad,Telangana,North,Corporate
CUST17166,Customer_7166,35,Male,Bengaluru,Gujarat,East,CORPORATE
CUST17167,Customer_7167,29,,,Maharashtra,East,Small Business
CUST17168,Customer_7168,45,Male,Lucknow,Karnataka, north ,Corporate
CUST17169,Customer_7169,45,Female,Ahmedabad,Maharashtra,East,Small Business
CUST17170,Customer_7170,50,Male,Delhi,Delhi,West,Consumer
CUST17171,Customer_7171,36,Female,Ahmedabad,Karnataka,North,CORPORATE
CUST17172,Customer_7172,45,,Mumbai,Delhi,West,Consumer
CUST17173,Customer_7173,69,male ,Jaipur,Maharashtra,West,Corporate
CUST17174,Customer_7174,66,Female,Jaipur,Telangana,North,Consumer
CUST17175,Customer_7175,54,Female,Delhi,Delhi,West,consumer 
CUST17176,Customer_7176,43,male ,Mumbai,Uttar Pradesh,North,CORPORATE
CUST17177,Customer_7177,52,Other,Chennai,Uttar Pradesh,East,Consumer
CUST17178,Customer_7178,51,,Hyderabad,Telangana,West,consumer 
CUST17179,Customer_7179,52,Female,Ahmedabad,,West,Consumer
CUST17180,Customer_7180,57,,Hyderabad,Rajasthan, north ,Consumer
CUST17181,Customer_7181,33,Male,Ahmedabad,Uttar Pradesh,SOUTH,Consumer
CUST17182,Customer_7182,55,Male,Chennai,Maharashtra,West,Consumer
CUST17183,Customer_7183,30,Male,Ahmedabad,Uttar Pradesh, north ,Corporate
CUST17184,Customer_7184,40,Male,Jaipur,Gujarat,North,Small Business
CUST17185,Customer_7185,39,male ,Lucknow,Maharashtra,South,Consumer
CUST17186,Customer_7186,33, FEMALE,Delhi,Rajasthan,North,Consumer
CUST17187,Customer_7187,45,male ,Pune,Uttar Pradesh,North,Consumer
CUST17188,Customer_7188,65,Female,Mumbai,Karnataka,South,Consumer
CUST17189,Customer_7189,52,Female,Bengaluru,Tamil Nadu, north ,Consumer
CUST17190,Customer_7190,62,Female,Pune,Delhi,East,Consumer
CUST17191,Customer_7191,63,Female,Jaipur,Maharashtra,West,Consumer
CUST17192,Customer_7192,25, FEMALE,Delhi,Delhi,South,consumer 
CUST17193,Customer_7193,61,Female,Chennai,West Bengal,East,Consumer
CUST17194,Customer_7194,39,Female,Pune,West Bengal,West,consumer 
CUST17195,Customer_7195,38,Female,Delhi,Gujarat,South,Corporate
CUST17196,Customer_7196,43, FEMALE,Chennai,Tamil Nadu,SOUTH,Corporate
CUST17197,Customer_7197,57,Male,Jaipur,Karnataka,North,Small Business
CUST17198,Customer_7198,38,Female,Delhi,Delhi,SOUTH,Consumer
CUST17199,Customer_7199,42,male ,Jaipur,Gujarat,North,CORPORATE
CUST17200,Customer_7200,58,Female,Pune,Tamil Nadu,East,Consumer
CUST17201,Customer_7201,18, FEMALE,Lucknow,Uttar Pradesh,,Corporate
CUST17202,Customer_7202,23,Male,Mumbai,Delhi,East,Consumer
CUST17203,Customer_7203,40,Male,Lucknow,Tamil Nadu,East,Consumer
CUST17204,Customer_7204,68, FEMALE,Delhi,Karnataka,West,Consumer
CUST17205,Customer_7205,40,Female,Hyderabad,Delhi,South,consumer 
CUST17206,Customer_7206,60,Female,Mumbai,Uttar Pradesh,North,Consumer
CUST17207,Customer_7207,60,Male,Ahmedabad,Tamil Nadu,South,Small Business
CUST17208,Customer_7208,40,Male,Kolkata,Karnataka,North,CORPORATE
CUST17209,Customer_7209,49,Female,Delhi,Uttar Pradesh,SOUTH,Corporate
CUST17210,Customer_7210,47,Male,Delhi,Telangana, north ,Consumer
CUST17211,Customer_7211,30, FEMALE,Bengaluru,Delhi,South,
CUST17212,Customer_7212,60,male ,Mumbai,Gujarat,West,Small Business
CUST17213,Customer_7213,35,Male,Kolkata,Karnataka,North,CORPORATE
CUST17214,Customer_7214,40,Female,Kolkata,Uttar Pradesh,North,Consumer
CUST17215,Customer_7215,32,Female,Ahmedabad,Uttar Pradesh,West,Small Business
CUST17216,Customer_7216,50,Male,Ahmedabad,Maharashtra,South,Consumer
CUST17217,Customer_7217,38,Male,Kolkata,Tamil Nadu,North,consumer 
CUST17218,Customer_7218,56,Female,Delhi,Delhi,West,CORPORATE
CUST17219,Customer_7219,40,Female,Hyderabad,Karnataka,,Consumer
CUST17220,Customer_7220,44,Female,Chennai,Uttar Pradesh,East,Consumer
CUST17221,Customer_7221,62,Female,Chennai,Maharashtra,South,Consumer
CUST17222,Customer_7222,61,male ,Pune,Maharashtra,South,Corporate
CUST17223,Customer_7223,35,Female,Ahmedabad,Tamil Nadu,West,Consumer
CUST17224,Customer_7224,41,Female,Ahmedabad,Tamil Nadu,West,Corporate
CUST17225,Customer_7225,68,male ,Delhi,Rajasthan, north ,Consumer
CUST17226,Customer_7226,64,Male,Bengaluru,Uttar Pradesh, north ,consumer 
CUST17227,Customer_7227,57, FEMALE,Lucknow,Rajasthan, north ,Consumer
CUST17228,Customer_7228,68,Female,Lucknow,Gujarat,West,Corporate
CUST17229,Customer_7229,59,male ,Bengaluru,Maharashtra,South,Consumer
CUST17230,Customer_7230,24,Female,Jaipur,West Bengal,West,Consumer
CUST17231,Customer_7231,67,Male,Kolkata,Telangana,West,Corporate
CUST17232,Customer_7232,65,Female,Chennai,Gujarat,North,Small Business
CUST17233,Customer_7233,37,Male,Mumbai,Telangana,East,CORPORATE
CUST17234,Customer_7234,44,Female,Ahmedabad,Gujarat,North,Consumer
CUST17235,Customer_7235,23,Female,Kolkata,Uttar Pradesh, north ,Small Business
CUST17236,Customer_7236,44,male ,Mumbai,Rajasthan,South,Consumer
CUST17237,Customer_7237,26,Female,Kolkata,Tamil Nadu,West,Small Business
CUST17238,Customer_7238,62,Female,Jaipur,Telangana,South,Consumer
CUST17239,Customer_7239,48,Male,Ahmedabad,Tamil Nadu,West,Consumer
CUST17240,Customer_7240,38,,Mumbai,Karnataka,North,Corporate
CUST17241,Customer_7241,43, FEMALE,,Gujarat,West,consumer 
CUST17242,Customer_7242,57,male ,Mumbai,Uttar Pradesh,North,Consumer
CUST17243,Customer_7243,65,Male,Pune,Uttar Pradesh,East,Consumer
CUST17244,Customer_7244,62,Female,Kolkata,Telangana,North,consumer 
CUST17245,Customer_7245,30,Male,Hyderabad,Delhi,East,Small Business
CUST17246,Customer_7246,66,Female,Chennai,Rajasthan,West,Small Business
CUST17247,Customer_7247,40,Male,Ahmedabad,Telangana,West,Consumer
CUST17248,Customer_7248,37,Female,Kolkata,Gujarat,North,consumer 
CUST17249,Customer_7249,54,Female,Chennai,Uttar Pradesh,East,Consumer
CUST17250,Customer_7250,45,Female,Mumbai,Maharashtra, north ,consumer 
CUST17251,Customer_7251,34,Female,Delhi,West Bengal,West,Consumer
CUST17252,Customer_7252,45, FEMALE,Mumbai,Rajasthan,North,consumer 
CUST17253,Customer_7253,58,Male,Ahmedabad,West Bengal,South,Corporate
CUST17254,Customer_7254,19,male ,Jaipur,Tamil Nadu,East,Corporate
CUST17255,Customer_7255,42,Male,Ahmedabad,Maharashtra,North,Consumer
CUST17256,Customer_7256,67,Male,Delhi,Maharashtra,West,Small Business
CUST17257,Customer_7257,58,Male,Kolkata,Uttar Pradesh,West,Corporate
CUST17258,Customer_7258,23,male ,Delhi,Delhi,North,Small Business
CUST17259,Customer_7259,28,Female,Jaipur,Uttar Pradesh,East,Small Business
CUST17260,Customer_7260,55, FEMALE,,Tamil Nadu,West,Consumer
CUST17261,Customer_7261,23,Female,Delhi,Gujarat,South,Consumer
CUST17262,Customer_7262,62,Male,Pune,,South,consumer 
CUST17263,Customer_7263,28,Female,Bengaluru,Rajasthan,West,CORPORATE
CUST17264,Customer_7264,31,Male,Kolkata,Telangana,North,Consumer
CUST17265,Customer_7265,19,male ,Kolkata,Tamil Nadu,West,Corporate
CUST17266,Customer_7266,57,Male,Kolkata,Maharashtra,SOUTH,Consumer
CUST17267,Customer_7267,20,Male,,Delhi,SOUTH,consumer 
CUST17268,Customer_7268,52,male ,Hyderabad,West Bengal,South,Consumer
CUST17269,Customer_7269,50,Other,Chennai,Uttar Pradesh,West,
CUST17270,Customer_7270,41,Male,Lucknow,Karnataka, north ,Corporate
CUST17271,Customer_7271,36,male ,Pune,Telangana,North,Consumer
CUST17272,Customer_7272,35,Male,Delhi,Tamil Nadu,North,consumer 
CUST17273,Customer_7273,66,male ,Lucknow,Gujarat,South,Small Business
CUST17274,Customer_7274,69,Female,Delhi,Maharashtra, north ,Small Business
CUST17275,Customer_7275,41,Male,Mumbai,Maharashtra,East,Consumer
CUST17276,Customer_7276,62,Male,Delhi,Gujarat,East,Consumer
CUST17277,Customer_7277,52,Male,Delhi,Delhi,West,consumer 
CUST17278,Customer_7278,18,Female,Delhi,Rajasthan,East,Corporate
CUST17279,Customer_7279,53,Male,Delhi,West Bengal,North,Consumer
CUST17280,Customer_7280,42,Female,Hyderabad,Telangana,East,Consumer
CUST17281,Customer_7281,62,,Bengaluru,Tamil Nadu,West,Corporate
CUST17282,Customer_7282,66,Male,Mumbai,Gujarat,West,Consumer
CUST17283,Customer_7283,60,Female,Kolkata,Maharashtra,West,Consumer
CUST17284,Customer_7284,51,Female,Mumbai,Maharashtra,East,Consumer
CUST17285,Customer_7285,42,Other,Delhi,Tamil Nadu, north ,Corporate
CUST17286,Customer_7286,33,Female,Hyderabad,Telangana,East,Consumer
CUST17287,Customer_7287,51,Female,Bengaluru,West Bengal,East,Consumer
CUST17288,Customer_7288,46,Female,Bengaluru,Gujarat,West,Consumer
CUST17289,Customer_7289,36,Male,Hyderabad,Gujarat,West,Small Business
CUST17290,Customer_7290,40,Male,Kolkata,Maharashtra,West,Small Business
CUST17291,Customer_7291,36,Female,Pune,Karnataka,North,Small Business
CUST17292,Customer_7292,42,Male,Ahmedabad,Maharashtra,South,Corporate
CUST17293,Customer_7293,33,Female,Chennai,Gujarat,North,Small Business
CUST17294,Customer_7294,68,Male,Chennai,Telangana,South,Corporate
CUST17295,Customer_7295,26,Female,Mumbai,Telangana,East,Corporate
CUST17296,Customer_7296,18,Male,Jaipur,Uttar Pradesh,West,Consumer
CUST17297,Customer_7297,59,Other,Mumbai,Tamil Nadu,East,Consumer
CUST17298,Customer_7298,36, FEMALE,Chennai,Maharashtra,North,Consumer
CUST17299,Customer_7299,50,Male,Hyderabad,Telangana,South,Small Business
CUST17300,Customer_7300,51,Male,Kolkata,West Bengal,East,CORPORATE
CUST17301,Customer_7301,33,Female,Ahmedabad,Rajasthan,West,Consumer
CUST17302,Customer_7302,61,Male,Ahmedabad,Rajasthan, north ,Corporate
CUST17303,Customer_7303,57,Male,Mumbai,Maharashtra,SOUTH,Consumer
CUST17304,Customer_7304,35,Male,Bengaluru,Karnataka, north ,Corporate
CUST17305,Customer_7305,51,Other,Lucknow,Uttar Pradesh,East,Consumer
CUST17306,Customer_7306,42, FEMALE,Chennai,Gujarat,West,Consumer
CUST17307,Customer_7307,62,Female,Chennai,Delhi,South,Consumer
CUST17308,Customer_7308,23,Female,Jaipur,Delhi,North,consumer 
CUST17309,Customer_7309,38,Other,Pune,Rajasthan,North,Consumer
CUST17310,Customer_7310,23,Other,Ahmedabad,Tamil Nadu,South,Corporate
CUST17311,Customer_7311,49,Other,Pune,Maharashtra,North,CORPORATE
CUST17312,Customer_7312,58,Male,Chennai,Tamil Nadu, north ,Corporate
CUST17313,Customer_7313,65,Male,Pune,,East,Corporate
CUST17314,Customer_7314,60,Female,Lucknow,West Bengal,West,Consumer
CUST17315,Customer_7315,56,Female,Pune,Telangana,SOUTH,Corporate
CUST17316,Customer_7316,48,Male,Kolkata,Uttar Pradesh,,Corporate
CUST17317,Customer_7317,59,Male,Ahmedabad,Maharashtra,SOUTH,Small Business
CUST17318,Customer_7318,27, FEMALE,Pune,Telangana,West,Corporate
CUST17319,Customer_7319,47, FEMALE,Hyderabad,Tamil Nadu,South,Corporate
CUST17320,Customer_7320,69,Male,Kolkata,Tamil Nadu,East,CORPORATE
CUST17321,Customer_7321,35, FEMALE,Kolkata,Gujarat,West,Small Business
CUST17322,Customer_7322,41,Female,Delhi,Karnataka, north ,Corporate
CUST17323,Customer_7323,69,male ,Chennai,Delhi,SOUTH,Corporate
CUST17324,Customer_7324,26,Female,Jaipur,Gujarat,West,Small Business
CUST17325,Customer_7325,48,Male,Chennai,Maharashtra,East,Small Business
CUST17326,Customer_7326,32,Female,Jaipur,Telangana,SOUTH,Consumer
CUST17327,Customer_7327,21,Female,Chennai,Tamil Nadu,SOUTH,Corporate
CUST17328,Customer_7328,57,Female,,,East,Consumer
CUST17329,Customer_7329,26,Male,Bengaluru,Tamil Nadu,West,Consumer
CUST17330,Customer_7330,62,,Delhi,Telangana,West,CORPORATE
CUST17331,Customer_7331,26,Male,Hyderabad,West Bengal,South,Consumer
CUST17332,Customer_7332,43,Male,Pune,,West,Consumer
CUST17333,Customer_7333,21,Female,Bengaluru,Uttar Pradesh,North,Consumer
CUST17334,Customer_7334,34,Female,Bengaluru,Maharashtra,East,Consumer
CUST17335,Customer_7335,33,Female,Kolkata,Uttar Pradesh,East,Consumer
CUST17336,Customer_7336,32,male ,Hyderabad,Gujarat,West,Consumer
CUST17337,Customer_7337,52,Female,Kolkata,Rajasthan,North,Small Business
CUST17338,Customer_7338,69,Female,Jaipur,Rajasthan,North,consumer 
CUST17339,Customer_7339,22,Female,Jaipur,Telangana, north ,Consumer
CUST17340,Customer_7340,22,Male,Hyderabad,Rajasthan,South,Small Business
CUST17341,Customer_7341,37,Female,Pune,Uttar Pradesh,South,Consumer
CUST17342,Customer_7342,32, FEMALE,Hyderabad,Maharashtra,West,Consumer
CUST17343,Customer_7343,35,Male,Ahmedabad,Karnataka,South,
CUST17344,Customer_7344,64,Female,Ahmedabad,Maharashtra,West,Consumer
CUST17345,Customer_7345,19,Other,Bengaluru,Gujarat,South,Consumer
CUST17346,Customer_7346,46,Male,Delhi,Rajasthan,West,Consumer
CUST17347,Customer_7347,30,Female,Mumbai,Telangana,East,CORPORATE
CUST17348,Customer_7348,21,,Hyderabad,Uttar Pradesh,SOUTH,Consumer
CUST17349,Customer_7349,59,Male,Pune,Rajasthan,South,Consumer
CUST17350,Customer_7350,62,Male,Kolkata,Gujarat,South,Corporate
CUST17351,Customer_7351,27, FEMALE,Bengaluru,Delhi,SOUTH,Consumer
CUST17352,Customer_7352,48, FEMALE,Kolkata,Tamil Nadu,West,Consumer
CUST17353,Customer_7353,58,Female,Ahmedabad,Rajasthan,West,Consumer
CUST17354,Customer_7354,25,Female,Kolkata,Maharashtra,South,Corporate
CUST17355,Customer_7355,20,male ,Mumbai,Karnataka,,Corporate
CUST17356,Customer_7356,65,Female,Pune,Telangana,South,Small Business
CUST17357,Customer_7357,63,Male,Pune,Uttar Pradesh,South,Consumer
CUST17358,Customer_7358,26,Male,Ahmedabad,Tamil Nadu,East,Corporate
CUST17359,Customer_7359,47,Female,Hyderabad,Tamil Nadu,,Corporate
CUST17360,Customer_7360,28, FEMALE,Hyderabad,Telangana,North,Consumer
CUST17361,Customer_7361,52, FEMALE,Pune,Maharashtra,South,Corporate
CUST17362,Customer_7362,54,Other,Chennai,Gujarat,South,Small Business
CUST17363,Customer_7363,59, FEMALE,Jaipur,Karnataka,West,
CUST17364,Customer_7364,30,Female,Delhi,West Bengal,East,Corporate
CUST17365,Customer_7365,53,Female,Pune,Maharashtra,South,consumer 
CUST17366,Customer_7366,30,male ,Mumbai,Telangana, north ,Small Business
CUST17367,Customer_7367,29,Female,Bengaluru,Gujarat,South,CORPORATE
CUST17368,Customer_7368,54,Female,Kolkata,,South,Small Business
CUST17369,Customer_7369,27,Male,Mumbai,Telangana,North,Consumer
CUST17370,Customer_7370,26,Other,Bengaluru,Maharashtra,North,Consumer
CUST17371,Customer_7371,69,Female,Kolkata,Karnataka,North,Small Business
CUST17372,Customer_7372,24,Male,Kolkata,Karnataka,South,Corporate
CUST17373,Customer_7373,19,Female,Delhi,Rajasthan,East,Consumer
CUST17374,Customer_7374,40,Female,Pune,Tamil Nadu,North,Corporate
CUST17375,Customer_7375,56,Male,Mumbai,Uttar Pradesh,North,consumer 
CUST17376,Customer_7376,57,male ,Bengaluru,Rajasthan,North,Consumer
CUST17377,Customer_7377,56,Male,Chennai,Karnataka,South,Corporate
CUST17378,Customer_7378,38,Male,Delhi,Uttar Pradesh,North,Corporate
CUST17379,Customer_7379,40,Female,,Gujarat,North,Consumer
CUST17380,Customer_7380,46,Female,Mumbai,West Bengal,,Consumer
CUST17381,Customer_7381,31,Other,Jaipur,Gujarat,East,consumer 
CUST17382,Customer_7382,43,male ,Lucknow,Uttar Pradesh,West,CORPORATE
CUST17383,Customer_7383,68,Other,,West Bengal,West,consumer 
CUST17384,Customer_7384,22,Male,Hyderabad,Gujarat,West,Consumer
CUST17385,Customer_7385,48,Male,Ahmedabad,West Bengal,West,Consumer
CUST17386,Customer_7386,42,Female,Ahmedabad,Tamil Nadu,West,CORPORATE
CUST17387,Customer_7387,48,Male,Mumbai,Karnataka,West,consumer 
CUST17388,Customer_7388,67,male ,Chennai,Gujarat,SOUTH,Small Business
CUST17389,Customer_7389,37,Female,,Maharashtra,North,Consumer
CUST17390,Customer_7390,61,Other,Pune,Tamil Nadu,South,Corporate
CUST17391,Customer_7391,34,Male,Pune,Tamil Nadu,North,Small Business
CUST17392,Customer_7392,62,Female,Mumbai,Tamil Nadu,West,Corporate
CUST17393,Customer_7393,19,Female,Lucknow,Rajasthan,South,Corporate
CUST17394,Customer_7394,42,Male,Delhi,Tamil Nadu, north ,Small Business
CUST17395,Customer_7395,30,Female,Lucknow,Karnataka,South,Small Business
CUST17396,Customer_7396,56,Female,Delhi,Gujarat,South,Consumer
CUST17397,Customer_7397,45,Female,Kolkata,Rajasthan,South,Consumer
CUST17398,Customer_7398,59,Male,Delhi,Gujarat,,Small Business
CUST17399,Customer_7399,23,Male,Bengaluru,Karnataka,,Consumer
CUST17400,Customer_7400,20,Female,Jaipur,West Bengal,South,consumer 
CUST17401,Customer_7401,52,Male,Bengaluru,Rajasthan,West,Small Business
CUST17402,Customer_7402,35,Male,Chennai,Telangana,North,consumer 
CUST17403,Customer_7403,28,Male,Ahmedabad,Uttar Pradesh,East,Consumer
CUST17404,Customer_7404,37,Male,Delhi,Delhi,East,Consumer
CUST17405,Customer_7405,22,Female,Lucknow,West Bengal, north ,Consumer
CUST17406,Customer_7406,36,Male,Delhi,West Bengal, north ,Corporate
CUST17407,Customer_7407,39,Female,Mumbai,Tamil Nadu,East,Consumer
CUST17408,Customer_7408,36,Female,Delhi,West Bengal,North,Consumer
CUST17409,Customer_7409,64,Female,,Maharashtra, north ,Consumer
CUST17410,Customer_7410,33,male ,Mumbai,Rajasthan,North,Corporate
CUST17411,Customer_7411,41,Female,Ahmedabad,Karnataka,East,Corporate
CUST17412,Customer_7412,58,Female,,Telangana,North,Consumer
CUST17413,Customer_7413,21,male ,Hyderabad,Karnataka,South,Consumer
CUST17414,Customer_7414,32,Female,Kolkata,Tamil Nadu,West,CORPORATE
CUST17415,Customer_7415,42,Female,Jaipur,West Bengal,South,Consumer
CUST17416,Customer_7416,61,Female,Hyderabad,Uttar Pradesh,SOUTH,Consumer
CUST17417,Customer_7417,52,Female,Mumbai,Tamil Nadu,West,Consumer
CUST17418,Customer_7418,31,male ,Hyderabad,Karnataka,West,Consumer
CUST17419,Customer_7419,66,Male,Jaipur,Tamil Nadu,South,Consumer
CUST17420,Customer_7420,36,Male,Jaipur,Rajasthan,North,Corporate
CUST17421,Customer_7421,55,Male,Mumbai,Karnataka,West,
CUST17422,Customer_7422,53,Male,Mumbai,Telangana,West,Consumer
CUST17423,Customer_7423,24,Male,Ahmedabad,West Bengal,East,Small Business
CUST17424,Customer_7424,47,Female,Delhi,Karnataka,,consumer 
CUST17425,Customer_7425,36,male ,,Maharashtra,East,Consumer
CUST17426,Customer_7426,66,male ,Delhi,Maharashtra,West,Consumer
CUST17427,Customer_7427,42,Male,Lucknow,Karnataka,West,Corporate
CUST17428,Customer_7428,33,,Ahmedabad,Delhi,West,consumer 
CUST17429,Customer_7429,64,Female,,West Bengal, north ,Consumer
CUST17430,Customer_7430,57,Female,,Maharashtra,East,Corporate
CUST17431,Customer_7431,68,male ,Chennai,Telangana,North,Small Business
CUST17432,Customer_7432,25,Female,Bengaluru,Karnataka,East,Corporate
CUST17433,Customer_7433,35,Female,Hyderabad,West Bengal,East,Corporate
CUST17434,Customer_7434,45,Male,Kolkata,Gujarat,North,Corporate
CUST17435,Customer_7435,33,Female,Mumbai,West Bengal,South,Corporate
CUST17436,Customer_7436,69, FEMALE,Hyderabad,Tamil Nadu,West,Small Business
CUST17437,Customer_7437,36,Female,Jaipur,Rajasthan,West,Consumer
CUST17438,Customer_7438,59,Female,Kolkata,Delhi, north ,Corporate
CUST17439,Customer_7439,34,Female,Bengaluru,Maharashtra, north ,Consumer
CUST17440,Customer_7440,62, FEMALE,Kolkata,Delhi,North,
CUST17441,Customer_7441,30,Male,Jaipur,Delhi,East,Consumer
CUST17442,Customer_7442,24,Female,Pune,Karnataka,,Consumer
CUST17443,Customer_7443,44,Male,Mumbai,Tamil Nadu,South,Consumer
CUST17444,Customer_7444,27,Female,,Maharashtra,North,CORPORATE
CUST17445,Customer_7445,51,Female,Lucknow,Gujarat,North,Corporate
CUST17446,Customer_7446,53,Male,Lucknow,Gujarat,North,Consumer
CUST17447,Customer_7447,42,Female,Kolkata,,West,CORPORATE
CUST17448,Customer_7448,23,Female,Delhi,Delhi,North,consumer 
CUST17449,Customer_7449,41,Male,Pune,Gujarat,South,Consumer
CUST17450,Customer_7450,35,Female,Lucknow,Uttar Pradesh,North,Corporate
CUST17451,Customer_7451,40,Male,Hyderabad,Gujarat,West,consumer 
CUST17452,Customer_7452,23,Female,Mumbai,Tamil Nadu,North,Consumer
CUST17453,Customer_7453,46,Female,Pune,Uttar Pradesh,North,Consumer
CUST17454,Customer_7454,42,Female,Lucknow,Delhi,South,Small Business
CUST17455,Customer_7455,34,male ,Delhi,Delhi,South,Small Business
CUST17456,Customer_7456,63,Female,Pune,Maharashtra,South,Consumer
CUST17457,Customer_7457,41,Male,Kolkata,Gujarat,West,Consumer
CUST17458,Customer_7458,28,Other,Pune,Delhi,North,consumer 
CUST17459,Customer_7459,43,Female,Kolkata,Maharashtra,North,Consumer
CUST17460,Customer_7460,68,Male,Kolkata,Gujarat,South,consumer 
CUST17461,Customer_7461,51,male ,Mumbai,Maharashtra, north ,Consumer
CUST17462,Customer_7462,45,Male,Mumbai,Gujarat,North,Corporate
CUST17463,Customer_7463,20,Female,Pune,Uttar Pradesh,,Corporate
CUST17464,Customer_7464,28,Female,Delhi,Delhi,West,Consumer
CUST17465,Customer_7465,55,Female,Kolkata,Delhi,South,Consumer
CUST17466,Customer_7466,31, FEMALE,Kolkata,Tamil Nadu,West,Consumer
CUST17467,Customer_7467,68,Female,Mumbai,,East,Corporate
CUST17468,Customer_7468,43,Male,Pune,Gujarat,East,Consumer
CUST17469,Customer_7469,65,Other,Chennai,Karnataka,East,Consumer
CUST17470,Customer_7470,38,Other,Bengaluru,Telangana,West,Consumer
CUST17471,Customer_7471,56,Female,Chennai,Telangana,North,Consumer
CUST17472,Customer_7472,47,Female,Ahmedabad,Uttar Pradesh,East,Corporate
CUST17473,Customer_7473,25,Male,Hyderabad,Karnataka,West,Consumer
CUST17474,Customer_7474,68,male ,Pune,Maharashtra,South,Consumer
CUST17475,Customer_7475,37,Male,Delhi,Uttar Pradesh,,Corporate
CUST17476,Customer_7476,65,Male,Delhi,Telangana,North,Corporate
CUST17477,Customer_7477,49,Female,Delhi,Delhi,SOUTH,Consumer
CUST17478,Customer_7478,39,Male,Jaipur,Uttar Pradesh,West,Consumer
CUST17479,Customer_7479,24,Male,Hyderabad,West Bengal,West,Small Business
CUST17480,Customer_7480,26,Female,Mumbai,Tamil Nadu, north ,consumer 
CUST17481,Customer_7481,62,Male,Jaipur,Rajasthan,West,Consumer
CUST17482,Customer_7482,18,Male,Mumbai,Tamil Nadu,South,Consumer
CUST17483,Customer_7483,46,Male,Bengaluru,Rajasthan,West,Small Business
CUST17484,Customer_7484,25,Male,Hyderabad,Gujarat,North,
CUST17485,Customer_7485,21,Female,Bengaluru,West Bengal,East,Consumer
CUST17486,Customer_7486,52,male ,Pune,Rajasthan,SOUTH,Small Business
CUST17487,Customer_7487,20,Female,Bengaluru,West Bengal,South,Consumer
CUST17488,Customer_7488,62,Female,Hyderabad,Tamil Nadu,North,Consumer
CUST17489,Customer_7489,57,Male,Ahmedabad,Maharashtra,East,Small Business
CUST17490,Customer_7490,24,Male,Ahmedabad,Karnataka,South,Consumer
CUST17491,Customer_7491,44,Male,Lucknow,Rajasthan,South,Consumer
CUST17492,Customer_7492,18,Female,Ahmedabad,Telangana,East,Consumer
CUST17493,Customer_7493,44,Female,Pune,Telangana,West,consumer 
CUST17494,Customer_7494,33,Female,Kolkata,Uttar Pradesh,South,consumer 
CUST17495,Customer_7495,55,Female,Pune,Delhi,East,Consumer
CUST17496,Customer_7496,24,Male,Jaipur,Rajasthan,,Corporate
CUST17497,Customer_7497,61,male ,Pune,Tamil Nadu,SOUTH,Consumer
CUST17498,Customer_7498,40,Male,Delhi,Telangana,West,Corporate
CUST17499,Customer_7499,58,Female,Lucknow,Karnataka,North,consumer 
CUST17500,Customer_7500,28,Female,Jaipur,Maharashtra,South,Consumer
CUST17501,Customer_7501,59,Female,Lucknow,Karnataka, north ,Consumer
CUST17502,Customer_7502,50, FEMALE,Mumbai,Telangana,South,Small Business
CUST17503,Customer_7503,67,Other,Bengaluru,Telangana,SOUTH,Small Business
CUST17504,Customer_7504,53,Female,Bengaluru,Rajasthan,East,Consumer
CUST17505,Customer_7505,54,Female,Chennai,Telangana, north ,consumer 
CUST17506,Customer_7506,58,Male,Mumbai,Uttar Pradesh,North,CORPORATE
CUST17507,Customer_7507,34,Other,Hyderabad,West Bengal,South,Consumer
CUST17508,Customer_7508,52,Female,Mumbai,Maharashtra,West,Consumer
CUST17509,Customer_7509,65,Male,Bengaluru,Karnataka, north ,Corporate
CUST17510,Customer_7510,22,Female,Kolkata,Delhi,East,Small Business
CUST17511,Customer_7511,65,Male,Lucknow,Gujarat,North,Consumer
CUST17512,Customer_7512,49,Female,Delhi,Gujarat, north ,Consumer
CUST17513,Customer_7513,20,Female,Pune,Delhi,East,Consumer
CUST17514,Customer_7514,69,Male,Delhi,West Bengal,North,Consumer
CUST17515,Customer_7515,64,Male,Delhi,Gujarat,East,Small Business
CUST17516,Customer_7516,52,Other,Kolkata,Uttar Pradesh,West,Consumer
CUST17517,Customer_7517,69,male ,Jaipur,Tamil Nadu,South,Small Business
CUST17518,Customer_7518,31,male ,Lucknow,Karnataka, north ,Consumer
CUST17519,Customer_7519,65,Male,Chennai,Karnataka,South,
CUST17520,Customer_7520,48,male ,Lucknow,Uttar Pradesh,East,Corporate
CUST17521,Customer_7521,48,Female,Mumbai,Uttar Pradesh,North,Consumer
CUST17522,Customer_7522,34,Male,Bengaluru,Tamil Nadu,East,Small Business
CUST17523,Customer_7523,41,Male,Mumbai,Maharashtra,North,Consumer
CUST17524,Customer_7524,69,Male,Lucknow,Gujarat,North,Corporate
CUST17525,Customer_7525,40,Male,Mumbai,Gujarat,South,CORPORATE
CUST17526,Customer_7526,35,,Mumbai,Maharashtra,North,Corporate
CUST17527,Customer_7527,67,Male,Pune,Delhi,North,Small Business
CUST17528,Customer_7528,31,Female,Delhi,Tamil Nadu,South,Consumer
CUST17529,Customer_7529,67,Female,Delhi,Karnataka,North,Small Business
CUST17530,Customer_7530,32,Male,Delhi,Karnataka,North,Consumer
CUST17531,Customer_7531,32,Female,Delhi,Delhi,SOUTH,consumer 
CUST17532,Customer_7532,23,Male,Kolkata,Gujarat,South,Consumer
CUST17533,Customer_7533,44,male ,Pune,Uttar Pradesh,South,Consumer
CUST17534,Customer_7534,32,Male,Mumbai,Maharashtra,South,CORPORATE
CUST17535,Customer_7535,67,Female,Mumbai,Gujarat,East,Consumer
CUST17536,Customer_7536,53,Female,Lucknow,Rajasthan,East,Consumer
CUST17537,Customer_7537,25, FEMALE,Chennai,Karnataka,South,Corporate
CUST17538,Customer_7538,32,male ,Kolkata,Gujarat,South,
CUST17539,Customer_7539,20,Female,Chennai,West Bengal,West,Small Business
CUST17540,Customer_7540,64,Female,Mumbai,Gujarat,SOUTH,Consumer
CUST17541,Customer_7541,30,Female,Ahmedabad,Tamil Nadu, north ,Small Business
CUST17542,Customer_7542,58,male ,Pune,Tamil Nadu,,Consumer
CUST17543,Customer_7543,51, FEMALE,Mumbai,Karnataka,West,
CUST17544,Customer_7544,41,Male,Hyderabad,Telangana,North,Corporate
CUST17545,Customer_7545,57,Female,Bengaluru,West Bengal,West,Corporate
CUST17546,Customer_7546,49,male ,Mumbai,Gujarat,East,Corporate
CUST17547,Customer_7547,49,Female,Ahmedabad,West Bengal,East,Corporate
CUST17548,Customer_7548,47,Male,Ahmedabad,Maharashtra,East,Small Business
CUST17549,Customer_7549,69,Female,Mumbai,Delhi,West,Consumer
CUST17550,Customer_7550,66,Female,Hyderabad,Gujarat,West,Consumer
CUST17551,Customer_7551,30,,Jaipur,Telangana,North,Consumer
CUST17552,Customer_7552,18,Female,Mumbai,Karnataka,West,Consumer
CUST17553,Customer_7553,51,Male,Pune,Uttar Pradesh,West,Consumer
CUST17554,Customer_7554,32,Male,Kolkata,Gujarat,North,Consumer
CUST17555,Customer_7555,61,Male,Kolkata,Uttar Pradesh,,CORPORATE
CUST17556,Customer_7556,31,Female,Kolkata,Maharashtra,West,Consumer
CUST17557,Customer_7557,46,Female,Kolkata,Telangana,East,CORPORATE
CUST17558,Customer_7558,51,Male,Ahmedabad,Uttar Pradesh,West,consumer 
CUST17559,Customer_7559,35,Female,Bengaluru,Gujarat,East,Small Business
CUST17560,Customer_7560,24,Female,Ahmedabad,,,Consumer
CUST17561,Customer_7561,46,Male,Delhi,Tamil Nadu,SOUTH,Consumer
CUST17562,Customer_7562,48,Male,Bengaluru,Uttar Pradesh,South,
CUST17563,Customer_7563,42,,Delhi,Delhi,South,consumer 
CUST17564,Customer_7564,55,Male,Kolkata,Karnataka,South,CORPORATE
CUST17565,Customer_7565,31,male ,Delhi,Telangana,North,
CUST17566,Customer_7566,25,Female,Lucknow,,South,Consumer
CUST17567,Customer_7567,44,male ,Kolkata,Delhi,,Corporate
CUST17568,Customer_7568,19,male ,Delhi,Karnataka, north ,Small Business
CUST17569,Customer_7569,34,Female,Jaipur,Gujarat, north ,Consumer
CUST17570,Customer_7570,54, FEMALE,Ahmedabad,Karnataka,North,Consumer
CUST17571,Customer_7571,31,Other,Kolkata,Maharashtra,West,Consumer
CUST17572,Customer_7572,42,Female,Delhi,Uttar Pradesh,East,Consumer
CUST17573,Customer_7573,47,Male,Lucknow,Uttar Pradesh,,Consumer
CUST17574,Customer_7574,46,Female,Jaipur,Tamil Nadu,East,Consumer
CUST17575,Customer_7575,37,Female,Hyderabad,Gujarat, north ,Corporate
CUST17576,Customer_7576,38,Female,Bengaluru,Maharashtra,South,Corporate
CUST17577,Customer_7577,39,Male,Chennai,Gujarat,,Consumer
CUST17578,Customer_7578,52,Male,Ahmedabad,Uttar Pradesh,East,Small Business
CUST17579,Customer_7579,54,Female,Bengaluru,Telangana,East,consumer 
CUST17580,Customer_7580,33,Male,Delhi,Uttar Pradesh,South,Consumer
CUST17581,Customer_7581,67,Female,Ahmedabad,Maharashtra,North,Consumer
CUST17582,Customer_7582,66,Female,Delhi,Maharashtra,East,Consumer
CUST17583,Customer_7583,60,Female,Ahmedabad,Gujarat,East,Small Business
CUST17584,Customer_7584,34,Male,Bengaluru,Delhi,East,Corporate
CUST17585,Customer_7585,33,Male,Chennai,Delhi,East,Corporate
CUST17586,Customer_7586,19,Male,Mumbai,Telangana, north ,Consumer
CUST17587,Customer_7587,21,Male,Ahmedabad,Maharashtra,South,Consumer
CUST17588,Customer_7588,38,Female,,Gujarat,East,CORPORATE
CUST17589,Customer_7589,56,Female,Ahmedabad,Gujarat,West,Consumer
CUST17590,Customer_7590,51,Male,Kolkata,Tamil Nadu,North,Corporate
CUST17591,Customer_7591,47,Male,Mumbai,Telangana,SOUTH,Consumer
CUST17592,Customer_7592,23,Male,Bengaluru,Tamil Nadu,West,Consumer
CUST17593,Customer_7593,34,,Chennai,Maharashtra,North,Consumer
CUST17594,Customer_7594,56,Female,Pune,Karnataka, north ,Corporate
CUST17595,Customer_7595,42, FEMALE,Ahmedabad,Maharashtra,SOUTH,Consumer
CUST17596,Customer_7596,22, FEMALE,Hyderabad,Telangana,West,Consumer
CUST17597,Customer_7597,22,Female,Kolkata,West Bengal,South,Small Business
CUST17598,Customer_7598,37,Female,Ahmedabad,Gujarat,,Consumer
CUST17599,Customer_7599,33,Male,Mumbai,Uttar Pradesh,North,Corporate
CUST17600,Customer_7600,68,Female,Ahmedabad,Uttar Pradesh,East,CORPORATE
CUST17601,Customer_7601,58,Male,Hyderabad,Karnataka,North,Consumer
CUST17602,Customer_7602,54,male ,Jaipur,Gujarat,South,Consumer
CUST17603,Customer_7603,57,Male,Bengaluru,Gujarat,SOUTH,consumer 
CUST17604,Customer_7604,26,male ,Bengaluru,Gujarat,West,Corporate
CUST17605,Customer_7605,22,Male,Delhi,Delhi,West,CORPORATE
CUST17606,Customer_7606,59, FEMALE,Ahmedabad,West Bengal,South,Small Business
CUST17607,Customer_7607,19,Male,Lucknow,Rajasthan,SOUTH,Consumer
CUST17608,Customer_7608,26,Female,Delhi,Karnataka,South,Corporate
CUST17609,Customer_7609,60,Female,,,North,Consumer
CUST17610,Customer_7610,53,Male,Pune,Karnataka,West,Consumer
CUST17611,Customer_7611,39,Female,Lucknow,Maharashtra,South,Corporate
CUST17612,Customer_7612,39,Other,Delhi,Tamil Nadu,North,Corporate
CUST17613,Customer_7613,39,Male,Hyderabad,Karnataka,SOUTH,Corporate
CUST17614,Customer_7614,51,Other,Kolkata,Gujarat,West,Small Business
CUST17615,Customer_7615,46,Female,Delhi,Telangana,SOUTH,Consumer
CUST17616,Customer_7616,55,male ,Chennai,Telangana,East,Consumer
CUST17617,Customer_7617,63,Female,Hyderabad,West Bengal,,Consumer
CUST17618,Customer_7618,50,Female,Mumbai,Delhi,North,Small Business
CUST17619,Customer_7619,35, FEMALE,Bengaluru,Uttar Pradesh, north ,Consumer
CUST17620,Customer_7620,24,Female,Ahmedabad,Uttar Pradesh,North,Consumer
CUST17621,Customer_7621,18,Female,Bengaluru,Tamil Nadu,East,Consumer
CUST17622,Customer_7622,50,Male,Mumbai,Gujarat,South,Corporate
CUST17623,Customer_7623,18,Male,Chennai,West Bengal,West,Consumer
CUST17624,Customer_7624,41,Female,Kolkata,Rajasthan,South,Consumer
CUST17625,Customer_7625,21,Female,Jaipur,Gujarat,North,Consumer
CUST17626,Customer_7626,21,Female,Jaipur,Rajasthan,West,Small Business
CUST17627,Customer_7627,35,Male,Delhi,Telangana,South,Small Business
CUST17628,Customer_7628,44,Female,Hyderabad,Delhi,East,Consumer
CUST17629,Customer_7629,60,Male,Jaipur,Uttar Pradesh,West,Small Business
CUST17630,Customer_7630,49,Female,Ahmedabad,Gujarat,West,Consumer
CUST17631,Customer_7631,50, FEMALE,Pune,Tamil Nadu,South,Small Business
CUST17632,Customer_7632,45,male ,Delhi,Karnataka,West,Corporate
CUST17633,Customer_7633,59,Male,Hyderabad,Tamil Nadu,SOUTH,Consumer
CUST17634,Customer_7634,58, FEMALE,Delhi,Uttar Pradesh,East,Consumer
CUST17635,Customer_7635,53,Female,Jaipur,Delhi,West,Small Business
CUST17636,Customer_7636,23,Female,Delhi,Gujarat, north ,Consumer
CUST17637,Customer_7637,33,Male,Mumbai,Gujarat, north ,consumer 
CUST17638,Customer_7638,51,Female,Hyderabad,Tamil Nadu,South,Small Business
CUST17639,Customer_7639,40,Male,Chennai,Maharashtra,,Small Business
CUST17640,Customer_7640,67,Female,,Rajasthan,North,Small Business
CUST17641,Customer_7641,59,Male,Chennai,Maharashtra,,Consumer
CUST17642,Customer_7642,41,Male,Jaipur,Tamil Nadu,South,
CUST17643,Customer_7643,66,Male,Hyderabad,Delhi,,consumer 
CUST17644,Customer_7644,30,Male,Pune,West Bengal, north ,Corporate
CUST17645,Customer_7645,35,Male,Bengaluru,Karnataka,South,Small Business
CUST17646,Customer_7646,30,Female,Hyderabad,Uttar Pradesh,North,Small Business
CUST17647,Customer_7647,66,Male,Pune,Uttar Pradesh,West,Small Business
CUST17648,Customer_7648,54,Female,Chennai,,West,Consumer
CUST17649,Customer_7649,60,Male,Jaipur,Karnataka,North,Consumer
CUST17650,Customer_7650,56,Other,Pune,Delhi,South,Small Business
CUST17651,Customer_7651,59,Other,Lucknow,Telangana,East,Small Business
CUST17652,Customer_7652,34,Male,,Delhi,South,Corporate
CUST17653,Customer_7653,32,Female,Chennai,Maharashtra,East,Consumer
CUST17654,Customer_7654,35,Male,Kolkata,West Bengal,North,CORPORATE
CUST17655,Customer_7655,40,Other,Mumbai,West Bengal,South,Consumer
CUST17656,Customer_7656,68,Female,Hyderabad,Delhi,West,Small Business
CUST17657,Customer_7657,47,Male,Pune,Telangana, north ,Consumer
CUST17658,Customer_7658,51,Male,Delhi,Tamil Nadu,East,Consumer
CUST17659,Customer_7659,21,Male,Hyderabad,Karnataka,North,Corporate
CUST17660,Customer_7660,20,Female,Pune,Gujarat,West,Small Business
CUST17661,Customer_7661,24,Female,Ahmedabad,Maharashtra, north ,
CUST17662,Customer_7662,35,Female,Ahmedabad,Karnataka,East,Consumer
CUST17663,Customer_7663,59,Female,Bengaluru,Maharashtra,East,consumer 
CUST17664,Customer_7664,24,Male,Chennai,Maharashtra,,Corporate
CUST17665,Customer_7665,57,Male,Delhi,Gujarat,West,Consumer
CUST17666,Customer_7666,23,Male,Bengaluru,Karnataka,West,Small Business
CUST17667,Customer_7667,39,male ,Jaipur,Uttar Pradesh,West,Consumer
CUST17668,Customer_7668,18,Male,Mumbai,Telangana,North,consumer 
CUST17669,Customer_7669,21,Female,Bengaluru,West Bengal,South,Consumer
CUST17670,Customer_7670,63,Male,Ahmedabad,Gujarat,West,Small Business
CUST17671,Customer_7671,66,Male,Lucknow,Gujarat,South,Consumer
CUST17672,Customer_7672,69,Female,Jaipur,Delhi,South,Consumer
CUST17673,Customer_7673,67,Female,Ahmedabad,Gujarat,North,Consumer
CUST17674,Customer_7674,60,Female,Jaipur,Telangana,,Corporate
CUST17675,Customer_7675,46,Female,Mumbai,Karnataka, north ,Consumer
CUST17676,Customer_7676,38,Female,Chennai,Rajasthan,East,Consumer
CUST17677,Customer_7677,43,Male,Hyderabad,Gujarat,West,Consumer
CUST17678,Customer_7678,31,Female,Bengaluru,Delhi,North,Corporate
CUST17679,Customer_7679,26,Female,Lucknow,Uttar Pradesh,East,Small Business
CUST17680,Customer_7680,64,Male,Chennai,Maharashtra,South,CORPORATE
CUST17681,Customer_7681,29,Female,Delhi,Telangana,West,Corporate
CUST17682,Customer_7682,59,Male,Bengaluru,Gujarat,East,Consumer
CUST17683,Customer_7683,68,Male,Mumbai,Tamil Nadu,East,CORPORATE
CUST17684,Customer_7684,68,Female,Ahmedabad,Delhi,South,CORPORATE
CUST17685,Customer_7685,23, FEMALE,Kolkata,Tamil Nadu,North,Consumer
CUST17686,Customer_7686,37, FEMALE,Pune,Uttar Pradesh,SOUTH,Corporate
CUST17687,Customer_7687,41,Male,Chennai,Tamil Nadu,North,Small Business
CUST17688,Customer_7688,44,Female,Kolkata,Maharashtra,South,Small Business
CUST17689,Customer_7689,55,Female,Jaipur,Telangana,South,Small Business
CUST17690,Customer_7690,25,Male,Pune,Gujarat,South,Consumer
CUST17691,Customer_7691,18,male ,Ahmedabad,Rajasthan,East,Consumer
CUST17692,Customer_7692,66,Female,Ahmedabad,Uttar Pradesh,East,Small Business
CUST17693,Customer_7693,66, FEMALE,,Uttar Pradesh,South,Consumer
CUST17694,Customer_7694,41,Male,Kolkata,Delhi,North,Consumer
CUST17695,Customer_7695,64,Male,Ahmedabad,West Bengal,,Corporate
CUST17696,Customer_7696,24,male ,Hyderabad,Telangana,East,Small Business
CUST17697,Customer_7697,36,Female,Lucknow,Maharashtra, north ,Consumer
CUST17698,Customer_7698,39, FEMALE,Ahmedabad,Maharashtra,North,Corporate
CUST17699,Customer_7699,52,Male,Ahmedabad,Uttar Pradesh,West,Consumer
CUST17700,Customer_7700,47,Female,Lucknow,Maharashtra,West,Small Business
CUST17701,Customer_7701,46,Female,Hyderabad,Karnataka,South,Small Business
CUST17702,Customer_7702,39,Male,Mumbai,Karnataka,West,Small Business
CUST17703,Customer_7703,28,Female,Bengaluru,Delhi,West,Consumer
CUST17704,Customer_7704,37,Female,Jaipur,Tamil Nadu,West,Corporate
CUST17705,Customer_7705,46,Male,Mumbai,Uttar Pradesh, north ,Consumer
CUST17706,Customer_7706,68,Male,Chennai,Delhi,South,Corporate
CUST17707,Customer_7707,58,Female,Pune,Maharashtra,South,Consumer
CUST17708,Customer_7708,59,Female,Pune,Uttar Pradesh,East,Small Business
CUST17709,Customer_7709,51, FEMALE,Ahmedabad,West Bengal,North,Consumer
CUST17710,Customer_7710,18,Male,Kolkata,Rajasthan,South,Corporate
CUST17711,Customer_7711,48,Male,Jaipur,Maharashtra, north ,Consumer
CUST17712,Customer_7712,47,,Pune,Uttar Pradesh,East,Corporate
CUST17713,Customer_7713,65,Other,Lucknow,Tamil Nadu,South,Corporate
CUST17714,Customer_7714,35,Male,Bengaluru,West Bengal,South,Consumer
CUST17715,Customer_7715,34,male ,Mumbai,Delhi,South,Consumer
CUST17716,Customer_7716,55,Male,Ahmedabad,Maharashtra,South,Consumer
CUST17717,Customer_7717,31,Male,Kolkata,Uttar Pradesh,West,Corporate
CUST17718,Customer_7718,40,Male,Kolkata,Maharashtra,,consumer 
CUST17719,Customer_7719,42,Male,Chennai,Delhi,East,Small Business
CUST17720,Customer_7720,32,male ,Hyderabad,West Bengal,North,consumer 
CUST17721,Customer_7721,63,Female,Pune,Tamil Nadu,West,CORPORATE
CUST17722,Customer_7722,39,,Mumbai,West Bengal, north ,Consumer
CUST17723,Customer_7723,20,Female,Chennai,West Bengal,SOUTH,Small Business
CUST17724,Customer_7724,36,Female,Chennai,Tamil Nadu,West,Consumer
CUST17725,Customer_7725,61,Female,,Tamil Nadu,,consumer 
CUST17726,Customer_7726,51,,Kolkata,Gujarat,West,Corporate
CUST17727,Customer_7727,52,Female,Ahmedabad,Tamil Nadu,North,Small Business
CUST17728,Customer_7728,67,male ,Kolkata,West Bengal,West,Consumer
CUST17729,Customer_7729,18,Other,Ahmedabad,Karnataka,West,Corporate
CUST17730,Customer_7730,69,Male,Pune,Gujarat,West,Small Business
CUST17731,Customer_7731,38,Female,Pune,Delhi,East,Consumer
CUST17732,Customer_7732,46, FEMALE,Delhi,Tamil Nadu,West,Consumer
CUST17733,Customer_7733,23,Other,Mumbai,Telangana,West,Small Business
CUST17734,Customer_7734,54,Male,Pune,West Bengal,,Consumer
CUST17735,Customer_7735,18,Female,Hyderabad,Telangana, north ,Consumer
CUST17736,Customer_7736,68,Female,Lucknow,Rajasthan,West,Corporate
CUST17737,Customer_7737,18,Male,Pune,Delhi,West,Consumer
CUST17738,Customer_7738,44,Female,Ahmedabad,Telangana,South,Consumer
CUST17739,Customer_7739,38,Male,Ahmedabad,Uttar Pradesh,SOUTH,CORPORATE
CUST17740,Customer_7740,33,Male,Mumbai,Karnataka,East,Consumer
CUST17741,Customer_7741,61,Female,Hyderabad,Delhi,West,Consumer
CUST17742,Customer_7742,57,Female,Kolkata,Tamil Nadu,SOUTH,Consumer
CUST17743,Customer_7743,43,Female,Bengaluru,,SOUTH,Consumer
CUST17744,Customer_7744,33,Female,Bengaluru,Delhi,West,Consumer
CUST17745,Customer_7745,45,Male,Lucknow,Delhi,North,Consumer
CUST17746,Customer_7746,18,Male,,West Bengal,SOUTH,Consumer
CUST17747,Customer_7747,53,Male,Jaipur,Karnataka,,Small Business
CUST17748,Customer_7748,27,Male,Chennai,Telangana,North,Corporate
CUST17749,Customer_7749,60,Female,Hyderabad,Uttar Pradesh,South,Corporate
CUST17750,Customer_7750,34,male ,Chennai,Maharashtra,East,Small Business
CUST17751,Customer_7751,40,Male,Chennai,Rajasthan,North,consumer 
CUST17752,Customer_7752,24,Male,Chennai,Tamil Nadu,North,Corporate
CUST17753,Customer_7753,61,Female,Mumbai,Gujarat,East,Consumer
CUST17754,Customer_7754,24,Male,Ahmedabad,,SOUTH,Consumer
CUST17755,Customer_7755,61,Other,Jaipur,Tamil Nadu,North,Corporate
CUST17756,Customer_7756,32,Female,Kolkata,West Bengal,SOUTH,Consumer
CUST17757,Customer_7757,51,Male,Ahmedabad,Uttar Pradesh, north ,Consumer
CUST17758,Customer_7758,63,Male,Bengaluru,Karnataka, north ,CORPORATE
CUST17759,Customer_7759,62,Female,Delhi,Maharashtra,South,Small Business
CUST17760,Customer_7760,21,Male,Lucknow,Gujarat,East,Consumer
CUST17761,Customer_7761,31,Male,,Telangana,South,Consumer
CUST17762,Customer_7762,31,Male,Pune,Delhi,SOUTH,Consumer
CUST17763,Customer_7763,33,male ,Delhi,Uttar Pradesh,East,Consumer
CUST17764,Customer_7764,24,Female,Jaipur,West Bengal,North,Consumer
CUST17765,Customer_7765,49,Male,Delhi,Maharashtra,South,Corporate
CUST17766,Customer_7766,36,Female,Pune,Delhi,East,CORPORATE
CUST17767,Customer_7767,19,Female,Bengaluru,Karnataka,SOUTH,Small Business
CUST17768,Customer_7768,27,Female,Ahmedabad,Gujarat,East,Consumer
CUST17769,Customer_7769,67,Male,Chennai,Gujarat,West,Consumer
CUST17770,Customer_7770,34,Female,Ahmedabad,Karnataka,North,Corporate
CUST17771,Customer_7771,54,Other,Bengaluru,Uttar Pradesh, north ,Consumer
CUST17772,Customer_7772,29,Male,Hyderabad,Telangana,East,Small Business
CUST17773,Customer_7773,23,Male,Ahmedabad,Rajasthan,SOUTH,Consumer
CUST17774,Customer_7774,39,Male,Mumbai,Karnataka,South,Consumer
CUST17775,Customer_7775,49,Male,Pune,Tamil Nadu,West,Corporate
CUST17776,Customer_7776,58,Male,Hyderabad,Karnataka,East,Consumer
CUST17777,Customer_7777,37,male ,Jaipur,Delhi,North,Corporate
CUST17778,Customer_7778,18,Other,Mumbai,Maharashtra,South,CORPORATE
CUST17779,Customer_7779,64,Male,Hyderabad,Karnataka,North,Small Business
CUST17780,Customer_7780,23,Female,Kolkata,,South,Small Business
CUST17781,Customer_7781,36,Female,Hyderabad,Gujarat,West,Consumer
CUST17782,Customer_7782,35,Female,Delhi,Uttar Pradesh,South,Consumer
CUST17783,Customer_7783,23,Female,Kolkata,Maharashtra,,Consumer
CUST17784,Customer_7784,62,Male,Chennai,Telangana,South,Corporate
CUST17785,Customer_7785,50,Female,Delhi,Telangana,East,Corporate
CUST17786,Customer_7786,40,Female,Pune,Telangana,North,Consumer
CUST17787,Customer_7787,40,male ,Ahmedabad,Delhi,East,Consumer
CUST17788,Customer_7788,43,male ,Delhi,Tamil Nadu,South,Corporate
CUST17789,Customer_7789,30,Male,Pune,Delhi,South,Small Business
CUST17790,Customer_7790,24,Male,Jaipur,Uttar Pradesh,East,Consumer
CUST17791,Customer_7791,32, FEMALE,Delhi,Rajasthan,North,Small Business
CUST17792,Customer_7792,61,Female,Delhi,Karnataka, north ,consumer 
CUST17793,Customer_7793,44, FEMALE,Chennai,Rajasthan,SOUTH,Consumer
CUST17794,Customer_7794,43,Male,Lucknow,Maharashtra,West,Consumer
CUST17795,Customer_7795,50,Female,Mumbai,Karnataka,South,consumer 
CUST17796,Customer_7796,32,Female,Lucknow,Karnataka,West,Corporate
CUST17797,Customer_7797,53, FEMALE,Kolkata,Uttar Pradesh,East,Small Business
CUST17798,Customer_7798,62,Male,Bengaluru,Maharashtra,,Consumer
CUST17799,Customer_7799,44,Male,Chennai,West Bengal,South,Consumer
CUST17800,Customer_7800,22,Female,Ahmedabad,Maharashtra,North,Consumer
CUST17801,Customer_7801,19, FEMALE,Mumbai,Karnataka,North,
CUST17802,Customer_7802,50,Other,Chennai,Maharashtra,West,Consumer
CUST17803,Customer_7803,33,,Pune,Rajasthan, north ,consumer 
CUST17804,Customer_7804,40,Other,Mumbai,Tamil Nadu,South,Consumer
CUST17805,Customer_7805,55,Male,Delhi,Uttar Pradesh,North,Consumer
CUST17806,Customer_7806,33,Male,Delhi,Maharashtra,North,Consumer
CUST17807,Customer_7807,31,Male,Bengaluru,Delhi,South,Corporate
CUST17808,Customer_7808,46,Male,Delhi,Rajasthan,South,Consumer
CUST17809,Customer_7809,43,male ,Lucknow,Maharashtra,South,CORPORATE
CUST17810,Customer_7810,52, FEMALE,,Karnataka,South,consumer 
CUST17811,Customer_7811,32,Male,Delhi,Karnataka,West,Consumer
CUST17812,Customer_7812,20,Female,Hyderabad,Uttar Pradesh,West,Small Business
CUST17813,Customer_7813,40,Other,Delhi,West Bengal,SOUTH,Consumer
CUST17814,Customer_7814,46,Female,Mumbai,Maharashtra,West,
CUST17815,Customer_7815,51,Male,Bengaluru,West Bengal,North,Consumer
CUST17816,Customer_7816,50,Female,Hyderabad,Rajasthan,West,Consumer
CUST17817,Customer_7817,58,Male,Ahmedabad,Telangana,North,Consumer
CUST17818,Customer_7818,58,Female,Hyderabad,Karnataka,East,Small Business
CUST17819,Customer_7819,40,Female,Chennai,Rajasthan,North,Consumer
CUST17820,Customer_7820,24,Male,Bengaluru,West Bengal,North,Corporate
CUST17821,Customer_7821,20,,Delhi,Delhi,East,CORPORATE
CUST17822,Customer_7822,49,Female,Ahmedabad,Rajasthan,North,Consumer
CUST17823,Customer_7823,48,Female,Delhi,Tamil Nadu,South,Consumer
CUST17824,Customer_7824,35,Other,Ahmedabad,Uttar Pradesh,South,Corporate
CUST17825,Customer_7825,60,Male,Mumbai,Maharashtra,,Consumer
CUST17826,Customer_7826,24,Male,Pune,Karnataka,South,Consumer
CUST17827,Customer_7827,58,male ,,Tamil Nadu,East,Consumer
CUST17828,Customer_7828,18,Male,Mumbai,Tamil Nadu,West,
CUST17829,Customer_7829,31,male ,Hyderabad,Telangana,North,Consumer
CUST17830,Customer_7830,69,Male,Jaipur,Uttar Pradesh,West,Consumer
CUST17831,Customer_7831,49,Male,Delhi,West Bengal,West,Consumer
CUST17832,Customer_7832,23,Female,Kolkata,Rajasthan,,Corporate
CUST17833,Customer_7833,56,Male,Delhi,Maharashtra,South,Consumer
CUST17834,Customer_7834,27,Female,Mumbai,Uttar Pradesh,South,CORPORATE
CUST17835,Customer_7835,24,Female,Mumbai,Tamil Nadu,West,Corporate
CUST17836,Customer_7836,43,Other,Ahmedabad,Delhi,North,consumer 
CUST17837,Customer_7837,51,male ,Mumbai,Maharashtra,North,Consumer
CUST17838,Customer_7838,47,Male,Delhi,Delhi,South,Consumer
CUST17839,Customer_7839,53,male ,Pune,Telangana,West,Consumer
CUST17840,Customer_7840,38,Female,Bengaluru,Karnataka,North,Consumer
CUST17841,Customer_7841,34,Female,Hyderabad,,West,Consumer
CUST17842,Customer_7842,50,male ,Delhi,Gujarat,South,Small Business
CUST17843,Customer_7843,27,Female,Jaipur,Uttar Pradesh,West,Small Business
CUST17844,Customer_7844,68,Female,Pune,Tamil Nadu,,Small Business
CUST17845,Customer_7845,64,Female,Hyderabad,Uttar Pradesh,North,consumer 
CUST17846,Customer_7846,59,Male,Mumbai,Karnataka,South,Corporate
CUST17847,Customer_7847,68,Male,Pune,West Bengal,North,Consumer
CUST17848,Customer_7848,29,Female,Jaipur,Telangana,North,Corporate
CUST17849,Customer_7849,33,Male,Bengaluru,Maharashtra,East,Consumer
CUST17850,Customer_7850,58,Male,Delhi,Delhi,SOUTH,Corporate
CUST17851,Customer_7851,49,Male,Mumbai,Tamil Nadu,West,Corporate
CUST17852,Customer_7852,32,Female,Kolkata,Delhi,West,Small Business
CUST17853,Customer_7853,44,Male,,Rajasthan,,Consumer
CUST17854,Customer_7854,45,Female,Delhi,Gujarat,East,Consumer
CUST17855,Customer_7855,34,Male,Bengaluru,Maharashtra,South,Corporate
CUST17856,Customer_7856,63,Female,Delhi,Tamil Nadu,SOUTH,Small Business
CUST17857,Customer_7857,67,Female,Bengaluru,Uttar Pradesh,West,CORPORATE
CUST17858,Customer_7858,19,Female,Hyderabad,Karnataka,SOUTH,Consumer
CUST17859,Customer_7859,53,Male,Ahmedabad,Gujarat,West,Small Business
CUST17860,Customer_7860,67,Other,Delhi,Gujarat,West,Corporate
CUST17861,Customer_7861,24,Other,Jaipur,Maharashtra, north ,Consumer
CUST17862,Customer_7862,30, FEMALE,Hyderabad,Delhi,,Small Business
CUST17863,Customer_7863,32,Other,Lucknow,,East,Consumer
CUST17864,Customer_7864,42,Female,Chennai,Gujarat,East,Small Business
CUST17865,Customer_7865,40,Female,Delhi,Telangana,West,Small Business
CUST17866,Customer_7866,39,Female,Ahmedabad,Delhi,West,Small Business
CUST17867,Customer_7867,43,Female,Delhi,West Bengal,South,Consumer
CUST17868,Customer_7868,50, FEMALE,Pune,Karnataka,East,consumer 
CUST17869,Customer_7869,28,Female,Ahmedabad,Gujarat,West,consumer 
CUST17870,Customer_7870,27,,Delhi,Uttar Pradesh,North,consumer 
CUST17871,Customer_7871,42,Male,Pune,Rajasthan,South,Consumer
CUST17872,Customer_7872,54,male ,Lucknow,Karnataka,South,Corporate
CUST17873,Customer_7873,65,Female,,Rajasthan, north ,Consumer
CUST17874,Customer_7874,60,Female,Jaipur,Karnataka,South,Consumer
CUST17875,Customer_7875,55,Male,Bengaluru,Delhi,East,Consumer
CUST17876,Customer_7876,58,male ,Kolkata,Tamil Nadu,West,Corporate
CUST17877,Customer_7877,62, FEMALE,Kolkata,Tamil Nadu,South,Consumer
CUST17878,Customer_7878,41,Male,Kolkata,Uttar Pradesh,North,Corporate
CUST17879,Customer_7879,57,Female,Lucknow,Gujarat,SOUTH,Corporate
CUST17880,Customer_7880,63,Female,Delhi,Karnataka,West,consumer 
CUST17881,Customer_7881,50,,Delhi,Telangana,North,consumer 
CUST17882,Customer_7882,34,Female,Kolkata,Tamil Nadu,West,Small Business
CUST17883,Customer_7883,41,Male,Ahmedabad,Karnataka,West,Small Business
CUST17884,Customer_7884,54,Female,Chennai,Uttar Pradesh,West,Consumer
CUST17885,Customer_7885,19,Female,Ahmedabad,Tamil Nadu,South,Consumer
CUST17886,Customer_7886,49,Male,Ahmedabad,Gujarat,South,Consumer
CUST17887,Customer_7887,41,Female,Ahmedabad,Rajasthan,West,Corporate
CUST17888,Customer_7888,26,Other,Ahmedabad,Maharashtra,South,Small Business
CUST17889,Customer_7889,21, FEMALE,Ahmedabad,Maharashtra,North,Consumer
CUST17890,Customer_7890,34,Male,Lucknow,Telangana,North,CORPORATE
CUST17891,Customer_7891,34,,Kolkata,Karnataka,East,Small Business
CUST17892,Customer_7892,67,Female,Delhi,Telangana,South,Consumer
CUST17893,Customer_7893,65,Male,Mumbai,Maharashtra,North,Consumer
CUST17894,Customer_7894,47,Male,Mumbai,,West,
CUST17895,Customer_7895,57,Male,Delhi,Maharashtra,South,Consumer
CUST17896,Customer_7896,28,male ,Delhi,Rajasthan,South,Consumer
CUST17897,Customer_7897,38,Male,Ahmedabad,Delhi,West,Consumer
CUST17898,Customer_7898,38,Male,Kolkata,Telangana,South,Corporate
CUST17899,Customer_7899,35,Female,Bengaluru,Karnataka,West,Small Business
CUST17900,Customer_7900,46,Female,Lucknow,Telangana,North,Consumer
CUST17901,Customer_7901,41,male ,Chennai,Tamil Nadu,North,Small Business
CUST17902,Customer_7902,27,Female,Mumbai,West Bengal,East,consumer 
CUST17903,Customer_7903,62,Male,Ahmedabad,West Bengal,,Small Business
CUST17904,Customer_7904,34, FEMALE,Bengaluru,West Bengal,South,consumer 
CUST17905,Customer_7905,35,Male,Kolkata,Gujarat,West,Consumer
CUST17906,Customer_7906,59,Female,Bengaluru,Gujarat,North,Consumer
CUST17907,Customer_7907,65,Female,Chennai,Uttar Pradesh,South,Consumer
CUST17908,Customer_7908,37,Male,Lucknow,Delhi,North,Small Business
CUST17909,Customer_7909,54,Other,Mumbai,Gujarat,,CORPORATE
CUST17910,Customer_7910,62,Female,Ahmedabad,Gujarat,South,Consumer
CUST17911,Customer_7911,35,Male,Delhi,Rajasthan,South,Corporate
CUST17912,Customer_7912,34,Other,Chennai,Tamil Nadu,West,Consumer
CUST17913,Customer_7913,26,Female,Ahmedabad,Karnataka,North,Consumer
CUST17914,Customer_7914,31,Female,Ahmedabad,Uttar Pradesh,South,Consumer
CUST17915,Customer_7915,66,Female,Mumbai,Gujarat,North,Small Business
CUST17916,Customer_7916,46,male ,Mumbai,Rajasthan,SOUTH,Consumer
CUST17917,Customer_7917,48,Male,Jaipur,West Bengal,South,Consumer
CUST17918,Customer_7918,21,Male,Delhi,Maharashtra,,Consumer
CUST17919,Customer_7919,35,Female,Chennai,Karnataka,North,Consumer
CUST17920,Customer_7920,37,Male,Lucknow,Uttar Pradesh,North,Corporate
CUST17921,Customer_7921,64,Female,Pune,Delhi, north ,Consumer
CUST17922,Customer_7922,60,Female,Mumbai,Rajasthan,East,Consumer
CUST17923,Customer_7923,61,Male,,Uttar Pradesh,South,Small Business
CUST17924,Customer_7924,26,Male,Ahmedabad,Karnataka,East,Consumer
CUST17925,Customer_7925,30,Female,Pune,Delhi,South,consumer 
CUST17926,Customer_7926,32,male ,Jaipur,Uttar Pradesh,West,Small Business
CUST17927,Customer_7927,44,Female,Bengaluru,Maharashtra,East,Consumer
CUST17928,Customer_7928,32,Female,Mumbai,Telangana,North,Consumer
CUST17929,Customer_7929,45,Male,Bengaluru,Rajasthan,SOUTH,consumer 
CUST17930,Customer_7930,54,Female,Chennai,Uttar Pradesh,East,Consumer
CUST17931,Customer_7931,36,Male,Bengaluru,Gujarat,North,Consumer
CUST17932,Customer_7932,43,Female,Pune,Tamil Nadu,South,Small Business
CUST17933,Customer_7933,69,Female,Kolkata,Tamil Nadu, north ,Consumer
CUST17934,Customer_7934,43,Other,Jaipur,Gujarat,South,Consumer
CUST17935,Customer_7935,42,Female,Mumbai,West Bengal,East,Small Business
CUST17936,Customer_7936,43,male ,Jaipur,West Bengal,SOUTH,consumer 
CUST17937,Customer_7937,43,Female,Kolkata,Telangana,West,consumer 
CUST17938,Customer_7938,63,Other,Delhi,Telangana,West,Consumer
CUST17939,Customer_7939,45,Female,Delhi,Tamil Nadu,South,consumer 
CUST17940,Customer_7940,66,Male,Kolkata,Telangana,,Consumer
CUST17941,Customer_7941,35, FEMALE,Hyderabad,Karnataka,South,Consumer
CUST17942,Customer_7942,49,Male,Mumbai,,SOUTH,Consumer
CUST17943,Customer_7943,20,Male,Delhi,Karnataka,North,Consumer
CUST17944,Customer_7944,19,Male,Mumbai,Karnataka,South,Small Business
CUST17945,Customer_7945,50, FEMALE,Ahmedabad,Karnataka,North,Consumer
CUST17946,Customer_7946,59,Male,Jaipur,West Bengal,South,Corporate
CUST17947,Customer_7947,36, FEMALE,Chennai,Gujarat,North,Consumer
CUST17948,Customer_7948,34,Female,Ahmedabad,Uttar Pradesh, north ,Consumer
CUST17949,Customer_7949,61,Male,Pune,Gujarat,SOUTH,Small Business
CUST17950,Customer_7950,50,Female,Jaipur,Gujarat,West,Small Business
CUST17951,Customer_7951,29,Male,Bengaluru,Gujarat,North,Small Business
CUST17952,Customer_7952,66,Female,Pune,Maharashtra,South,Small Business
CUST17953,Customer_7953,20,Female,Mumbai,Telangana,SOUTH,Consumer
CUST17954,Customer_7954,60,Female,Hyderabad,Telangana,North,
CUST17955,Customer_7955,66,Male,Delhi,Telangana,East,Consumer
CUST17956,Customer_7956,43,Female,Mumbai,Rajasthan,,Corporate
CUST17957,Customer_7957,52, FEMALE,Delhi,Telangana,,
CUST17958,Customer_7958,25,Female,Hyderabad,West Bengal,South,Consumer
CUST17959,Customer_7959,69,male ,Lucknow,Telangana,North,Consumer
CUST17960,Customer_7960,53,Male,Hyderabad,Karnataka,West,Corporate
CUST17961,Customer_7961,24, FEMALE,,Karnataka,South,Small Business
CUST17962,Customer_7962,63,Male,Kolkata,Uttar Pradesh,West,Consumer
CUST17963,Customer_7963,63,Male,Chennai,West Bengal,North,Small Business
CUST17964,Customer_7964,53, FEMALE,Mumbai,,East,Consumer
CUST17965,Customer_7965,33,Other,Ahmedabad,Uttar Pradesh,South,consumer 
CUST17966,Customer_7966,41,Female,Delhi,Tamil Nadu,East,Consumer
CUST17967,Customer_7967,18,Male,Kolkata,Karnataka,,Corporate
CUST17968,Customer_7968,66,Male,Pune,Rajasthan,,Consumer
CUST17969,Customer_7969,42,Female,Hyderabad,Uttar Pradesh,West,Consumer
CUST17970,Customer_7970,27, FEMALE,Bengaluru,Tamil Nadu,West,Consumer
CUST17971,Customer_7971,33,Male,Hyderabad,Maharashtra,East,Corporate
CUST17972,Customer_7972,33,male ,Ahmedabad,Tamil Nadu,North,consumer 
CUST17973,Customer_7973,25,Male,Lucknow,Karnataka,West,Small Business
CUST17974,Customer_7974,46,male ,Ahmedabad,Gujarat,North,Consumer
CUST17975,Customer_7975,56,Other,Bengaluru,West Bengal,South,Consumer
CUST17976,Customer_7976,45,Female,Hyderabad,Karnataka,West,consumer 
CUST17977,Customer_7977,23,Male,,Maharashtra,West,consumer 
CUST17978,Customer_7978,33,male ,Ahmedabad,Rajasthan,South,Consumer
CUST17979,Customer_7979,37,Female,Bengaluru,Rajasthan,West,Small Business
CUST17980,Customer_7980,33,Female,Hyderabad,West Bengal,SOUTH,Consumer
CUST17981,Customer_7981,24,Female,Ahmedabad,West Bengal,East,Consumer
CUST17982,Customer_7982,58,Male,Chennai,West Bengal,West,Consumer
CUST17983,Customer_7983,31, FEMALE,Pune,Telangana,South,Small Business
CUST17984,Customer_7984,60,Male,Mumbai,Gujarat,,Small Business
CUST17985,Customer_7985,43,Other,Chennai,Tamil Nadu,South,consumer 
CUST17986,Customer_7986,43,Male,Ahmedabad,Delhi, north ,Consumer
CUST17987,Customer_7987,31,Female,Pune,Karnataka,SOUTH,Corporate
CUST17988,Customer_7988,24,Male,Bengaluru,Maharashtra,West,Consumer
CUST17989,Customer_7989,50,Male,Delhi,Telangana,West,Small Business
CUST17990,Customer_7990,43,Male,Bengaluru,West Bengal,South,Consumer
CUST17991,Customer_7991,62,Female,Pune,Delhi,SOUTH,Corporate
CUST17992,Customer_7992,37,Female,Delhi,Gujarat,West,Small Business
CUST17993,Customer_7993,20, FEMALE,Pune,West Bengal,South,Small Business
CUST17994,Customer_7994,69,Male,,Karnataka,,Consumer
CUST17995,Customer_7995,21,Female,Jaipur,Karnataka,East,Consumer
CUST17996,Customer_7996,43,Female,Delhi,Tamil Nadu, north ,Consumer
CUST17997,Customer_7997,28,Male,Jaipur,Karnataka, north ,Corporate
CUST17998,Customer_7998,19,Female,Chennai,Delhi,West,Consumer
CUST17999,Customer_7999,31,Female,Hyderabad,Delhi,North,Consumer
CUST18000,Customer_8000,61,Male,Ahmedabad,Karnataka,South,
CUST18001,Customer_8001,47,Male,Mumbai,Maharashtra,East,Consumer
CUST18002,Customer_8002,66,Female,Pune,Delhi,West,Corporate
CUST18003,Customer_8003,29,Male,Bengaluru,Gujarat,South,Consumer
CUST18004,Customer_8004,43,Female,Chennai,Karnataka,West,Corporate
CUST18005,Customer_8005,61,Other,Pune,Tamil Nadu,East,Consumer
CUST18006,Customer_8006,50,Female,Delhi,Maharashtra,East,Corporate
CUST18007,Customer_8007,30,Female,Kolkata,Delhi,West,Corporate
CUST18008,Customer_8008,31,Male,Kolkata,Uttar Pradesh,East,CORPORATE
CUST18009,Customer_8009,41, FEMALE,Jaipur,Maharashtra,North,Consumer
CUST18010,Customer_8010,51,Male,Delhi,Delhi, north ,Corporate
CUST18011,Customer_8011,61,Female,Bengaluru,West Bengal,South,Consumer
CUST18012,Customer_8012,43,Other,Kolkata,Delhi,West,Consumer
CUST18013,Customer_8013,38,Female,Mumbai,Telangana,North,Consumer
CUST18014,Customer_8014,45,Female,Kolkata,Karnataka,West,Small Business
CUST18015,Customer_8015,65,Female,Delhi,Karnataka, north ,Consumer
CUST18016,Customer_8016,53,Male,Bengaluru,Delhi,North,Consumer
CUST18017,Customer_8017,57,male ,Lucknow,Gujarat,,Consumer
CUST18018,Customer_8018,19,Male,Jaipur,Tamil Nadu,North,Consumer
CUST18019,Customer_8019,59,Female,Kolkata,West Bengal,North,Consumer
CUST18020,Customer_8020,26,Male,Ahmedabad,Rajasthan, north ,Consumer
CUST18021,Customer_8021,40, FEMALE,Kolkata,Uttar Pradesh,West,Consumer
CUST18022,Customer_8022,32,Male,Chennai,West Bengal,North,Consumer
CUST18023,Customer_8023,30,Female,,Uttar Pradesh,SOUTH,Consumer
CUST18024,Customer_8024,40,Female,Kolkata,Telangana,West,Small Business
CUST18025,Customer_8025,34,Female,Pune,Telangana,North,consumer 
CUST18026,Customer_8026,65,Male,Hyderabad,Uttar Pradesh, north ,Small Business
CUST18027,Customer_8027,19,Female,Ahmedabad,Gujarat,East,Corporate
CUST18028,Customer_8028,37,Male,Bengaluru,Maharashtra,South,Small Business
CUST18029,Customer_8029,37,Female,Delhi,Tamil Nadu,West,Consumer
CUST18030,Customer_8030,63,Male,Mumbai,Rajasthan,West,Corporate
CUST18031,Customer_8031,20,Female,Delhi,Delhi,West,Consumer
CUST18032,Customer_8032,29,Male,Bengaluru,Gujarat, north ,Small Business
CUST18033,Customer_8033,57,,Lucknow,Tamil Nadu, north ,Corporate
CUST18034,Customer_8034,19,Female,Kolkata,Rajasthan,North,Small Business
CUST18035,Customer_8035,53,Male,Mumbai,Maharashtra, north ,Small Business
CUST18036,Customer_8036,31,Female,Jaipur,Karnataka,South,Consumer
CUST18037,Customer_8037,33, FEMALE,Chennai,Maharashtra,South,Corporate
CUST18038,Customer_8038,36,Male,Chennai,Karnataka,,Consumer
CUST18039,Customer_8039,51,Female,Hyderabad,Tamil Nadu,West,Corporate
CUST18040,Customer_8040,61,Female,Ahmedabad,Uttar Pradesh,South,Corporate
CUST18041,Customer_8041,63,Male,Bengaluru,Tamil Nadu,West,Consumer
CUST18042,Customer_8042,23,male ,Delhi,Karnataka,East,
CUST18043,Customer_8043,30,Male,Bengaluru,Delhi,North,
CUST18044,Customer_8044,53,Male,Jaipur,West Bengal, north ,Consumer
CUST18045,Customer_8045,39,male ,Kolkata,Telangana,West,Small Business
CUST18046,Customer_8046,35,Female,Mumbai,,West,Consumer
CUST18047,Customer_8047,29, FEMALE,Delhi,Uttar Pradesh,East,Corporate
CUST18048,Customer_8048,69,Female,Kolkata,Uttar Pradesh,North,Corporate
CUST18049,Customer_8049,47,Female,Kolkata,Delhi, north ,Small Business
CUST18050,Customer_8050,68,male ,Hyderabad,Uttar Pradesh,South,Consumer
CUST18051,Customer_8051,57,Male,Lucknow,Maharashtra,North,consumer 
CUST18052,Customer_8052,24,male ,Ahmedabad,West Bengal,,consumer 
CUST18053,Customer_8053,49,Female,Mumbai,Telangana, north ,Corporate
CUST18054,Customer_8054,65,Male,Pune,West Bengal,West,Consumer
CUST18055,Customer_8055,36,Female,Delhi,Maharashtra,North,Corporate
CUST18056,Customer_8056,23,Male,Jaipur,Telangana,North,Small Business
CUST18057,Customer_8057,37,Female,Hyderabad,Delhi,South,
CUST18058,Customer_8058,44,Female,Mumbai,Delhi,West,Consumer
CUST18059,Customer_8059,60,Other,Jaipur,Rajasthan,West,Consumer
CUST18060,Customer_8060,54,Male,Lucknow,Gujarat,West,Small Business
CUST18061,Customer_8061,65,Female,Delhi,Uttar Pradesh,East,Consumer
CUST18062,Customer_8062,24,Male,Delhi,Tamil Nadu,West,Corporate
CUST18063,Customer_8063,22,Female,Bengaluru,Delhi,West,Consumer
CUST18064,Customer_8064,28,Female,Pune,Delhi,West,Small Business
CUST18065,Customer_8065,32,Female,Lucknow,Maharashtra,SOUTH,Corporate
CUST18066,Customer_8066,20,male ,Pune,, north ,Corporate
CUST18067,Customer_8067,22, FEMALE,Pune,Telangana,North,Small Business
CUST18068,Customer_8068,40,Male,Lucknow,Gujarat,SOUTH,consumer 
CUST18069,Customer_8069,54,Male,Chennai,Rajasthan,North,Small Business
CUST18070,Customer_8070,26,Female,Pune,West Bengal,,Consumer
CUST18071,Customer_8071,32,Female,Chennai,Gujarat,West,Small Business
CUST18072,Customer_8072,20,Male,Ahmedabad,Maharashtra,West,Consumer
CUST18073,Customer_8073,46,Female,Mumbai,Telangana,South,Consumer
CUST18074,Customer_8074,23,Female,Bengaluru,Gujarat,North,consumer 
CUST18075,Customer_8075,34,Female,Mumbai,Tamil Nadu,North,Corporate
CUST18076,Customer_8076,43,male ,Lucknow,Karnataka, north ,Corporate
CUST18077,Customer_8077,38,Female,Hyderabad,Maharashtra,South,Small Business
CUST18078,Customer_8078,25,Male,Bengaluru,Uttar Pradesh,East,Corporate
CUST18079,Customer_8079,38,Male,,Delhi,SOUTH,consumer 
CUST18080,Customer_8080,28, FEMALE,Ahmedabad,Gujarat,South,Consumer
CUST18081,Customer_8081,55,Other,Ahmedabad,Delhi,West,Small Business
CUST18082,Customer_8082,25,Female,Mumbai,West Bengal,East,Consumer
CUST18083,Customer_8083,59,Male,,West Bengal,North,Consumer
CUST18084,Customer_8084,41,Other,Bengaluru,West Bengal, north ,Consumer
CUST18085,Customer_8085,52,Female,Delhi,Tamil Nadu,West,Consumer
CUST18086,Customer_8086,31, FEMALE,Hyderabad,Gujarat,North,Small Business
CUST18087,Customer_8087,31,male ,Chennai,Rajasthan,,Corporate
CUST18088,Customer_8088,27,Male,Delhi,Uttar Pradesh, north ,Consumer
CUST18089,Customer_8089,29,Female,Chennai,Maharashtra,North,Consumer
CUST18090,Customer_8090,55,Male,Lucknow,Delhi,South,Consumer
CUST18091,Customer_8091,61,Male,Hyderabad,Delhi,West,Consumer
CUST18092,Customer_8092,63,male ,Hyderabad,Maharashtra, north ,Consumer
CUST18093,Customer_8093,51, FEMALE,Bengaluru,Rajasthan,West,Consumer
CUST18094,Customer_8094,58,Female,Ahmedabad,Tamil Nadu,South,Small Business
CUST18095,Customer_8095,27,Female,Delhi,Uttar Pradesh,East,consumer 
CUST18096,Customer_8096,34,Male,Hyderabad,Maharashtra,West,Consumer
CUST18097,Customer_8097,34,Male,Bengaluru,Telangana,North,Consumer
CUST18098,Customer_8098,20,Male,Ahmedabad,Gujarat,East,Small Business
CUST18099,Customer_8099,48,Female,Delhi,Gujarat,West,consumer 
CUST18100,Customer_8100,68,Female,Hyderabad,Gujarat, north ,Consumer
CUST18101,Customer_8101,18,Male,Hyderabad,Uttar Pradesh,North,consumer 
CUST18102,Customer_8102,29,,Ahmedabad,Rajasthan,South,Consumer
CUST18103,Customer_8103,56,Male,Mumbai,Gujarat,East,Corporate
CUST18104,Customer_8104,21, FEMALE,Kolkata,Rajasthan,West,Consumer
CUST18105,Customer_8105,59,Female,Mumbai,Gujarat,West,CORPORATE
CUST18106,Customer_8106,30,Male,Ahmedabad,Delhi,South,Consumer
CUST18107,Customer_8107,51,male ,Pune,Gujarat,North,Corporate
CUST18108,Customer_8108,59,Female,Pune,Tamil Nadu,West,Consumer
CUST18109,Customer_8109,38,Female,Hyderabad,Maharashtra, north ,Consumer
CUST18110,Customer_8110,39,Female,Bengaluru,Maharashtra,West,Small Business
CUST18111,Customer_8111,21,Male,Mumbai,Gujarat,West,
CUST18112,Customer_8112,35,Female,Pune,Tamil Nadu,,
CUST18113,Customer_8113,22,Other,Ahmedabad,,South,Small Business
CUST18114,Customer_8114,36,Male,Hyderabad,Maharashtra,East,consumer 
CUST18115,Customer_8115,19,Male,Ahmedabad,Telangana,North,CORPORATE
CUST18116,Customer_8116,29, FEMALE,Mumbai,Karnataka,SOUTH,Consumer
CUST18117,Customer_8117,34,Male,Ahmedabad,Tamil Nadu,East,Consumer
CUST18118,Customer_8118,27,Female,Hyderabad,West Bengal,South,Consumer
CUST18119,Customer_8119,51,Female,,Rajasthan,North,Corporate
CUST18120,Customer_8120,23,Female,Chennai,Delhi,South,CORPORATE
CUST18121,Customer_8121,25,Female,Jaipur,Delhi,North,Corporate
CUST18122,Customer_8122,68,Male,Jaipur,Delhi,South,Corporate
CUST18123,Customer_8123,28,Male,Chennai,Gujarat,SOUTH,Small Business
CUST18124,Customer_8124,29,Female,Chennai,Karnataka,North,CORPORATE
CUST18125,Customer_8125,26,Female,Delhi,Telangana,East,Small Business
CUST18126,Customer_8126,19,Female,Bengaluru,Telangana,North,consumer 
CUST18127,Customer_8127,25,Female,Bengaluru,Gujarat,West,Consumer
CUST18128,Customer_8128,28,Male,Pune,Delhi,East,Corporate
CUST18129,Customer_8129,53,Male,Pune,Maharashtra,North,Consumer
CUST18130,Customer_8130,27,male ,Kolkata,Rajasthan, north ,Consumer
CUST18131,Customer_8131,38,Female,Jaipur,Gujarat,West,Consumer
CUST18132,Customer_8132,37,Male,Mumbai,Rajasthan,SOUTH,consumer 
CUST18133,Customer_8133,65,Male,Jaipur,Karnataka,North,Consumer
CUST18134,Customer_8134,25,Male,Delhi,Tamil Nadu,South,Corporate
CUST18135,Customer_8135,53,Male,Jaipur,,,Consumer
CUST18136,Customer_8136,46,male ,Delhi,Tamil Nadu,West,CORPORATE
CUST18137,Customer_8137,59,Other,Jaipur,Telangana,West,Corporate
CUST18138,Customer_8138,29, FEMALE,Chennai,Telangana,West,Consumer
CUST18139,Customer_8139,31,Other,Hyderabad,Gujarat,West,Consumer
CUST18140,Customer_8140,65, FEMALE,Kolkata,Rajasthan,West,
CUST18141,Customer_8141,67,Female,Delhi,Rajasthan,North,
CUST18142,Customer_8142,38,Male,Mumbai,Maharashtra,West,Corporate
CUST18143,Customer_8143,39,male ,Pune,Tamil Nadu,West,Corporate
CUST18144,Customer_8144,38,Male,Lucknow,Karnataka,North,consumer 
CUST18145,Customer_8145,61,Male,Hyderabad,Karnataka,South,Small Business
CUST18146,Customer_8146,67,Male,Bengaluru,Gujarat,South,CORPORATE
CUST18147,Customer_8147,47,Female,Chennai,Telangana, north ,Consumer
CUST18148,Customer_8148,56,Male,Pune,Karnataka,West,
CUST18149,Customer_8149,37,Male,Hyderabad,Gujarat,West,Corporate
CUST18150,Customer_8150,41,Female,Ahmedabad,Maharashtra,West,Corporate
CUST18151,Customer_8151,40, FEMALE,Chennai,Uttar Pradesh,South,Consumer
CUST18152,Customer_8152,24,Female,Delhi,Rajasthan, north ,Corporate
CUST18153,Customer_8153,26, FEMALE,Mumbai,Gujarat,South,Small Business
CUST18154,Customer_8154,18,Male,Chennai,Uttar Pradesh,West,Consumer
CUST18155,Customer_8155,43,Male,Kolkata,Rajasthan,South,Corporate
CUST18156,Customer_8156,55,Female,Mumbai,Karnataka,North,Consumer
CUST18157,Customer_8157,55,Female,Ahmedabad,Tamil Nadu,South,CORPORATE
CUST18158,Customer_8158,61,Female,Bengaluru,Gujarat,East,Consumer
CUST18159,Customer_8159,39,male ,Chennai,Delhi, north ,Consumer
CUST18160,Customer_8160,61,Female,Delhi,Uttar Pradesh,East,Consumer
CUST18161,Customer_8161,27,Other,Ahmedabad,Karnataka,North,Small Business
CUST18162,Customer_8162,23,Female,Jaipur,Maharashtra,,Corporate
CUST18163,Customer_8163,34,Male,Mumbai,Maharashtra,South,Consumer
CUST18164,Customer_8164,68,Female,Ahmedabad,Delhi,,Consumer
CUST18165,Customer_8165,67,Male,Bengaluru,,SOUTH,consumer 
CUST18166,Customer_8166,55,Male,Kolkata,Gujarat,East,CORPORATE
CUST18167,Customer_8167,41,Male,Lucknow,Tamil Nadu,North,Consumer
CUST18168,Customer_8168,68,Female,Jaipur,Rajasthan,West,Consumer
CUST18169,Customer_8169,27,Male,Ahmedabad,Tamil Nadu, north ,Consumer
CUST18170,Customer_8170,25,Male,Ahmedabad,Uttar Pradesh,South,consumer 
CUST18171,Customer_8171,38,Female,,Gujarat,South,Consumer
CUST18172,Customer_8172,23,Female,Mumbai,Maharashtra,West,Consumer
CUST18173,Customer_8173,38,Female,Bengaluru,Telangana,East,Consumer
CUST18174,Customer_8174,56,Female,Kolkata,West Bengal,North,consumer 
CUST18175,Customer_8175,41,Male,Jaipur,,SOUTH,Small Business
CUST18176,Customer_8176,50,Male,Chennai,Rajasthan,SOUTH,Corporate
CUST18177,Customer_8177,35,Male,Delhi,Gujarat,South,Small Business
CUST18178,Customer_8178,45, FEMALE,Lucknow,Gujarat,North,Small Business
CUST18179,Customer_8179,69,Female,Ahmedabad,West Bengal,West,Small Business
CUST18180,Customer_8180,49,Male,Hyderabad,Gujarat,South,Consumer
CUST18181,Customer_8181,29,Male,Mumbai,Telangana,North,Corporate
CUST18182,Customer_8182,65,Other,Delhi,Telangana, north ,Small Business
CUST18183,Customer_8183,59,Female,Mumbai,Uttar Pradesh,,Corporate
CUST18184,Customer_8184,44,male ,Kolkata,Maharashtra,South,Consumer
CUST18185,Customer_8185,27,Male,Ahmedabad,Karnataka,West,Consumer
CUST18186,Customer_8186,63,Male,Delhi,West Bengal,North,CORPORATE
CUST18187,Customer_8187,69,male ,Pune,Telangana,South,Small Business
CUST18188,Customer_8188,59,Female,Kolkata,Gujarat,North,Small Business
CUST18189,Customer_8189,49,Female,Bengaluru,Gujarat,North,Corporate
CUST18190,Customer_8190,59,Female,Pune,Tamil Nadu,East,Consumer
CUST18191,Customer_8191,43,Female,Jaipur,Tamil Nadu,West,Consumer
CUST18192,Customer_8192,42,Female,Lucknow,Uttar Pradesh,South,Consumer
CUST18193,Customer_8193,28,Male,Chennai,Telangana,East,Consumer
CUST18194,Customer_8194,40,Male,Jaipur,Maharashtra,South,Small Business
CUST18195,Customer_8195,51, FEMALE,Bengaluru,Uttar Pradesh,West,Consumer
CUST18196,Customer_8196,69,Male,Mumbai,Uttar Pradesh,South,Consumer
CUST18197,Customer_8197,57,Female,Mumbai,Karnataka,North,Consumer
CUST18198,Customer_8198,40,Female,Hyderabad,Uttar Pradesh,North,Consumer
CUST18199,Customer_8199,46,,Delhi,West Bengal,North,Consumer
CUST18200,Customer_8200,48,Female,Bengaluru,Maharashtra,South,Consumer
CUST18201,Customer_8201,24,Female,Kolkata,Rajasthan,North,Consumer
CUST18202,Customer_8202,57, FEMALE,Kolkata,Maharashtra,West,Consumer
CUST18203,Customer_8203,50,male ,Delhi,Karnataka, north ,Consumer
CUST18204,Customer_8204,38,Female,Bengaluru,Gujarat,South,Corporate
CUST18205,Customer_8205,19,Female,Pune,Gujarat,East,Consumer
CUST18206,Customer_8206,35,Male,Bengaluru,Karnataka,East,Consumer
CUST18207,Customer_8207,64,Female,Hyderabad,Gujarat,,Consumer
CUST18208,Customer_8208,50, FEMALE,Jaipur,Maharashtra,North,consumer 
CUST18209,Customer_8209,54, FEMALE,Delhi,Maharashtra,,Consumer
CUST18210,Customer_8210,51,Male,Bengaluru,Delhi,South,CORPORATE
CUST18211,Customer_8211,37,Female,Mumbai,Karnataka,,Consumer
CUST18212,Customer_8212,52,Female,Mumbai,Telangana,North,Consumer
CUST18213,Customer_8213,68,Other,Ahmedabad,Gujarat,North,Consumer
CUST18214,Customer_8214,67,Female,Hyderabad,Karnataka,South,Consumer
CUST18215,Customer_8215,35,Female,Chennai,Telangana,North,Corporate
CUST18216,Customer_8216,63,Male,Jaipur,Uttar Pradesh,,Consumer
CUST18217,Customer_8217,41,Female,Delhi,Karnataka,West,Small Business
CUST18218,Customer_8218,25,Male,Bengaluru,Rajasthan,West,Small Business
CUST18219,Customer_8219,47,male ,Lucknow,Telangana,East,Consumer
CUST18220,Customer_8220,61,Female,Ahmedabad,Maharashtra,North,Corporate
CUST18221,Customer_8221,27,Female,Hyderabad,Uttar Pradesh,North,Corporate
CUST18222,Customer_8222,40,Female,,Delhi, north ,Consumer
CUST18223,Customer_8223,69, FEMALE,Jaipur,Karnataka,South,Consumer
CUST18224,Customer_8224,66,Male,Bengaluru,Karnataka,SOUTH,Consumer
CUST18225,Customer_8225,28,Male,Delhi,Telangana, north ,Consumer
CUST18226,Customer_8226,19,Other,Bengaluru,Rajasthan,North,Consumer
CUST18227,Customer_8227,43,male ,Hyderabad,Telangana, north ,Corporate
CUST18228,Customer_8228,53,male ,Delhi,West Bengal,West,Corporate
CUST18229,Customer_8229,50,Male,Chennai,West Bengal,West,Consumer
CUST18230,Customer_8230,64,Male,Jaipur,Telangana, north ,Consumer
CUST18231,Customer_8231,30,Male,Chennai,Gujarat,South,Consumer
CUST18232,Customer_8232,57,Male,Delhi,Gujarat,West,Consumer
CUST18233,Customer_8233,42,male ,Hyderabad,West Bengal,West,Consumer
CUST18234,Customer_8234,21,Male,Kolkata,Delhi,West,Consumer
CUST18235,Customer_8235,59,Female,Delhi,Tamil Nadu,West,Consumer
CUST18236,Customer_8236,36,Male,Delhi,Maharashtra,North,Consumer
CUST18237,Customer_8237,35,Female,Hyderabad,Tamil Nadu,South,Consumer
CUST18238,Customer_8238,54,,Mumbai,Maharashtra,,Consumer
CUST18239,Customer_8239,47,Male,Ahmedabad,Rajasthan,North,Consumer
CUST18240,Customer_8240,36,Male,Pune,Delhi,East,Consumer
CUST18241,Customer_8241,40,Male,Bengaluru,Gujarat,South,Consumer
CUST18242,Customer_8242,33,Male,Kolkata,Maharashtra,North,consumer 
CUST18243,Customer_8243,18,Female,Hyderabad,Rajasthan,North,Corporate
CUST18244,Customer_8244,29,Male,Mumbai,Gujarat,South,Consumer
CUST18245,Customer_8245,41,Female,Mumbai,Karnataka,East,Consumer
CUST18246,Customer_8246,51,male ,Kolkata,Gujarat, north ,Consumer
CUST18247,Customer_8247,25,Female,Delhi,Telangana,East,Consumer
CUST18248,Customer_8248,35,Male,Bengaluru,Gujarat,West,Consumer
CUST18249,Customer_8249,65,Female,Mumbai,,South,Consumer
CUST18250,Customer_8250,22,Male,Mumbai,Maharashtra, north ,Consumer
CUST18251,Customer_8251,43,Female,Kolkata,Uttar Pradesh,West,consumer 
CUST18252,Customer_8252,47,Female,Lucknow,Maharashtra,North,CORPORATE
CUST18253,Customer_8253,30,Male,Jaipur,Maharashtra,East,Small Business
CUST18254,Customer_8254,36,male ,Kolkata,Delhi,West,Small Business
CUST18255,Customer_8255,46,Other,Ahmedabad,Maharashtra,West,Consumer
CUST18256,Customer_8256,20,male ,Delhi,West Bengal, north ,Corporate
CUST18257,Customer_8257,43,Male,Mumbai,Telangana,North,Consumer
CUST18258,Customer_8258,57,Female,Hyderabad,Uttar Pradesh,,CORPORATE
CUST18259,Customer_8259,29,Other,Hyderabad,Karnataka,South,Corporate
CUST18260,Customer_8260,19,Male,Hyderabad,Gujarat,North,Consumer
CUST18261,Customer_8261,28,male ,Mumbai,Delhi,East,Small Business
CUST18262,Customer_8262,61,Male,Mumbai,Delhi,North,Consumer
CUST18263,Customer_8263,45,Male,Chennai,Rajasthan,West,Consumer
CUST18264,Customer_8264,35,Female,Ahmedabad,Gujarat, north ,consumer 
CUST18265,Customer_8265,30,male ,Hyderabad,Uttar Pradesh,SOUTH,Consumer
CUST18266,Customer_8266,54,male ,Delhi,Tamil Nadu,East,Corporate
CUST18267,Customer_8267,39,Other,Kolkata,Karnataka,East,Consumer
CUST18268,Customer_8268,29,Male,Bengaluru,Delhi,,Consumer
CUST18269,Customer_8269,19,Male,Bengaluru,Tamil Nadu,East,Small Business
CUST18270,Customer_8270,54, FEMALE,Bengaluru,Tamil Nadu,SOUTH,consumer 
CUST18271,Customer_8271,24,Male,Jaipur,Karnataka,SOUTH,Consumer
CUST18272,Customer_8272,43,Female,Lucknow,West Bengal,,Consumer
CUST18273,Customer_8273,43,Female,Pune,Uttar Pradesh,North,Corporate
CUST18274,Customer_8274,41,Male,Bengaluru,Rajasthan,South,Corporate
CUST18275,Customer_8275,29,Male,Bengaluru,Karnataka, north ,Consumer
CUST18276,Customer_8276,33,Female,Mumbai,West Bengal,West,Small Business
CUST18277,Customer_8277,40, FEMALE,Ahmedabad,Maharashtra,East,Small Business
CUST18278,Customer_8278,57,Female,Kolkata,Maharashtra,North,Consumer
CUST18279,Customer_8279,26,Female,Delhi,Uttar Pradesh,North,Consumer
CUST18280,Customer_8280,49,Female,Kolkata,Rajasthan,SOUTH,Consumer
CUST18281,Customer_8281,32,Male,Hyderabad,Uttar Pradesh,South,Corporate
CUST18282,Customer_8282,54,Male,Ahmedabad,Maharashtra,West,CORPORATE
CUST18283,Customer_8283,30,Female,Lucknow,Gujarat, north ,Corporate
CUST18284,Customer_8284,22,Male,Mumbai,Maharashtra, north ,Corporate
CUST18285,Customer_8285,28,Male,Jaipur,Gujarat,East,Small Business
CUST18286,Customer_8286,27,Female,Chennai,Karnataka,East,Consumer
CUST18287,Customer_8287,69,Female,Mumbai,Maharashtra,West,Consumer
CUST18288,Customer_8288,30,Male,Kolkata,Karnataka,South,Consumer
CUST18289,Customer_8289,58,Female,Pune,Maharashtra,West,
CUST18290,Customer_8290,63,Female,Delhi,Tamil Nadu,North,consumer 
CUST18291,Customer_8291,67,Male,Kolkata,Gujarat,West,Small Business
CUST18292,Customer_8292,32,Other,Kolkata,Karnataka,,Consumer
CUST18293,Customer_8293,59,Male,Mumbai,West Bengal,SOUTH,Corporate
CUST18294,Customer_8294,24, FEMALE,Bengaluru,Gujarat,South,Consumer
CUST18295,Customer_8295,57,Male,Pune,West Bengal,East,Corporate
CUST18296,Customer_8296,45, FEMALE,Mumbai,Telangana,South,Consumer
CUST18297,Customer_8297,49,Male,Lucknow,,South,Consumer
CUST18298,Customer_8298,52,Female,Delhi,Maharashtra,South,Consumer
CUST18299,Customer_8299,32,Male,Delhi,Tamil Nadu,West,Corporate
CUST18300,Customer_8300,65,Female,Delhi,Uttar Pradesh,North,Small Business
CUST18301,Customer_8301,53,Female,Chennai,Delhi,South,Consumer
CUST18302,Customer_8302,38,Male,Pune,Rajasthan,East,Small Business
CUST18303,Customer_8303,23,male ,Hyderabad,Karnataka,North,Small Business
CUST18304,Customer_8304,18,Male,Bengaluru,Maharashtra,North,Small Business
CUST18305,Customer_8305,21,Other,Lucknow,Karnataka,East,Small Business
CUST18306,Customer_8306,28,Male,Delhi,Gujarat,West,Consumer
CUST18307,Customer_8307,61,Female,Bengaluru,Gujarat,West,consumer 
CUST18308,Customer_8308,43,Female,Delhi,Maharashtra,South,Consumer
CUST18309,Customer_8309,54,Female,Delhi,Maharashtra,South,Consumer
CUST18310,Customer_8310,40,Male,Hyderabad,Telangana,North,Corporate
CUST18311,Customer_8311,46,Female,Mumbai,West Bengal,North,Consumer
CUST18312,Customer_8312,38,male ,Bengaluru,Gujarat,North,CORPORATE
CUST18313,Customer_8313,65,Other,Lucknow,Gujarat,West,Consumer
CUST18314,Customer_8314,62,Male,Mumbai,Uttar Pradesh,North,Consumer
CUST18315,Customer_8315,62,Female,Jaipur,West Bengal,North,CORPORATE
CUST18316,Customer_8316,66,Male,Kolkata,Maharashtra,North,Corporate
CUST18317,Customer_8317,44,Male,Bengaluru,Delhi,South,Corporate
CUST18318,Customer_8318,56,Female,Pune,West Bengal,South,Consumer
CUST18319,Customer_8319,57,Male,Hyderabad,Tamil Nadu,North,Small Business
CUST18320,Customer_8320,30,Female,Mumbai,Gujarat,North,Consumer
CUST18321,Customer_8321,40,Female,Ahmedabad,Karnataka,SOUTH,Consumer
CUST18322,Customer_8322,33,Female,Pune,Delhi,SOUTH,Corporate
CUST18323,Customer_8323,47,Other,Ahmedabad,Telangana,West,CORPORATE
CUST18324,Customer_8324,21,Female,Lucknow,Gujarat,South,Consumer
CUST18325,Customer_8325,57,Female,Delhi,Uttar Pradesh,South,Consumer
CUST18326,Customer_8326,33,male ,Mumbai,Delhi,,Small Business
CUST18327,Customer_8327,48,Female,Mumbai,Gujarat,South,Small Business
CUST18328,Customer_8328,59,Male,Lucknow,Tamil Nadu,East,Consumer
CUST18329,Customer_8329,42,Male,Ahmedabad,Telangana,West,Small Business
CUST18330,Customer_8330,61,Male,Chennai,Karnataka,East,Consumer
CUST18331,Customer_8331,29,Female,Delhi,West Bengal,South,Consumer
CUST18332,Customer_8332,43,male ,Mumbai,Tamil Nadu,South,Consumer
CUST18333,Customer_8333,54,Male,Lucknow,Rajasthan,,Consumer
CUST18334,Customer_8334,65,Female,Ahmedabad,West Bengal,West,Consumer
CUST18335,Customer_8335,50, FEMALE,Mumbai,Maharashtra,West,Consumer
CUST18336,Customer_8336,45,male ,Delhi,Karnataka,South,Consumer
CUST18337,Customer_8337,26,Female,Bengaluru,Gujarat,West,Small Business
CUST18338,Customer_8338,29,Male,Delhi,Rajasthan,SOUTH,Small Business
CUST18339,Customer_8339,22,Male,Lucknow,Telangana,West,Consumer
CUST18340,Customer_8340,69,Male,Chennai,Maharashtra,South,Consumer
CUST18341,Customer_8341,45,Male,Kolkata,Delhi,West,Consumer
CUST18342,Customer_8342,52,Male,Hyderabad,Karnataka,East,CORPORATE
CUST18343,Customer_8343,22,Female,Bengaluru,Delhi, north ,Corporate
CUST18344,Customer_8344,51,Male,Mumbai,Tamil Nadu,West,Small Business
CUST18345,Customer_8345,63,Male,Jaipur,Uttar Pradesh,West,Consumer
CUST18346,Customer_8346,51,Male,Kolkata,Karnataka,West,Consumer
CUST18347,Customer_8347,30,Female,Hyderabad,Gujarat,,Consumer
CUST18348,Customer_8348,56,Female,Bengaluru,Rajasthan,East,Consumer
CUST18349,Customer_8349,59,Female,Delhi,Maharashtra,North,Small Business
CUST18350,Customer_8350,62,Male,Delhi,Rajasthan,South,Small Business
CUST18351,Customer_8351,65,Male,Pune,Maharashtra,West,Small Business
CUST18352,Customer_8352,31,Male,Chennai,Rajasthan,South,consumer 
CUST18353,Customer_8353,28,Male,Hyderabad,Maharashtra,North,Consumer
CUST18354,Customer_8354,59, FEMALE,Lucknow,Telangana,South,consumer 
CUST18355,Customer_8355,55,Other,Chennai,West Bengal,North,Corporate
CUST18356,Customer_8356,21,Female,Hyderabad,Delhi,West,Consumer
CUST18357,Customer_8357,50,Other,Mumbai,Maharashtra,West,Small Business
CUST18358,Customer_8358,24,Female,Lucknow,Karnataka,West,Corporate
CUST18359,Customer_8359,58,Male,Pune,Tamil Nadu,North,Consumer
CUST18360,Customer_8360,25,,Delhi,Gujarat,North,Consumer
CUST18361,Customer_8361,54,Male,Kolkata,Maharashtra, north ,Consumer
CUST18362,Customer_8362,68,Female,Hyderabad,Karnataka,North,Consumer
CUST18363,Customer_8363,27,Male,Lucknow,Tamil Nadu,West,Consumer
CUST18364,Customer_8364,60,Female,Ahmedabad,Karnataka,West,consumer 
CUST18365,Customer_8365,32,Female,Pune,West Bengal,South,Corporate
CUST18366,Customer_8366,55,Female,Jaipur,Karnataka,East,Consumer
CUST18367,Customer_8367,32,Male,Delhi,Uttar Pradesh,North,Consumer
CUST18368,Customer_8368,22,Male,Pune,Tamil Nadu,SOUTH,consumer 
CUST18369,Customer_8369,46,Male,Jaipur,Delhi,South,Consumer
CUST18370,Customer_8370,36,Other,Chennai,West Bengal,North,Consumer
CUST18371,Customer_8371,68,male ,Pune,West Bengal,,Small Business
CUST18372,Customer_8372,27,Female,Ahmedabad,Karnataka,North,Consumer
CUST18373,Customer_8373,29,Male,Mumbai,Delhi,West,Corporate
CUST18374,Customer_8374,21,male ,Delhi,Maharashtra,East,Consumer
CUST18375,Customer_8375,48,Male,Kolkata,Telangana,North,Corporate
CUST18376,Customer_8376,35,Male,Lucknow,Maharashtra,North,Small Business
CUST18377,Customer_8377,33,Male,Lucknow,West Bengal,North,
CUST18378,Customer_8378,57, FEMALE,Kolkata,Rajasthan,North,Small Business
CUST18379,Customer_8379,53,Male,Lucknow,Gujarat,South,Consumer
CUST18380,Customer_8380,42,Male,Kolkata,Rajasthan,West,Consumer
CUST18381,Customer_8381,40,Female,Delhi,Rajasthan,North,Consumer
CUST18382,Customer_8382,29,Male,Jaipur,West Bengal,,Small Business
CUST18383,Customer_8383,51,Female,Mumbai,,South,Corporate
CUST18384,Customer_8384,53,Female,Mumbai,Karnataka,East,consumer 
CUST18385,Customer_8385,54,Female,Hyderabad,Karnataka,West,Consumer
CUST18386,Customer_8386,20,Male,Bengaluru,Maharashtra,SOUTH,Consumer
CUST18387,Customer_8387,26,Male,Bengaluru,Tamil Nadu,South,Consumer
CUST18388,Customer_8388,35,male ,Mumbai,Delhi,North,Small Business
CUST18389,Customer_8389,60, FEMALE,,Karnataka,North,Consumer
CUST18390,Customer_8390,52,Male,Delhi,Tamil Nadu,South,Consumer
CUST18391,Customer_8391,51,Male,Chennai,Gujarat,,Small Business
CUST18392,Customer_8392,58,Male,Jaipur,Gujarat,West,Consumer
CUST18393,Customer_8393,31,Female,Ahmedabad,Uttar Pradesh,North,Consumer
CUST18394,Customer_8394,21,Female,Lucknow,Telangana,West,Consumer
CUST18395,Customer_8395,46,Male,Hyderabad,Gujarat, north ,CORPORATE
CUST18396,Customer_8396,58,Female,Jaipur,Gujarat, north ,CORPORATE
CUST18397,Customer_8397,62,Female,Bengaluru,Gujarat,South,Consumer
CUST18398,Customer_8398,67,Other,Delhi,Rajasthan,North,Consumer
CUST18399,Customer_8399,32,Male,Kolkata,Maharashtra,North,Corporate
CUST18400,Customer_8400,45,Male,Kolkata,Delhi,South,Corporate
CUST18401,Customer_8401,59,Male,Lucknow,Gujarat,South,Consumer
CUST18402,Customer_8402,33, FEMALE,Pune,Delhi, north ,Corporate
CUST18403,Customer_8403,29,male ,Mumbai,Karnataka,South,Small Business
CUST18404,Customer_8404,69,Female,Lucknow,Tamil Nadu,West,CORPORATE
CUST18405,Customer_8405,22,Male,Pune,Delhi,West,Small Business
CUST18406,Customer_8406,51,Male,Lucknow,Gujarat,South,Consumer
CUST18407,Customer_8407,59,Male,Jaipur,Karnataka,South,Small Business
CUST18408,Customer_8408,18,Female,Bengaluru,Delhi,West,Consumer
CUST18409,Customer_8409,56,Male,Delhi,,West,Corporate
CUST18410,Customer_8410,49,Male,Mumbai,Karnataka,SOUTH,Corporate
CUST18411,Customer_8411,43,Female,Delhi,Gujarat, north ,Small Business
CUST18412,Customer_8412,34,Male,Bengaluru,Telangana,West,Consumer
CUST18413,Customer_8413,65,Female,Chennai,Rajasthan,West,consumer 
CUST18414,Customer_8414,44,Male,Ahmedabad,Karnataka,North,Corporate
CUST18415,Customer_8415,41,male ,Ahmedabad,Tamil Nadu,West,Consumer
CUST18416,Customer_8416,52,Female,Jaipur,Karnataka,,Consumer
CUST18417,Customer_8417,63, FEMALE,Delhi,Gujarat,South,Consumer
CUST18418,Customer_8418,59,Female,Bengaluru,Delhi,South,Small Business
CUST18419,Customer_8419,56,Other,Kolkata,Karnataka,East,Consumer
CUST18420,Customer_8420,43, FEMALE,Mumbai,Gujarat,SOUTH,Consumer
CUST18421,Customer_8421,66,Female,Lucknow,Tamil Nadu,North,Consumer
CUST18422,Customer_8422,55,Other,Ahmedabad,West Bengal,West,Corporate
CUST18423,Customer_8423,40,Male,Hyderabad,Rajasthan,West,Corporate
CUST18424,Customer_8424,39,Male,Kolkata,Delhi,West,Consumer
CUST18425,Customer_8425,21,Male,Mumbai,Delhi,East,CORPORATE
CUST18426,Customer_8426,66,Female,Kolkata,Gujarat,SOUTH,consumer 
CUST18427,Customer_8427,26,Female,Delhi,Karnataka,North,Consumer
CUST18428,Customer_8428,21,male ,Mumbai,Telangana,South,Consumer
CUST18429,Customer_8429,24,Male,Kolkata,Rajasthan,South,Corporate
CUST18430,Customer_8430,40,Female,Jaipur,Maharashtra,North,Small Business
CUST18431,Customer_8431,19,Male,Kolkata,Uttar Pradesh,South,Consumer
CUST18432,Customer_8432,66,Female,Chennai,Telangana,North,Corporate
CUST18433,Customer_8433,41,Male,Kolkata,Gujarat,West,Consumer
CUST18434,Customer_8434,57, FEMALE,Jaipur,Karnataka,South,Small Business
CUST18435,Customer_8435,48,Male,Ahmedabad,Maharashtra,West,Corporate
CUST18436,Customer_8436,64,Male,Ahmedabad,Uttar Pradesh,South,Small Business
CUST18437,Customer_8437,48, FEMALE,Lucknow,Karnataka,North,Consumer
CUST18438,Customer_8438,64,Female,Kolkata,Telangana,North,consumer 
CUST18439,Customer_8439,57,Male,Pune,Uttar Pradesh,North,Small Business
CUST18440,Customer_8440,65,Female,Mumbai,West Bengal,North,Small Business
CUST18441,Customer_8441,68,Male,Mumbai,Telangana,,Consumer
CUST18442,Customer_8442,60,,Lucknow,Karnataka,East,Consumer
CUST18443,Customer_8443,51,Female,Lucknow,Uttar Pradesh,South,
CUST18444,Customer_8444,41,Male,Pune,Maharashtra,South,CORPORATE
CUST18445,Customer_8445,66,Female,Hyderabad,Gujarat,North,Consumer
CUST18446,Customer_8446,43,Male,Delhi,Maharashtra, north ,Consumer
CUST18447,Customer_8447,33,male ,Bengaluru,Uttar Pradesh,North,Consumer
CUST18448,Customer_8448,64,Other,Hyderabad,Telangana,South,Consumer
CUST18449,Customer_8449,30, FEMALE,Chennai,Maharashtra,South,Consumer
CUST18450,Customer_8450,32,Male,Ahmedabad,Telangana,West,Consumer
CUST18451,Customer_8451,44,Male,Delhi,Maharashtra,East,Corporate
CUST18452,Customer_8452,21,Male,Chennai,Maharashtra,South,Consumer
CUST18453,Customer_8453,33,Female,Hyderabad,Maharashtra,,
CUST18454,Customer_8454,47,Female,,Gujarat,East,Corporate
CUST18455,Customer_8455,61,Female,Ahmedabad,Maharashtra,North,Consumer
CUST18456,Customer_8456,47, FEMALE,Hyderabad,,South,consumer 
CUST18457,Customer_8457,53,Male,,Delhi,,Corporate
CUST18458,Customer_8458,20,Male,Chennai,Rajasthan,East,Consumer
CUST18459,Customer_8459,39,Male,Mumbai,Gujarat,South,Corporate
CUST18460,Customer_8460,66,Male,Pune,Gujarat,North,Consumer
CUST18461,Customer_8461,39,Male,Mumbai,Maharashtra,West,Small Business
CUST18462,Customer_8462,67,Female,Kolkata,Rajasthan,North,Small Business
CUST18463,Customer_8463,67,Male,Ahmedabad,Maharashtra,North,Consumer
CUST18464,Customer_8464,66,Male,Jaipur,Karnataka,South,Consumer
CUST18465,Customer_8465,29,Female,Bengaluru,Uttar Pradesh,South,Corporate
CUST18466,Customer_8466,38,Male,Bengaluru,Karnataka,,Consumer
CUST18467,Customer_8467,21,Female,Delhi,Karnataka,North,Consumer
CUST18468,Customer_8468,48,Male,Bengaluru,Maharashtra,East,consumer 
CUST18469,Customer_8469,61,Female,Delhi,Delhi,North,Corporate
CUST18470,Customer_8470,48,Other,Chennai,Maharashtra,West,Consumer
CUST18471,Customer_8471,40,Male,Kolkata,Gujarat,South,Corporate
CUST18472,Customer_8472,37,Female,Jaipur,Delhi,West,Consumer
CUST18473,Customer_8473,32, FEMALE,Delhi,Rajasthan,South,Corporate
CUST18474,Customer_8474,40,Female,Bengaluru,Uttar Pradesh,East,Small Business
CUST18475,Customer_8475,45,Male,Bengaluru,West Bengal,East,Corporate
CUST18476,Customer_8476,33,Female,Delhi,Uttar Pradesh,South,Corporate
CUST18477,Customer_8477,54,Female,Hyderabad,Rajasthan,East,Consumer
CUST18478,Customer_8478,38, FEMALE,Bengaluru,Telangana,South,Small Business
CUST18479,Customer_8479,32,Male,Kolkata,Telangana,West,Small Business
CUST18480,Customer_8480,34,Male,Ahmedabad,Gujarat,East,Small Business
CUST18481,Customer_8481,67,Male,Chennai,, north ,Consumer
CUST18482,Customer_8482,54,Male,Jaipur,Rajasthan,North,Corporate
CUST18483,Customer_8483,30,Male,Mumbai,Maharashtra,North,Small Business
CUST18484,Customer_8484,36,Male,Ahmedabad,Telangana,South,Corporate
CUST18485,Customer_8485,47,Male,Mumbai,Tamil Nadu,North,Small Business
CUST18486,Customer_8486,62,Male,Mumbai,Uttar Pradesh,South,consumer 
CUST18487,Customer_8487,35,Other,Delhi,Rajasthan,North,Consumer
CUST18488,Customer_8488,31,Male,Bengaluru,Tamil Nadu, north ,Consumer
CUST18489,Customer_8489,53,Male,Pune,Rajasthan,East,Corporate
CUST18490,Customer_8490,53,Male,,Delhi,East,Consumer
CUST18491,Customer_8491,37,Other,Lucknow,Uttar Pradesh,West,CORPORATE
CUST18492,Customer_8492,69,Female,Hyderabad,Maharashtra,North,Consumer
CUST18493,Customer_8493,36,male ,Pune,Rajasthan, north ,Consumer
CUST18494,Customer_8494,62,Male,Pune,Maharashtra,East,
CUST18495,Customer_8495,61,male ,Lucknow,Maharashtra,North,Consumer
CUST18496,Customer_8496,24,Female,Jaipur,Delhi,West,Consumer
CUST18497,Customer_8497,61,Male,Pune,Gujarat,East,Consumer
CUST18498,Customer_8498,21,Female,Kolkata,West Bengal,East,Small Business
CUST18499,Customer_8499,51,male ,Jaipur,Telangana, north ,Consumer
CUST18500,Customer_8500,19,male ,Mumbai,Uttar Pradesh, north ,Consumer
CUST18501,Customer_8501,22, FEMALE,,West Bengal, north ,CORPORATE
CUST18502,Customer_8502,27,Other,Kolkata,West Bengal,South,Consumer
CUST18503,Customer_8503,49,Male,Lucknow,Tamil Nadu,West,Small Business
CUST18504,Customer_8504,59,Female,Hyderabad,Delhi,South,Consumer
CUST18505,Customer_8505,58,Male,Ahmedabad,Karnataka,West,Consumer
CUST18506,Customer_8506,30, FEMALE,Mumbai,Maharashtra,South,Small Business
CUST18507,Customer_8507,56,Male,Hyderabad,Rajasthan,East,Consumer
CUST18508,Customer_8508,22, FEMALE,Hyderabad,Karnataka, north ,Consumer
CUST18509,Customer_8509,27,Male,Ahmedabad,Telangana,West,Small Business
CUST18510,Customer_8510,27,Male,Bengaluru,Karnataka,SOUTH,Corporate
CUST18511,Customer_8511,55,Male,Chennai,Maharashtra,South,Small Business
CUST18512,Customer_8512,44,Male,Mumbai,Gujarat,North,Consumer
CUST18513,Customer_8513,68, FEMALE,Chennai,Gujarat,SOUTH,Small Business
CUST18514,Customer_8514,38,Male,Lucknow,Delhi,East,Consumer
CUST18515,Customer_8515,25,Female,Bengaluru,Uttar Pradesh, north ,Small Business
CUST18516,Customer_8516,18,Male,Lucknow,Tamil Nadu,West,Corporate
CUST18517,Customer_8517,45,Male,Ahmedabad,Uttar Pradesh, north ,Small Business
CUST18518,Customer_8518,66,Male,Delhi,Maharashtra,West,Consumer
CUST18519,Customer_8519,56,Male,Jaipur,Maharashtra,West,Consumer
CUST18520,Customer_8520,31, FEMALE,Bengaluru,Gujarat,North,Small Business
CUST18521,Customer_8521,38,Female,Mumbai,Gujarat,SOUTH,consumer 
CUST18522,Customer_8522,47,Male,Pune,Tamil Nadu,North,Consumer
CUST18523,Customer_8523,38,Female,Kolkata,Gujarat,North,Small Business
CUST18524,Customer_8524,66,Male,Hyderabad,Rajasthan,East,Consumer
CUST18525,Customer_8525,26,Male,Delhi,Maharashtra,West,Consumer
CUST18526,Customer_8526,34,Female,Ahmedabad,Karnataka,West,CORPORATE
CUST18527,Customer_8527,22,Male,Jaipur,Maharashtra,South,CORPORATE
CUST18528,Customer_8528,48,Female,Bengaluru,Uttar Pradesh,West,Consumer
CUST18529,Customer_8529,69,Female,Chennai,, north ,Consumer
CUST18530,Customer_8530,57,male ,Delhi,Tamil Nadu,East,Consumer
CUST18531,Customer_8531,55,Other,Bengaluru,Rajasthan,,Corporate
CUST18532,Customer_8532,60,Male,Chennai,Uttar Pradesh,East,Consumer
CUST18533,Customer_8533,36,Male,Chennai,Maharashtra, north ,Consumer
CUST18534,Customer_8534,53,Male,Mumbai,Karnataka, north ,Consumer
CUST18535,Customer_8535,67,Male,Jaipur,Telangana,North,Consumer
CUST18536,Customer_8536,50,male ,Bengaluru,West Bengal,,consumer 
CUST18537,Customer_8537,30,Female,Pune,Gujarat,North,Consumer
CUST18538,Customer_8538,31,Female,Bengaluru,Karnataka,East,Consumer
CUST18539,Customer_8539,50,Female,Hyderabad,Tamil Nadu,South,Corporate
CUST18540,Customer_8540,46,Male,Mumbai,Uttar Pradesh,East,CORPORATE
CUST18541,Customer_8541,60,Female,Kolkata,Delhi,West,Consumer
CUST18542,Customer_8542,66,male ,Hyderabad,Tamil Nadu,South,Corporate
CUST18543,Customer_8543,53,Female,Delhi,Maharashtra,North,consumer 
CUST18544,Customer_8544,61,Male,Delhi,Tamil Nadu,South,Consumer
CUST18545,Customer_8545,27,Female,Chennai,Uttar Pradesh,North,Corporate
CUST18546,Customer_8546,48,Male,Mumbai,Maharashtra,West,Consumer
CUST18547,Customer_8547,23,Female,Pune,Gujarat,South,CORPORATE
CUST18548,Customer_8548,18,Female,Hyderabad,Karnataka,West,Corporate
CUST18549,Customer_8549,24,Female,Kolkata,Maharashtra,South,consumer 
CUST18550,Customer_8550,44,Female,Ahmedabad,Tamil Nadu,East,Corporate
CUST18551,Customer_8551,38, FEMALE,Chennai,Gujarat,East,Corporate
CUST18552,Customer_8552,45,Male,Jaipur,Delhi,North,Consumer
CUST18553,Customer_8553,33,Other,Jaipur,Karnataka,West,consumer 
CUST18554,Customer_8554,63,Female,Ahmedabad,Rajasthan,North,Corporate
CUST18555,Customer_8555,40,Female,Mumbai,Karnataka,East,Consumer
CUST18556,Customer_8556,69, FEMALE,Lucknow,Delhi,,Consumer
CUST18557,Customer_8557,37,Female,Ahmedabad,Karnataka,East,Corporate
CUST18558,Customer_8558,55,male ,Hyderabad,Uttar Pradesh,West,Consumer
CUST18559,Customer_8559,42,Male,Bengaluru,Gujarat,South,Small Business
CUST18560,Customer_8560,45,Male,Ahmedabad,Delhi,,Consumer
CUST18561,Customer_8561,22,Female,Pune,West Bengal,North,Corporate
CUST18562,Customer_8562,38, FEMALE,Hyderabad,Maharashtra,South,Consumer
CUST18563,Customer_8563,35, FEMALE,Lucknow,Rajasthan,South,Consumer
CUST18564,Customer_8564,64,Female,Bengaluru,Delhi,East,Consumer
CUST18565,Customer_8565,23,Female,Mumbai,Delhi,West,Corporate
CUST18566,Customer_8566,46,Male,Pune,Uttar Pradesh,West,Consumer
CUST18567,Customer_8567,36,,Pune,Delhi,West,Consumer
CUST18568,Customer_8568,50,Male,Lucknow,Karnataka,East,Consumer
CUST18569,Customer_8569,18,Female,Chennai,Gujarat,,consumer 
CUST18570,Customer_8570,62,Female,Lucknow,,South,Corporate
CUST18571,Customer_8571,20,Female,Bengaluru,Maharashtra,South,Consumer
CUST18572,Customer_8572,59,Female,Pune,West Bengal,West,CORPORATE
CUST18573,Customer_8573,38,Other,Mumbai,Tamil Nadu,West,Small Business
CUST18574,Customer_8574,52,Female,Hyderabad,Telangana,East,CORPORATE
CUST18575,Customer_8575,58,Other,,Gujarat,North,Corporate
CUST18576,Customer_8576,57,Male,Mumbai,Uttar Pradesh,SOUTH,Consumer
CUST18577,Customer_8577,20,Female,Lucknow,Uttar Pradesh,South,Corporate
CUST18578,Customer_8578,42,Female,Bengaluru,Karnataka,,Consumer
CUST18579,Customer_8579,62,Female,Delhi,Telangana,West,Consumer
CUST18580,Customer_8580,55, FEMALE,Delhi,Tamil Nadu,South,Corporate
CUST18581,Customer_8581,62,Male,Jaipur,Karnataka,North,Consumer
CUST18582,Customer_8582,37,Male,Bengaluru,Delhi,SOUTH,Consumer
CUST18583,Customer_8583,69,Female,Kolkata,Maharashtra,West,Consumer
CUST18584,Customer_8584,61,Male,,Maharashtra,South,Small Business
CUST18585,Customer_8585,62,Other,Bengaluru,Maharashtra,East,Consumer
CUST18586,Customer_8586,51,Male,Chennai,Karnataka,West,Consumer
CUST18587,Customer_8587,38,Female,Hyderabad,Karnataka,North,Small Business
CUST18588,Customer_8588,65,Male,Ahmedabad,Telangana,North,Consumer
CUST18589,Customer_8589,40,Female,Bengaluru,Tamil Nadu,South,CORPORATE
CUST18590,Customer_8590,23,Male,Mumbai,Karnataka,North,Consumer
CUST18591,Customer_8591,68,Male,Hyderabad,Gujarat,North,Small Business
CUST18592,Customer_8592,30,Male,Kolkata,Tamil Nadu,North,Consumer
CUST18593,Customer_8593,66,Female,Kolkata,Uttar Pradesh,North,Consumer
CUST18594,Customer_8594,40,,,Gujarat,South,consumer 
CUST18595,Customer_8595,26,Male,Ahmedabad,Maharashtra,SOUTH,CORPORATE
CUST18596,Customer_8596,34,Female,Bengaluru,Telangana,East,Small Business
CUST18597,Customer_8597,19,,Chennai,Telangana,South,Small Business
CUST18598,Customer_8598,36,male ,Jaipur,Karnataka,East,Consumer
CUST18599,Customer_8599,36,,Ahmedabad,Delhi,North,Small Business
CUST18600,Customer_8600,24,Other,Bengaluru,Uttar Pradesh, north ,Consumer
CUST18601,Customer_8601,59,Female,Hyderabad,Maharashtra,East,Consumer
CUST18602,Customer_8602,59,Female,Ahmedabad,,South,Corporate
CUST18603,Customer_8603,37,Male,Hyderabad,Uttar Pradesh,SOUTH,Consumer
CUST18604,Customer_8604,26,Female,Chennai,West Bengal,West,Small Business
CUST18605,Customer_8605,34,male ,Ahmedabad,Maharashtra,South,Consumer
CUST18606,Customer_8606,44,Female,Lucknow,Tamil Nadu,SOUTH,Corporate
CUST18607,Customer_8607,64,Female,Bengaluru,Karnataka, north ,Consumer
CUST18608,Customer_8608,19,Female,Bengaluru,Karnataka,SOUTH,Corporate
CUST18609,Customer_8609,53,Male,Hyderabad,Uttar Pradesh,North,Consumer
CUST18610,Customer_8610,36, FEMALE,Ahmedabad,Telangana,SOUTH,Consumer
CUST18611,Customer_8611,34,Female,,Telangana,East,Consumer
CUST18612,Customer_8612,22,Male,Jaipur,Gujarat,West,Consumer
CUST18613,Customer_8613,56, FEMALE,Chennai,Delhi,North,Consumer
CUST18614,Customer_8614,35,Female,Delhi,West Bengal,,Consumer
CUST18615,Customer_8615,24,Female,Kolkata,West Bengal,,Consumer
CUST18616,Customer_8616,34,Female,Hyderabad,Telangana,South,Consumer
CUST18617,Customer_8617,56,Female,Kolkata,Uttar Pradesh,North,CORPORATE
CUST18618,Customer_8618,53,male ,Pune,Gujarat,North,Consumer
CUST18619,Customer_8619,57,Female,Chennai,Tamil Nadu,SOUTH,Small Business
CUST18620,Customer_8620,62,Female,Ahmedabad,Telangana,West,Corporate
CUST18621,Customer_8621,21,Male,Delhi,Tamil Nadu,East,Corporate
CUST18622,Customer_8622,55, FEMALE,Jaipur,Uttar Pradesh,West,Consumer
CUST18623,Customer_8623,42,Male,Hyderabad,Rajasthan,East,Consumer
CUST18624,Customer_8624,22, FEMALE,Jaipur,Maharashtra,North,Small Business
CUST18625,Customer_8625,47,Male,Kolkata,Delhi,West,Consumer
CUST18626,Customer_8626,29,Female,Delhi,Gujarat,West,Consumer
CUST18627,Customer_8627,21,Other,Bengaluru,Karnataka,South,Corporate
CUST18628,Customer_8628,41,Male,Mumbai,West Bengal,South,Consumer
CUST18629,Customer_8629,46,Female,Mumbai,Uttar Pradesh,South,Small Business
CUST18630,Customer_8630,26,male ,Jaipur,Karnataka,East,Small Business
CUST18631,Customer_8631,21,Female,Mumbai,West Bengal,North,Consumer
CUST18632,Customer_8632,68,Female,Chennai,Maharashtra,West,Small Business
CUST18633,Customer_8633,41,Female,Bengaluru,Gujarat,South,Corporate
CUST18634,Customer_8634,31,Female,Pune,Delhi,West,Corporate
CUST18635,Customer_8635,22, FEMALE,Jaipur,Telangana,,consumer 
CUST18636,Customer_8636,35,male ,Bengaluru,Tamil Nadu, north ,Consumer
CUST18637,Customer_8637,59,Male,Pune,Uttar Pradesh,West,Small Business
CUST18638,Customer_8638,36,,Lucknow,Maharashtra,North,Corporate
CUST18639,Customer_8639,29,Female,Delhi,Telangana,West,Consumer
CUST18640,Customer_8640,35,Male,Jaipur,Karnataka,West,Small Business
CUST18641,Customer_8641,34,Male,Bengaluru,Karnataka,West,Consumer
CUST18642,Customer_8642,47,Male,Mumbai,Uttar Pradesh, north ,Corporate
CUST18643,Customer_8643,41,Male,Pune,Delhi,South,Consumer
CUST18644,Customer_8644,28,Male,Mumbai,Uttar Pradesh,West,Consumer
CUST18645,Customer_8645,52,Male,Lucknow,Uttar Pradesh,South,Corporate
CUST18646,Customer_8646,40,Female,Delhi,Gujarat,South,Consumer
CUST18647,Customer_8647,34,Male,Delhi,West Bengal,East,Consumer
CUST18648,Customer_8648,18,Male,Chennai,Karnataka,South,CORPORATE
CUST18649,Customer_8649,32,Male,Pune,Telangana,East,Consumer
CUST18650,Customer_8650,49,Male,Jaipur,Gujarat,West,Corporate
CUST18651,Customer_8651,26,Male,Bengaluru,Gujarat,East,Corporate
CUST18652,Customer_8652,32,Female,Lucknow,Tamil Nadu,SOUTH,Consumer
CUST18653,Customer_8653,45,Other,Ahmedabad,Gujarat,West,Corporate
CUST18654,Customer_8654,41, FEMALE,Chennai,Uttar Pradesh,,Corporate
CUST18655,Customer_8655,52, FEMALE,,Gujarat,West,Consumer
CUST18656,Customer_8656,39,Male,Chennai,Rajasthan,East,Consumer
CUST18657,Customer_8657,44,Male,Delhi,Gujarat,South,Consumer
CUST18658,Customer_8658,36,Male,Bengaluru,Gujarat,West,consumer 
CUST18659,Customer_8659,62,male ,Delhi,Delhi,West,Consumer
CUST18660,Customer_8660,29,Male,,Gujarat,West,Consumer
CUST18661,Customer_8661,37,Female,Mumbai,Karnataka,West,Consumer
CUST18662,Customer_8662,18,Male,Kolkata,Telangana, north ,consumer 
CUST18663,Customer_8663,38,Male,Bengaluru,Uttar Pradesh,North,Small Business
CUST18664,Customer_8664,66,,Kolkata,Rajasthan,East,consumer 
CUST18665,Customer_8665,62,Female,Mumbai,Gujarat,East,consumer 
CUST18666,Customer_8666,18,male ,Jaipur,Telangana,South,CORPORATE
CUST18667,Customer_8667,27,Female,Delhi,Telangana,,Corporate
CUST18668,Customer_8668,64, FEMALE,Ahmedabad,Delhi,West,Consumer
CUST18669,Customer_8669,49,Female,Lucknow,Tamil Nadu,South,Small Business
CUST18670,Customer_8670,56,Other,Kolkata,Uttar Pradesh,South,Consumer
CUST18671,Customer_8671,39,Male,Delhi,Karnataka,West,Consumer
CUST18672,Customer_8672,35,Female,Mumbai,Tamil Nadu,North,Consumer
CUST18673,Customer_8673,65,Female,Lucknow,Maharashtra,East,Small Business
CUST18674,Customer_8674,63,Female,Mumbai,Uttar Pradesh,South,Consumer
CUST18675,Customer_8675,49, FEMALE,Mumbai,Delhi, north ,Small Business
CUST18676,Customer_8676,44,Other,Pune,Rajasthan,West,Small Business
CUST18677,Customer_8677,45,Female,Bengaluru,Telangana,South,Consumer
CUST18678,Customer_8678,35,Female,,Delhi, north ,Consumer
CUST18679,Customer_8679,56,Female,Pune,Gujarat,SOUTH,Consumer
CUST18680,Customer_8680,66, FEMALE,Hyderabad,Tamil Nadu,East,Consumer
CUST18681,Customer_8681,46,Female,Mumbai,West Bengal,North,Corporate
CUST18682,Customer_8682,35,Male,Chennai,Uttar Pradesh,West,Corporate
CUST18683,Customer_8683,61,Female,Hyderabad,Rajasthan,South,consumer 
CUST18684,Customer_8684,25,Male,Jaipur,Uttar Pradesh,East,Consumer
CUST18685,Customer_8685,48,male ,Delhi,Uttar Pradesh,North,Small Business
CUST18686,Customer_8686,51,Male,Pune,West Bengal,East,Corporate
CUST18687,Customer_8687,24,Female,Hyderabad,Telangana,,Small Business
CUST18688,Customer_8688,53,male ,Hyderabad,Karnataka,West,Consumer
CUST18689,Customer_8689,35,Male,Mumbai,Gujarat,North,Consumer
CUST18690,Customer_8690,55,Male,Delhi,Gujarat,West,Consumer
CUST18691,Customer_8691,26,Female,Lucknow,Karnataka,West,Consumer
CUST18692,Customer_8692,26,Male,Bengaluru,Maharashtra,North,Consumer
CUST18693,Customer_8693,63,Male,Kolkata,Maharashtra,West,Corporate
CUST18694,Customer_8694,25,,Ahmedabad,Rajasthan,North,Consumer
CUST18695,Customer_8695,68,male ,Pune,Maharashtra,West,Small Business
CUST18696,Customer_8696,52, FEMALE,Hyderabad,Uttar Pradesh,South,CORPORATE
CUST18697,Customer_8697,35,Other,Bengaluru,Gujarat,East,Corporate
CUST18698,Customer_8698,22,Male,Ahmedabad,Gujarat,South,Consumer
CUST18699,Customer_8699,31,Male,Kolkata,Delhi,South,Small Business
CUST18700,Customer_8700,45,Male,Kolkata,Gujarat,North,Consumer
CUST18701,Customer_8701,47,male ,Hyderabad,Uttar Pradesh, north ,Small Business
CUST18702,Customer_8702,21,Female,Lucknow,Delhi,East,Consumer
CUST18703,Customer_8703,56,Male,Jaipur,Telangana,,Consumer
CUST18704,Customer_8704,37,Male,Bengaluru,Rajasthan, north ,Consumer
CUST18705,Customer_8705,42,Female,Pune,Gujarat, north ,Consumer
CUST18706,Customer_8706,45,Female,Hyderabad,Maharashtra,East,Small Business
CUST18707,Customer_8707,29, FEMALE,Delhi,Maharashtra,North,Consumer
CUST18708,Customer_8708,19,Female,Lucknow,Tamil Nadu,SOUTH,Consumer
CUST18709,Customer_8709,60, FEMALE,Mumbai,Gujarat,North,Consumer
CUST18710,Customer_8710,31,Female,Chennai,,East,Corporate
CUST18711,Customer_8711,39,Female,Bengaluru,Maharashtra, north ,Consumer
CUST18712,Customer_8712,48,Other,Bengaluru,Karnataka,East,CORPORATE
CUST18713,Customer_8713,40, FEMALE,Chennai,Gujarat,North,Small Business
CUST18714,Customer_8714,65,Male,,Uttar Pradesh,South,Small Business
CUST18715,Customer_8715,37,Male,Hyderabad,,,Consumer
CUST18716,Customer_8716,55,Female,Mumbai,Gujarat,,Consumer
CUST18717,Customer_8717,21,Female,Pune,Maharashtra,West,Corporate
CUST18718,Customer_8718,32,Female,Mumbai,Uttar Pradesh, north ,Consumer
CUST18719,Customer_8719,41,Other,Delhi,Delhi,North,consumer 
CUST18720,Customer_8720,42,Male,Delhi,Uttar Pradesh,South,Small Business
CUST18721,Customer_8721,18,Female,Delhi,West Bengal,South,Consumer
CUST18722,Customer_8722,24,Male,Hyderabad,Gujarat,North,consumer 
CUST18723,Customer_8723,48, FEMALE,Hyderabad,Gujarat,South,Consumer
CUST18724,Customer_8724,29,Other,Mumbai,Delhi,North,Consumer
CUST18725,Customer_8725,59,Female,Jaipur,Maharashtra,East,Consumer
CUST18726,Customer_8726,22,Male,Mumbai,Tamil Nadu,,Consumer
CUST18727,Customer_8727,61,male ,Ahmedabad,Gujarat,South,Small Business
CUST18728,Customer_8728,67,Female,Pune,Uttar Pradesh, north ,Consumer
CUST18729,Customer_8729,59,Male,Delhi,Gujarat,North,Small Business
CUST18730,Customer_8730,55, FEMALE,Ahmedabad,West Bengal,North,Consumer
CUST18731,Customer_8731,29,Other,Bengaluru,Karnataka,South,
CUST18732,Customer_8732,56,Female,Hyderabad,Delhi,West,consumer 
CUST18733,Customer_8733,35,Female,Bengaluru,Maharashtra,East,Small Business
CUST18734,Customer_8734,19,Male,Jaipur,Rajasthan,East,Corporate
CUST18735,Customer_8735,27,Female,Chennai,Gujarat,North,Consumer
CUST18736,Customer_8736,32,Female,Mumbai,Karnataka,East,Consumer
CUST18737,Customer_8737,47,Male,Delhi,Gujarat,South,Consumer
CUST18738,Customer_8738,61,Male,Jaipur,Telangana,South,Consumer
CUST18739,Customer_8739,34,Male,Mumbai,Karnataka,East,Corporate
CUST18740,Customer_8740,21,Male,Mumbai,Tamil Nadu, north ,Consumer
CUST18741,Customer_8741,24,Female,Chennai,Telangana,North,Corporate
CUST18742,Customer_8742,58,Female,Lucknow,Gujarat,West,Small Business
CUST18743,Customer_8743,48,Female,Bengaluru,Tamil Nadu,,Consumer
CUST18744,Customer_8744,68,Female,Bengaluru,Karnataka,South,Small Business
CUST18745,Customer_8745,56,Female,Lucknow,Gujarat,North,Consumer
CUST18746,Customer_8746,51,male ,Mumbai,,SOUTH,Consumer
CUST18747,Customer_8747,23,Female,Pune,Rajasthan,North,Consumer
CUST18748,Customer_8748,67,,Ahmedabad,Karnataka,East,Consumer
CUST18749,Customer_8749,55,Female,Lucknow,Maharashtra,North,Consumer
CUST18750,Customer_8750,62,Female,Delhi,Delhi,East,Corporate
CUST18751,Customer_8751,68,Male,Bengaluru,Delhi,South,CORPORATE
CUST18752,Customer_8752,51,Female,Mumbai,Gujarat,North,consumer 
CUST18753,Customer_8753,61, FEMALE,Ahmedabad,Delhi,West,Consumer
CUST18754,Customer_8754,32,Other,,Tamil Nadu,West,consumer 
CUST18755,Customer_8755,31,,Mumbai,Rajasthan,South,CORPORATE
CUST18756,Customer_8756,23,Male,Kolkata,Gujarat,,Consumer
CUST18757,Customer_8757,67,Female,Lucknow,Maharashtra,South,consumer 
CUST18758,Customer_8758,54,Female,Mumbai,Telangana,West,
CUST18759,Customer_8759,67,Female,Mumbai,Karnataka,West,Small Business
CUST18760,Customer_8760,49,Male,Delhi,Karnataka,North,Consumer
CUST18761,Customer_8761,20, FEMALE,Hyderabad,Karnataka, north ,Corporate
CUST18762,Customer_8762,20, FEMALE,Ahmedabad,West Bengal,North,Consumer
CUST18763,Customer_8763,39,Female,Ahmedabad,Delhi,North,
CUST18764,Customer_8764,39,Male,Mumbai,Telangana,West,Consumer
CUST18765,Customer_8765,27,Male,Mumbai,Maharashtra,North,consumer 
CUST18766,Customer_8766,68,Female,Hyderabad,Gujarat,North,Consumer
CUST18767,Customer_8767,20,Male,Jaipur,West Bengal,South,Consumer
CUST18768,Customer_8768,29, FEMALE,Pune,Gujarat,West,CORPORATE
CUST18769,Customer_8769,46,Female,Chennai,Maharashtra,North,consumer 
CUST18770,Customer_8770,65,Female,Pune,Uttar Pradesh,South,Consumer
CUST18771,Customer_8771,34,Female,Delhi,Telangana,South,CORPORATE
CUST18772,Customer_8772,24,Male,Chennai,Maharashtra,South,consumer 
CUST18773,Customer_8773,30,Other,,Uttar Pradesh,West,consumer 
CUST18774,Customer_8774,19,Female,Delhi,Uttar Pradesh,South,Corporate
CUST18775,Customer_8775,21,,Chennai,,West,CORPORATE
CUST18776,Customer_8776,27,Female,Bengaluru,Uttar Pradesh,West,Small Business
CUST18777,Customer_8777,56,Female,Chennai,Maharashtra,,CORPORATE
CUST18778,Customer_8778,41,Male,Pune,Karnataka,South,Consumer
CUST18779,Customer_8779,34,Female,Pune,Telangana,West,Corporate
CUST18780,Customer_8780,69,male ,Lucknow,Maharashtra,East,consumer 
CUST18781,Customer_8781,23,male ,Hyderabad,Uttar Pradesh, north ,Corporate
CUST18782,Customer_8782,36,male ,Chennai,Tamil Nadu,SOUTH,Small Business
CUST18783,Customer_8783,22,Male,Delhi,Gujarat,West,
CUST18784,Customer_8784,49,Other,Jaipur,West Bengal,,Small Business
CUST18785,Customer_8785,27,,Bengaluru,Tamil Nadu,East,Consumer
CUST18786,Customer_8786,26,Male,Lucknow,Delhi,North,Consumer
CUST18787,Customer_8787,44,Other,Bengaluru,Maharashtra,East,Consumer
CUST18788,Customer_8788,30,Male,Delhi,Gujarat,South,Corporate
CUST18789,Customer_8789,36,Female,Mumbai,,,Consumer
CUST18790,Customer_8790,38,Male,,Telangana,East,Consumer
CUST18791,Customer_8791,41,Other,Bengaluru,Uttar Pradesh,South,Consumer
CUST18792,Customer_8792,55,Male,Delhi,West Bengal,South,consumer 
CUST18793,Customer_8793,21,Female,Delhi,Gujarat,South,Consumer
CUST18794,Customer_8794,41,Female,Bengaluru,Maharashtra,,Consumer
CUST18795,Customer_8795,52,Male,Delhi,Tamil Nadu,North,Corporate
CUST18796,Customer_8796,20,Female,Chennai,Telangana,West,Consumer
CUST18797,Customer_8797,21,Male,Mumbai,Tamil Nadu,South,Consumer
CUST18798,Customer_8798,54,Female,Chennai,Karnataka,West,Consumer
CUST18799,Customer_8799,57,,Mumbai,Tamil Nadu, north ,Corporate
CUST18800,Customer_8800,65,male ,Hyderabad,West Bengal,West,Consumer
CUST18801,Customer_8801,52, FEMALE,Pune,Delhi,South,CORPORATE
CUST18802,Customer_8802,48,Male,Delhi,Uttar Pradesh,West,Consumer
CUST18803,Customer_8803,61,Male,Hyderabad,Rajasthan,North,CORPORATE
CUST18804,Customer_8804,42,Female,Bengaluru,Gujarat,West,Small Business
CUST18805,Customer_8805,57,Male,Bengaluru,Telangana,South,Small Business
CUST18806,Customer_8806,30,Other,Pune,Delhi,West,Consumer
CUST18807,Customer_8807,21,Male,Pune,Tamil Nadu,West,Corporate
CUST18808,Customer_8808,63, FEMALE,Kolkata,Maharashtra,East,Small Business
CUST18809,Customer_8809,31,Male,Mumbai,Rajasthan,West,Corporate
CUST18810,Customer_8810,30,male ,Bengaluru,Delhi,North,Corporate
CUST18811,Customer_8811,44,Male,Mumbai,Telangana,East,Consumer
CUST18812,Customer_8812,23,Male,Pune,Delhi,East,Consumer
CUST18813,Customer_8813,34,Female,Chennai,Delhi,,Consumer
CUST18814,Customer_8814,53,Male,Bengaluru,Gujarat,South,
CUST18815,Customer_8815,57,Female,Jaipur,,South,Small Business
CUST18816,Customer_8816,66,Female,Delhi,Tamil Nadu,South,Consumer
CUST18817,Customer_8817,52,Male,Ahmedabad,Maharashtra,West,Consumer
CUST18818,Customer_8818,34,Other,Delhi,Gujarat,East,Corporate
CUST18819,Customer_8819,58,Female,Jaipur,Gujarat,North,Consumer
CUST18820,Customer_8820,19,Female,Hyderabad,Gujarat,North,Corporate
CUST18821,Customer_8821,30,Female,,Tamil Nadu,East,Consumer
CUST18822,Customer_8822,69,Female,Delhi,Delhi, north ,Consumer
CUST18823,Customer_8823,19,Male,Hyderabad,Delhi,North,Corporate
CUST18824,Customer_8824,69,Male,Bengaluru,Gujarat,East,Consumer
CUST18825,Customer_8825,45,Female,,Gujarat, north ,Consumer
CUST18826,Customer_8826,60,Female,,Telangana,North,consumer 
CUST18827,Customer_8827,43,Female,Mumbai,Karnataka,South,Consumer
CUST18828,Customer_8828,39,Female,Pune,Rajasthan,SOUTH,Corporate
CUST18829,Customer_8829,64,Female,Chennai,Uttar Pradesh,North,consumer 
CUST18830,Customer_8830,60,Male,Mumbai,Uttar Pradesh,East,Consumer
CUST18831,Customer_8831,20,Male,Mumbai,West Bengal,East,Consumer
CUST18832,Customer_8832,52,Female,,Maharashtra,North,Small Business
CUST18833,Customer_8833,29,Male,Chennai,Karnataka,North,Corporate
CUST18834,Customer_8834,41,Male,Mumbai,Uttar Pradesh,East,Small Business
CUST18835,Customer_8835,22,Male,Mumbai,Uttar Pradesh,West,Consumer
CUST18836,Customer_8836,37,,Bengaluru,Maharashtra,North,Small Business
CUST18837,Customer_8837,56,Female,Chennai,Maharashtra,West,Consumer
CUST18838,Customer_8838,56,Male,Bengaluru,Rajasthan,East,consumer 
CUST18839,Customer_8839,30,Male,Chennai,Telangana,South,Small Business
CUST18840,Customer_8840,58,Female,Mumbai,West Bengal,West,Corporate
CUST18841,Customer_8841,62,Female,Bengaluru,West Bengal,North,Corporate
CUST18842,Customer_8842,29,male ,Delhi,Uttar Pradesh,South,Consumer
CUST18843,Customer_8843,30,Other,Ahmedabad,Uttar Pradesh,East,Consumer
CUST18844,Customer_8844,27,Female,Mumbai,Karnataka,South,Consumer
CUST18845,Customer_8845,50,Male,Jaipur,Tamil Nadu,South,Corporate
CUST18846,Customer_8846,57,male ,Bengaluru,Maharashtra,West,
CUST18847,Customer_8847,33,Other,Chennai,Gujarat,West,Small Business
CUST18848,Customer_8848,62,Female,Bengaluru,Gujarat,West,Consumer
CUST18849,Customer_8849,52,Female,Kolkata,Karnataka, north ,Small Business
CUST18850,Customer_8850,20,Male,Lucknow,Maharashtra,,Consumer
CUST18851,Customer_8851,22,Female,Bengaluru,Delhi,East,Consumer
CUST18852,Customer_8852,43,Female,Bengaluru,West Bengal,South,Consumer
CUST18853,Customer_8853,28,Other,Kolkata,Delhi,West,
CUST18854,Customer_8854,24,Female,Mumbai,Rajasthan,North,Consumer
CUST18855,Customer_8855,27,male ,Kolkata,Rajasthan,East,Consumer
CUST18856,Customer_8856,59,Male,Delhi,West Bengal,East,Consumer
CUST18857,Customer_8857,69,Male,Pune,Gujarat,,Small Business
CUST18858,Customer_8858,51,Female,Chennai,Telangana,,Consumer
CUST18859,Customer_8859,20,Male,Delhi,Gujarat,West,consumer 
CUST18860,Customer_8860,25,Female,Kolkata,Delhi,East,Corporate
CUST18861,Customer_8861,48,Male,Hyderabad,Maharashtra,East,Consumer
CUST18862,Customer_8862,28,male ,Mumbai,Telangana,South,Small Business
CUST18863,Customer_8863,62,male ,Hyderabad,West Bengal,West,Consumer
CUST18864,Customer_8864,24,Female,Chennai,Delhi,West,Small Business
CUST18865,Customer_8865,62,Male,Delhi,West Bengal,West,Small Business
CUST18866,Customer_8866,19,Female,Ahmedabad,Karnataka,North,Small Business
CUST18867,Customer_8867,23,,Kolkata,Gujarat,South,consumer 
CUST18868,Customer_8868,58,Female,Delhi,Tamil Nadu,East,consumer 
CUST18869,Customer_8869,49,Male,Lucknow,West Bengal,North,Corporate
CUST18870,Customer_8870,37,Male,Bengaluru,Gujarat,South,CORPORATE
CUST18871,Customer_8871,51,Male,Pune,Uttar Pradesh,North,Consumer
CUST18872,Customer_8872,67,Male,,Telangana,SOUTH,CORPORATE
CUST18873,Customer_8873,33,male ,Jaipur,Tamil Nadu,West,Consumer
CUST18874,Customer_8874,42, FEMALE,Jaipur,Rajasthan,West,Consumer
CUST18875,Customer_8875,29,Male,Pune,Maharashtra,North,Small Business
CUST18876,Customer_8876,24,Male,Bengaluru,Delhi,South,Consumer
CUST18877,Customer_8877,56,Male,Bengaluru,Karnataka,North,Consumer
CUST18878,Customer_8878,34, FEMALE,Hyderabad,Uttar Pradesh,East,Consumer
CUST18879,Customer_8879,62,Female,Mumbai,Karnataka,West,Consumer
CUST18880,Customer_8880,28,Female,Bengaluru,Maharashtra,North,Consumer
CUST18881,Customer_8881,23,Female,Kolkata,Maharashtra,North,Consumer
CUST18882,Customer_8882,40,Female,Lucknow,Rajasthan,North,Corporate
CUST18883,Customer_8883,44,Female,Bengaluru,West Bengal,West,Small Business
CUST18884,Customer_8884,63,Male,Mumbai,Rajasthan, north ,Small Business
CUST18885,Customer_8885,23,Female,Lucknow,Karnataka,West,Consumer
CUST18886,Customer_8886,55,Female,Ahmedabad,Gujarat,East,CORPORATE
CUST18887,Customer_8887,19,Male,Hyderabad,Telangana,North,Consumer
CUST18888,Customer_8888,39,Male,Delhi,Tamil Nadu,West,Consumer
CUST18889,Customer_8889,37,Male,Kolkata,Gujarat,North,CORPORATE
CUST18890,Customer_8890,42,Female,Jaipur,,South,Corporate
CUST18891,Customer_8891,32,Female,Delhi,Rajasthan,South,
CUST18892,Customer_8892,66,Other,Pune,Gujarat,South,Consumer
CUST18893,Customer_8893,46,Male,Pune,Tamil Nadu,South,Small Business
CUST18894,Customer_8894,25,Male,Hyderabad,Karnataka,West,Consumer
CUST18895,Customer_8895,54,Male,Jaipur,Karnataka,North,consumer 
CUST18896,Customer_8896,66,Female,Hyderabad,Tamil Nadu, north ,Consumer
CUST18897,Customer_8897,69,Female,Kolkata,West Bengal, north ,Consumer
CUST18898,Customer_8898,50,Female,Chennai,Telangana,East,Consumer
CUST18899,Customer_8899,39,Male,Bengaluru,Gujarat,North,Corporate
CUST18900,Customer_8900,67,Female,Pune,Telangana,East,Consumer
CUST18901,Customer_8901,64, FEMALE,Jaipur,Karnataka,West,CORPORATE
CUST18902,Customer_8902,22,Other,Ahmedabad,Delhi,South,consumer 
CUST18903,Customer_8903,56,Other,Hyderabad,,West,Small Business
CUST18904,Customer_8904,35,male ,Delhi,Uttar Pradesh,West,Small Business
CUST18905,Customer_8905,55, FEMALE,,West Bengal,,consumer 
CUST18906,Customer_8906,54,Male,Pune,Uttar Pradesh,West,consumer 
CUST18907,Customer_8907,47,Male,Ahmedabad,Uttar Pradesh,North,CORPORATE
CUST18908,Customer_8908,68,Male,Delhi,Gujarat,South,CORPORATE
CUST18909,Customer_8909,48,Female,Bengaluru,Telangana,North,Consumer
CUST18910,Customer_8910,27,Other,Mumbai,Tamil Nadu,North,Consumer
CUST18911,Customer_8911,32,Male,Lucknow,Delhi,West,Corporate
CUST18912,Customer_8912,59,Female,Ahmedabad,Gujarat,SOUTH,Consumer
CUST18913,Customer_8913,65,Female,Chennai,,,Consumer
CUST18914,Customer_8914,61,Other,Mumbai,Uttar Pradesh,South,Small Business
CUST18915,Customer_8915,35,Female,Mumbai,Telangana,North,Corporate
CUST18916,Customer_8916,40,Other,Pune,Tamil Nadu,East,Corporate
CUST18917,Customer_8917,50,Male,Chennai,Telangana,North,CORPORATE
CUST18918,Customer_8918,33,Male,Kolkata,Karnataka,South,Corporate
CUST18919,Customer_8919,55,Female,Bengaluru,Tamil Nadu,West,Consumer
CUST18920,Customer_8920,52,Female,Hyderabad,Delhi,West,Consumer
CUST18921,Customer_8921,51,Male,Delhi,, north ,Consumer
CUST18922,Customer_8922,45,Female,Pune,Telangana,East,Consumer
CUST18923,Customer_8923,19,Female,Hyderabad,Gujarat,East,Consumer
CUST18924,Customer_8924,47,Female,Ahmedabad,Uttar Pradesh,West,Consumer
CUST18925,Customer_8925,30,Male,Kolkata,Karnataka,South,Small Business
CUST18926,Customer_8926,58,Female,Hyderabad,Maharashtra,West,Small Business
CUST18927,Customer_8927,33,Male,Bengaluru,,North,Corporate
CUST18928,Customer_8928,22,Male,Ahmedabad,Uttar Pradesh,West,consumer 
CUST18929,Customer_8929,45,Female,Delhi,Karnataka,West,Consumer
CUST18930,Customer_8930,56,Male,Bengaluru,Delhi,South,Corporate
CUST18931,Customer_8931,62,Male,Ahmedabad,Rajasthan,West,Consumer
CUST18932,Customer_8932,37,Female,Kolkata,Karnataka,North,consumer 
CUST18933,Customer_8933,41,Male,Chennai,Maharashtra,East,Consumer
CUST18934,Customer_8934,44,Other,Mumbai,Uttar Pradesh,West,Consumer
CUST18935,Customer_8935,47,Female,Lucknow,Rajasthan,West,Consumer
CUST18936,Customer_8936,62,,Mumbai,Tamil Nadu,,consumer 
CUST18937,Customer_8937,44,Male,Bengaluru,Gujarat,North,Consumer
CUST18938,Customer_8938,43,Female,Mumbai,Rajasthan,East,CORPORATE
CUST18939,Customer_8939,24,Male,Mumbai,Gujarat, north ,Consumer
CUST18940,Customer_8940,59, FEMALE,Ahmedabad,Maharashtra,East,Consumer
CUST18941,Customer_8941,64,Male,Pune,Karnataka, north ,Consumer
CUST18942,Customer_8942,55,Male,Kolkata,Maharashtra,South,Consumer
CUST18943,Customer_8943,22, FEMALE,Ahmedabad,Karnataka,,Corporate
CUST18944,Customer_8944,40,Male,Mumbai,, north ,Corporate
CUST18945,Customer_8945,45,Male,Delhi,Gujarat, north ,Consumer
CUST18946,Customer_8946,51,Female,Pune,Uttar Pradesh, north ,Consumer
CUST18947,Customer_8947,32,Female,Chennai,Tamil Nadu,North,Consumer
CUST18948,Customer_8948,49,Male,Chennai,Uttar Pradesh,South,Consumer
CUST18949,Customer_8949,43,Female,Delhi,Tamil Nadu,North,Consumer
CUST18950,Customer_8950,65,Male,Chennai,Delhi,North,Corporate
CUST18951,Customer_8951,48,Female,Bengaluru,Tamil Nadu,East,Consumer
CUST18952,Customer_8952,36,Female,Bengaluru,West Bengal,SOUTH,Small Business
CUST18953,Customer_8953,26,Female,Mumbai,Karnataka,East,Small Business
CUST18954,Customer_8954,46,Female,Bengaluru,Maharashtra, north ,Consumer
CUST18955,Customer_8955,68,Male,Hyderabad,Karnataka,SOUTH,Consumer
CUST18956,Customer_8956,56,Male,Bengaluru,West Bengal,North,CORPORATE
CUST18957,Customer_8957,21,Male,Ahmedabad,Maharashtra,North,Consumer
CUST18958,Customer_8958,20,Female,Ahmedabad,Uttar Pradesh,South,Small Business
CUST18959,Customer_8959,46,Female,Pune,Telangana,East,Corporate
CUST18960,Customer_8960,69,Other,,Karnataka,North,Corporate
CUST18961,Customer_8961,28,Male,,Uttar Pradesh,West,Small Business
CUST18962,Customer_8962,50,Female,Hyderabad,Tamil Nadu,North,Consumer
CUST18963,Customer_8963,55,Female,Hyderabad,Telangana,North,Consumer
CUST18964,Customer_8964,28,Female,Ahmedabad,Gujarat,South,consumer 
CUST18965,Customer_8965,44, FEMALE,Pune,Telangana,East,Small Business
CUST18966,Customer_8966,50,Male,Mumbai,Gujarat, north ,Corporate
CUST18967,Customer_8967,38,Male,Kolkata,Tamil Nadu,SOUTH,Consumer
CUST18968,Customer_8968,56,Female,Mumbai,Maharashtra, north ,Corporate
CUST18969,Customer_8969,48,Male,Bengaluru,West Bengal,North,Small Business
CUST18970,Customer_8970,55,Male,Mumbai,Karnataka,West,Consumer
CUST18971,Customer_8971,63,Male,Bengaluru,Maharashtra,South,consumer 
CUST18972,Customer_8972,19,Male,Delhi,Delhi,North,Consumer
CUST18973,Customer_8973,44,Female,Ahmedabad,Karnataka,East,Corporate
CUST18974,Customer_8974,53,Male,Bengaluru,Uttar Pradesh,,Consumer
CUST18975,Customer_8975,28,Female,Delhi,Uttar Pradesh,South,Corporate
CUST18976,Customer_8976,64,Female,Delhi,Gujarat,North,Consumer
CUST18977,Customer_8977,35,Female,Pune,Karnataka,,Corporate
CUST18978,Customer_8978,18,Other,,Rajasthan,West,consumer 
CUST18979,Customer_8979,52,Male,Mumbai,Maharashtra,South,Corporate
CUST18980,Customer_8980,52,Other,Delhi,West Bengal,SOUTH,Consumer
CUST18981,Customer_8981,48,Female,Hyderabad,Gujarat,SOUTH,Consumer
CUST18982,Customer_8982,45,male ,Pune,Delhi,West,Corporate
CUST18983,Customer_8983,56,Female,Bengaluru,,,Consumer
CUST18984,Customer_8984,18,Female,Bengaluru,Uttar Pradesh,South,Consumer
CUST18985,Customer_8985,42, FEMALE,Hyderabad,Uttar Pradesh,South,Consumer
CUST18986,Customer_8986,60, FEMALE,Bengaluru,Rajasthan,South,Consumer
CUST18987,Customer_8987,55,Male,Ahmedabad,Uttar Pradesh,SOUTH,Consumer
CUST18988,Customer_8988,37,Male,Delhi,,West,Corporate
CUST18989,Customer_8989,20,Female,Mumbai,Uttar Pradesh,South,Consumer
CUST18990,Customer_8990,68, FEMALE,Lucknow,Karnataka,West,Consumer
CUST18991,Customer_8991,19,Male,Lucknow,West Bengal,East,Corporate
CUST18992,Customer_8992,35,Female,Delhi,Karnataka,West,Consumer
CUST18993,Customer_8993,61,Female,Ahmedabad,,North,Consumer
CUST18994,Customer_8994,27,male ,Kolkata,Gujarat,West,Small Business
CUST18995,Customer_8995,22,Female,Bengaluru,West Bengal,South,Corporate
CUST18996,Customer_8996,26,Female,Chennai,Uttar Pradesh,North,Consumer
CUST18997,Customer_8997,19,Other,Bengaluru,Gujarat,West,Corporate
CUST18998,Customer_8998,51,Female,Mumbai,Karnataka,South,CORPORATE
CUST18999,Customer_8999,55,Female,Bengaluru,West Bengal,West,CORPORATE
CUST19000,Customer_9000,48,Male,Pune,Tamil Nadu,North,Corporate
CUST19001,Customer_9001,27,Female,Lucknow,Uttar Pradesh,,Consumer
CUST19002,Customer_9002,67,Male,Hyderabad,Telangana,West,Consumer
CUST19003,Customer_9003,29,Male,Bengaluru,Rajasthan,South,Consumer
CUST19004,Customer_9004,53,Female,,Telangana,West,Consumer
CUST19005,Customer_9005,38,Female,Kolkata,Maharashtra,,consumer 
CUST19006,Customer_9006,66,Female,Jaipur,Maharashtra,West,Consumer
CUST19007,Customer_9007,64,Male,Bengaluru,Maharashtra,North,Corporate
CUST19008,Customer_9008,23,Female,Pune,Delhi,South,Consumer
CUST19009,Customer_9009,65,Female,Hyderabad,Tamil Nadu,,Consumer
CUST19010,Customer_9010,66,Female,Jaipur,Rajasthan,North,
CUST19011,Customer_9011,20,Male,Mumbai,Maharashtra,East,Consumer
CUST19012,Customer_9012,27,Female,Bengaluru,West Bengal,North,Consumer
CUST19013,Customer_9013,22,male ,Hyderabad,West Bengal,West,Corporate
CUST19014,Customer_9014,63,Male,Ahmedabad,Maharashtra,South,Small Business
CUST19015,Customer_9015,43,Male,Pune,Telangana,South,Consumer
CUST19016,Customer_9016,38,Female,Ahmedabad,Uttar Pradesh,South,Corporate
CUST19017,Customer_9017,62,Female,Delhi,Delhi,North,Consumer
CUST19018,Customer_9018,43,Female,Chennai,Maharashtra,,Corporate
CUST19019,Customer_9019,55,Female,Hyderabad,, north ,Consumer
CUST19020,Customer_9020,61,Female,Pune,Uttar Pradesh, north ,Corporate
CUST19021,Customer_9021,43,Female,Lucknow,Tamil Nadu,North,Consumer
CUST19022,Customer_9022,25,Male,Lucknow,West Bengal,South,Small Business
CUST19023,Customer_9023,22,Male,Kolkata,Gujarat,East,Corporate
CUST19024,Customer_9024,32,Female,Kolkata,Gujarat,,CORPORATE
CUST19025,Customer_9025,33,Male,Ahmedabad,Karnataka,East,Corporate
CUST19026,Customer_9026,18,Other,Hyderabad,Tamil Nadu,South,Consumer
CUST19027,Customer_9027,33,male ,Lucknow,West Bengal,West,Corporate
CUST19028,Customer_9028,54, FEMALE,Ahmedabad,Delhi,North,Corporate
CUST19029,Customer_9029,20, FEMALE,Chennai,Gujarat, north ,Consumer
CUST19030,Customer_9030,69,Female,Jaipur,Telangana,,Corporate
CUST19031,Customer_9031,64, FEMALE,Hyderabad,Telangana,SOUTH,Consumer
CUST19032,Customer_9032,48,Male,Mumbai,Gujarat,North,Small Business
CUST19033,Customer_9033,30,Male,Pune,Maharashtra,East,consumer 
CUST19034,Customer_9034,33,male ,Mumbai,Delhi,East,Consumer
CUST19035,Customer_9035,60,Male,Chennai,Rajasthan,North,Small Business
CUST19036,Customer_9036,38,,Ahmedabad,Telangana,East,Consumer
CUST19037,Customer_9037,19,Female,Delhi,Uttar Pradesh,West,Consumer
CUST19038,Customer_9038,44,Female,Delhi,Delhi,South,Consumer
CUST19039,Customer_9039,55,Male,Pune,Telangana,South,Consumer
CUST19040,Customer_9040,43,Female,Bengaluru,Maharashtra,North,Corporate
CUST19041,Customer_9041,55,Male,Hyderabad,Uttar Pradesh,SOUTH,Corporate
CUST19042,Customer_9042,63,male ,Hyderabad,Maharashtra,West,Consumer
CUST19043,Customer_9043,42,Male,Delhi,Telangana,West,Consumer
CUST19044,Customer_9044,28,Female,Delhi,Uttar Pradesh,,Consumer
CUST19045,Customer_9045,25,Male,Ahmedabad,Gujarat,West,CORPORATE
CUST19046,Customer_9046,25,Male,Mumbai,Uttar Pradesh,North,Corporate
CUST19047,Customer_9047,50,Female,Hyderabad,Telangana,West,consumer 
CUST19048,Customer_9048,24,Male,Ahmedabad,West Bengal,West,Corporate
CUST19049,Customer_9049,55,Female,Lucknow,Rajasthan, north ,Consumer
CUST19050,Customer_9050,38,Male,Delhi,Gujarat,South,Corporate
CUST19051,Customer_9051,25,Male,Chennai,Gujarat,North,Corporate
CUST19052,Customer_9052,68,Female,Jaipur,Gujarat,SOUTH,Consumer
CUST19053,Customer_9053,38,Male,Kolkata,Uttar Pradesh, north ,Consumer
CUST19054,Customer_9054,37,Male,Jaipur,Maharashtra,South,Corporate
CUST19055,Customer_9055,25,male ,Chennai,Uttar Pradesh,North,Corporate
CUST19056,Customer_9056,63,Male,Mumbai,Uttar Pradesh,East,Consumer
CUST19057,Customer_9057,48,Male,Chennai,Gujarat,East,Small Business
CUST19058,Customer_9058,67,Male,Kolkata,Gujarat,West,Corporate
CUST19059,Customer_9059,46,Female,Pune,Tamil Nadu,West,Corporate
CUST19060,Customer_9060,65,Female,Delhi,Rajasthan,North,Small Business
CUST19061,Customer_9061,26,Male,Delhi,Delhi,West,Consumer
CUST19062,Customer_9062,32,male ,Ahmedabad,West Bengal,North,consumer 
CUST19063,Customer_9063,47,Male,Mumbai,Tamil Nadu,North,Consumer
CUST19064,Customer_9064,43,Female,Bengaluru,Gujarat,South,Consumer
CUST19065,Customer_9065,27,Female,Jaipur,Gujarat,North,Small Business
CUST19066,Customer_9066,46,Female,,Uttar Pradesh,West,Consumer
CUST19067,Customer_9067,33,Other,Mumbai,Delhi,East,Small Business
CUST19068,Customer_9068,53,Female,Chennai,Telangana,East,Consumer
CUST19069,Customer_9069,37,,Pune,Rajasthan,East,Corporate
CUST19070,Customer_9070,62,Male,Chennai,Delhi,,Consumer
CUST19071,Customer_9071,54,Male,,Maharashtra,SOUTH,Small Business
CUST19072,Customer_9072,39,Male,Bengaluru,Gujarat, north ,Consumer
CUST19073,Customer_9073,24,Female,Kolkata,Maharashtra,South,consumer 
CUST19074,Customer_9074,40,Male,Delhi,Delhi,North,Consumer
CUST19075,Customer_9075,58,Male,Hyderabad,West Bengal,East,Consumer
CUST19076,Customer_9076,57,Female,Jaipur,Gujarat,South,Consumer
CUST19077,Customer_9077,46,Male,Mumbai,Uttar Pradesh,North,
CUST19078,Customer_9078,33,Male,Pune,,North,Small Business
CUST19079,Customer_9079,55,Male,Mumbai,Uttar Pradesh,South,Consumer
CUST19080,Customer_9080,45, FEMALE,Delhi,Telangana,West,CORPORATE
CUST19081,Customer_9081,65,Male,Chennai,Gujarat,West,CORPORATE
CUST19082,Customer_9082,55,Female,Kolkata,Telangana,,Corporate
CUST19083,Customer_9083,48,Female,Delhi,Karnataka,East,Consumer
CUST19084,Customer_9084,31,Female,Ahmedabad,Telangana,South,Corporate
CUST19085,Customer_9085,50,Male,Mumbai,Uttar Pradesh,East,Consumer
CUST19086,Customer_9086,26,Male,Delhi,Gujarat,,Consumer
CUST19087,Customer_9087,44,Female,Mumbai,Karnataka,North,consumer 
CUST19088,Customer_9088,41,Male,Mumbai,Tamil Nadu,East,Consumer
CUST19089,Customer_9089,30,Male,Delhi,Gujarat,South,Small Business
CUST19090,Customer_9090,43,Male,Lucknow,Delhi,North,CORPORATE
CUST19091,Customer_9091,46, FEMALE,Chennai,Uttar Pradesh,South,Small Business
CUST19092,Customer_9092,68,Female,Hyderabad,Telangana,West,Corporate
CUST19093,Customer_9093,66,Female,Ahmedabad,Telangana,East,Corporate
CUST19094,Customer_9094,60,Female,Hyderabad,Telangana,North,Small Business
CUST19095,Customer_9095,45, FEMALE,Mumbai,Telangana,East,Consumer
CUST19096,Customer_9096,45,Female,Bengaluru,Uttar Pradesh,South,Small Business
CUST19097,Customer_9097,25,Female,Mumbai,Gujarat,South,Corporate
CUST19098,Customer_9098,40,Other,Chennai,Tamil Nadu,,Consumer
CUST19099,Customer_9099,46,Female,Bengaluru,Uttar Pradesh, north ,Small Business
CUST19100,Customer_9100,22,Male,Chennai,Uttar Pradesh,North,Consumer
CUST19101,Customer_9101,59,Male,Kolkata,Karnataka,South,consumer 
CUST19102,Customer_9102,24,male ,Jaipur,West Bengal,South,Small Business
CUST19103,Customer_9103,59,male ,Jaipur,Rajasthan,East,Corporate
CUST19104,Customer_9104,53,Female,Mumbai,Delhi,West,Corporate
CUST19105,Customer_9105,58,Female,Delhi,Telangana,West,Consumer
CUST19106,Customer_9106,44,Female,,,West,Corporate
CUST19107,Customer_9107,63,Female,Mumbai,West Bengal,North,Small Business
CUST19108,Customer_9108,19,Female,Delhi,Karnataka,SOUTH,Consumer
CUST19109,Customer_9109,42,Male,Chennai,Karnataka,South,Consumer
CUST19110,Customer_9110,26,Other,Bengaluru,Maharashtra,,Small Business
CUST19111,Customer_9111,44,Female,Jaipur,Telangana,West,Corporate
CUST19112,Customer_9112,18,Female,Bengaluru,Maharashtra,East,Corporate
CUST19113,Customer_9113,40,Male,Ahmedabad,Maharashtra,,Consumer
CUST19114,Customer_9114,27,Male,Jaipur,Telangana,SOUTH,Corporate
CUST19115,Customer_9115,59,Female,Delhi,West Bengal,East,Small Business
CUST19116,Customer_9116,69,Female,Chennai,Maharashtra,East,Consumer
CUST19117,Customer_9117,42,Female,Pune,Delhi,South,Consumer
CUST19118,Customer_9118,20,Female,Kolkata,Delhi,North,Consumer
CUST19119,Customer_9119,23,Female,Chennai,Karnataka,SOUTH,Corporate
CUST19120,Customer_9120,23,male ,Chennai,Maharashtra,West,Small Business
CUST19121,Customer_9121,19,Male,Hyderabad,Tamil Nadu,East,Consumer
CUST19122,Customer_9122,35,Female,Bengaluru,Telangana,West,Consumer
CUST19123,Customer_9123,40,Female,Ahmedabad,Karnataka, north ,Corporate
CUST19124,Customer_9124,19,Female,Bengaluru,Uttar Pradesh,West,Consumer
CUST19125,Customer_9125,29,Female,Delhi,Tamil Nadu,North,Consumer
CUST19126,Customer_9126,39,Female,Mumbai,Delhi,West,Corporate
CUST19127,Customer_9127,54,,Lucknow,Karnataka,East,Small Business
CUST19128,Customer_9128,37,Male,Pune,,SOUTH,Corporate
CUST19129,Customer_9129,56,Female,Jaipur,,West,Small Business
CUST19130,Customer_9130,41,Male,Lucknow,Karnataka,South,Corporate
CUST19131,Customer_9131,65,Male,Lucknow,Maharashtra,North,Small Business
CUST19132,Customer_9132,37,Female,Pune,Tamil Nadu,East,Small Business
CUST19133,Customer_9133,18,Male,Mumbai,Tamil Nadu,West,Small Business
CUST19134,Customer_9134,18,Other,Mumbai,Telangana,North,Corporate
CUST19135,Customer_9135,34,Other,Pune,Tamil Nadu,West,
CUST19136,Customer_9136,18,Male,Hyderabad,Maharashtra,West,Consumer
CUST19137,Customer_9137,69,Female,Pune,Maharashtra,North,Consumer
CUST19138,Customer_9138,62,Female,Chennai,West Bengal,West,Small Business
CUST19139,Customer_9139,47,male ,Pune,Gujarat,North,Small Business
CUST19140,Customer_9140,58,Female,,Maharashtra,North,Small Business
CUST19141,Customer_9141,64,Male,Delhi,Rajasthan,North,consumer 
CUST19142,Customer_9142,20,male ,Jaipur,Telangana,West,Consumer
CUST19143,Customer_9143,63,Female,Mumbai,Karnataka,,CORPORATE
CUST19144,Customer_9144,28,Female,Kolkata,Gujarat,West,Consumer
CUST19145,Customer_9145,41, FEMALE,Pune,Telangana,,CORPORATE
CUST19146,Customer_9146,39, FEMALE,,West Bengal,North,Corporate
CUST19147,Customer_9147,61,Female,Lucknow,Telangana,East,Consumer
CUST19148,Customer_9148,62,Female,Hyderabad,Delhi,North,Small Business
CUST19149,Customer_9149,43,,Pune,West Bengal,West,Consumer
CUST19150,Customer_9150,30,Male,Delhi,Telangana,South,Consumer
CUST19151,Customer_9151,18,Male,Hyderabad,Delhi,South,Consumer
CUST19152,Customer_9152,41,Male,Jaipur,West Bengal,South,Consumer
CUST19153,Customer_9153,27, FEMALE,Pune,Delhi,West,Small Business
CUST19154,Customer_9154,52,Female,Chennai,Maharashtra,South,Corporate
CUST19155,Customer_9155,41,Male,Mumbai,Uttar Pradesh,South,
CUST19156,Customer_9156,45,,Lucknow,Delhi,East,Consumer
CUST19157,Customer_9157,53,Female,Bengaluru,Rajasthan,East,consumer 
CUST19158,Customer_9158,33, FEMALE,Lucknow,Gujarat,SOUTH,CORPORATE
CUST19159,Customer_9159,57,Male,Pune,Maharashtra,South,Consumer
CUST19160,Customer_9160,33,Female,Hyderabad,Telangana,North,Consumer
CUST19161,Customer_9161,34,Female,Delhi,West Bengal,East,Consumer
CUST19162,Customer_9162,68,Female,Mumbai,Telangana,North,consumer 
CUST19163,Customer_9163,32,Female,Ahmedabad,West Bengal,South,Small Business
CUST19164,Customer_9164,33,male ,Lucknow,Telangana,North,Consumer
CUST19165,Customer_9165,32,Male,Pune,Maharashtra, north ,Consumer
CUST19166,Customer_9166,51, FEMALE,Chennai,Delhi,South,Small Business
CUST19167,Customer_9167,28,Male,Kolkata,Uttar Pradesh,West,Corporate
CUST19168,Customer_9168,18,Male,Chennai,Maharashtra,SOUTH,Consumer
CUST19169,Customer_9169,32,Male,Kolkata,Gujarat,SOUTH,Small Business
CUST19170,Customer_9170,43,Male,Bengaluru,Uttar Pradesh,East,CORPORATE
CUST19171,Customer_9171,68,Male,,Delhi,,Consumer
CUST19172,Customer_9172,21,male ,Kolkata,Maharashtra,West,Consumer
CUST19173,Customer_9173,60,Female,Bengaluru,Karnataka,North,Small Business
CUST19174,Customer_9174,22,Female,Lucknow,West Bengal, north ,Corporate
CUST19175,Customer_9175,52,Female,Chennai,Uttar Pradesh,East,
CUST19176,Customer_9176,30,Male,Mumbai,Delhi,North,consumer 
CUST19177,Customer_9177,27,Male,Delhi,Karnataka,West,Consumer
CUST19178,Customer_9178,28,Female,Kolkata,Telangana,West,Corporate
CUST19179,Customer_9179,35,Female,Ahmedabad,Maharashtra, north ,Corporate
CUST19180,Customer_9180,51,male ,Lucknow,Tamil Nadu,West,Consumer
CUST19181,Customer_9181,56,Female,Kolkata,Tamil Nadu,South,Consumer
CUST19182,Customer_9182,58,Female,Mumbai,Karnataka,South,Corporate
CUST19183,Customer_9183,59,Female,Delhi,Tamil Nadu,West,Consumer
CUST19184,Customer_9184,67,Other,Bengaluru,Karnataka,East,Corporate
CUST19185,Customer_9185,40,Male,Lucknow,Karnataka,North,Consumer
CUST19186,Customer_9186,24,Female,Ahmedabad,Karnataka,North,Corporate
CUST19187,Customer_9187,56,Female,Bengaluru,Tamil Nadu,North,Consumer
CUST19188,Customer_9188,20,,Jaipur,Telangana,East,consumer 
CUST19189,Customer_9189,29,Male,Pune,Maharashtra,North,Consumer
CUST19190,Customer_9190,24,Female,Delhi,Delhi,North,consumer 
CUST19191,Customer_9191,66,Male,Pune,Maharashtra,East,Consumer
CUST19192,Customer_9192,43,Female,Lucknow,Delhi,North,Corporate
CUST19193,Customer_9193,50,Male,Bengaluru,Telangana,South,Consumer
CUST19194,Customer_9194,54,Male,Ahmedabad,Maharashtra, north ,Small Business
CUST19195,Customer_9195,65,Female,Mumbai,Telangana,West,consumer 
CUST19196,Customer_9196,32,Male,Delhi,Karnataka,South,Small Business
CUST19197,Customer_9197,19,Male,Mumbai,Tamil Nadu, north ,Corporate
CUST19198,Customer_9198,58,Male,Lucknow,Uttar Pradesh,South,Consumer
CUST19199,Customer_9199,24,Male,Hyderabad,Tamil Nadu,East,Corporate
CUST19200,Customer_9200,49,Other,Lucknow,Delhi,South,CORPORATE
CUST19201,Customer_9201,21,Female,,Delhi,West,Corporate
CUST19202,Customer_9202,37,male ,Chennai,Maharashtra,South,CORPORATE
CUST19203,Customer_9203,67,Female,Lucknow,Telangana,South,Consumer
CUST19204,Customer_9204,53, FEMALE,Hyderabad,Delhi,East,consumer 
CUST19205,Customer_9205,49,Female,,Karnataka,West,Small Business
CUST19206,Customer_9206,45,Female,Delhi,Gujarat,East,Small Business
CUST19207,Customer_9207,30,Female,Kolkata,Delhi,West,Small Business
CUST19208,Customer_9208,18,Female,Kolkata,Gujarat,South,Corporate
CUST19209,Customer_9209,52,Female,Ahmedabad,Gujarat,West,Small Business
CUST19210,Customer_9210,65,Male,Mumbai,Uttar Pradesh,East,CORPORATE
CUST19211,Customer_9211,47,Male,Pune,Gujarat,North,Consumer
CUST19212,Customer_9212,53,Female,Hyderabad,Delhi, north ,CORPORATE
CUST19213,Customer_9213,42,Female,Hyderabad,Maharashtra,West,Consumer
CUST19214,Customer_9214,33,Male,Delhi,Maharashtra,SOUTH,Consumer
CUST19215,Customer_9215,36,Female,Mumbai,Maharashtra,East,Corporate
CUST19216,Customer_9216,18,Female,Lucknow,Karnataka,West,consumer 
CUST19217,Customer_9217,22,male ,Jaipur,Uttar Pradesh, north ,Consumer
CUST19218,Customer_9218,68,Male,Hyderabad,Karnataka,North,Small Business
CUST19219,Customer_9219,39,Male,Lucknow,Karnataka,SOUTH,Corporate
CUST19220,Customer_9220,41,male ,Delhi,Rajasthan,South,Consumer
CUST19221,Customer_9221,60,Female,Pune,Delhi,North,Consumer
CUST19222,Customer_9222,62,Male,Ahmedabad,Telangana,,Consumer
CUST19223,Customer_9223,69, FEMALE,,Karnataka,East,Corporate
CUST19224,Customer_9224,54,Female,Hyderabad,Gujarat,North,Consumer
CUST19225,Customer_9225,53,Female,Jaipur,Tamil Nadu,North,Consumer
CUST19226,Customer_9226,53,Other,Hyderabad,Rajasthan,West,
CUST19227,Customer_9227,21,Other,Lucknow,Maharashtra,South,Small Business
CUST19228,Customer_9228,53,Male,Chennai,Gujarat, north ,Corporate
CUST19229,Customer_9229,69,Male,Jaipur,Karnataka,South,Corporate
CUST19230,Customer_9230,35,Male,Delhi,Rajasthan,South,Consumer
CUST19231,Customer_9231,67,Male,Pune,Gujarat,North,Corporate
CUST19232,Customer_9232,33,Male,Pune,Tamil Nadu,East,CORPORATE
CUST19233,Customer_9233,58,Female,Pune,Tamil Nadu,South,consumer 
CUST19234,Customer_9234,35,Other,Kolkata,Maharashtra,South,Consumer
CUST19235,Customer_9235,39, FEMALE,Ahmedabad,Telangana,South,Consumer
CUST19236,Customer_9236,19,Female,Jaipur,Gujarat, north ,CORPORATE
CUST19237,Customer_9237,38,Female,Mumbai,Maharashtra,North,Consumer
CUST19238,Customer_9238,53,Male,Lucknow,Gujarat,East,Corporate
CUST19239,Customer_9239,61,Male,Mumbai,Rajasthan,North,Consumer
CUST19240,Customer_9240,56,Male,Pune,Telangana,North,consumer 
CUST19241,Customer_9241,64,Female,Ahmedabad,Tamil Nadu,South,Consumer
CUST19242,Customer_9242,56,Male,Delhi,Maharashtra,South,Corporate
CUST19243,Customer_9243,46, FEMALE,Lucknow,Maharashtra,East,Consumer
CUST19244,Customer_9244,43,Female,Lucknow,Karnataka, north ,Consumer
CUST19245,Customer_9245,38,Male,Chennai,Telangana, north ,Corporate
CUST19246,Customer_9246,34,Male,Bengaluru,Gujarat,East,Consumer
CUST19247,Customer_9247,33,Female,Hyderabad,Telangana,South,Consumer
CUST19248,Customer_9248,48, FEMALE,Ahmedabad,Tamil Nadu,West,Consumer
CUST19249,Customer_9249,68,Female,Mumbai,Maharashtra,West,Consumer
CUST19250,Customer_9250,26,Male,Pune,Uttar Pradesh,West,
CUST19251,Customer_9251,48,Female,Delhi,West Bengal,North,Consumer
CUST19252,Customer_9252,31,Male,Mumbai,Telangana,West,consumer 
CUST19253,Customer_9253,66,,Jaipur,Gujarat, north ,Consumer
CUST19254,Customer_9254,54,Female,Bengaluru,Gujarat,,Consumer
CUST19255,Customer_9255,19,Female,,Rajasthan,West,Small Business
CUST19256,Customer_9256,69,Female,Chennai,Gujarat,West,Consumer
CUST19257,Customer_9257,65,Female,Chennai,West Bengal,East,Corporate
CUST19258,Customer_9258,63,Male,Delhi,Uttar Pradesh,West,Consumer
CUST19259,Customer_9259,31,Male,Ahmedabad,Telangana,West,Corporate
CUST19260,Customer_9260,50,Female,Mumbai,Delhi,SOUTH,consumer 
CUST19261,Customer_9261,52,Other,Chennai,,SOUTH,CORPORATE
CUST19262,Customer_9262,56,Female,Hyderabad,Maharashtra,East,Corporate
CUST19263,Customer_9263,64,Male,Hyderabad,Karnataka,North,Corporate
CUST19264,Customer_9264,68, FEMALE,Kolkata,Maharashtra,North,Consumer
CUST19265,Customer_9265,37,Male,Kolkata,Karnataka,SOUTH,Small Business
CUST19266,Customer_9266,19,Male,Mumbai,Karnataka,South,CORPORATE
CUST19267,Customer_9267,68,Male,Chennai,West Bengal,South,Consumer
CUST19268,Customer_9268,58,Female,Lucknow,,East,Small Business
CUST19269,Customer_9269,36,Female,Hyderabad,Delhi,South,Small Business
CUST19270,Customer_9270,54,Female,Mumbai,Uttar Pradesh,East,Small Business
CUST19271,Customer_9271,35,Female,Bengaluru,Maharashtra,West,Small Business
CUST19272,Customer_9272,33,Male,Mumbai,Delhi,South,Consumer
CUST19273,Customer_9273,21,male ,Mumbai,West Bengal,West,Small Business
CUST19274,Customer_9274,29,Male,Hyderabad,Gujarat,West,Consumer
CUST19275,Customer_9275,46,male ,Pune,Maharashtra,East,Small Business
CUST19276,Customer_9276,24,Female,Delhi,Karnataka,South,Consumer
CUST19277,Customer_9277,31,Female,Pune,Maharashtra, north ,consumer 
CUST19278,Customer_9278,29,Female,,Gujarat,South,Small Business
CUST19279,Customer_9279,52,Female,Ahmedabad,Karnataka,South,Small Business
CUST19280,Customer_9280,22,Male,Lucknow,Telangana,West,Consumer
CUST19281,Customer_9281,34, FEMALE,Bengaluru,Gujarat,SOUTH,Small Business
CUST19282,Customer_9282,59,Male,Delhi,Tamil Nadu,East,consumer 
CUST19283,Customer_9283,49,Male,Lucknow,Gujarat,West,Small Business
CUST19284,Customer_9284,27,Female,Delhi,Gujarat,South,
CUST19285,Customer_9285,60,Female,Mumbai,Tamil Nadu,North,Consumer
CUST19286,Customer_9286,34,Male,Pune,West Bengal,North,Small Business
CUST19287,Customer_9287,22,Other,Mumbai,Maharashtra,North,Corporate
CUST19288,Customer_9288,62,Other,Lucknow,,North,Consumer
CUST19289,Customer_9289,59,Female,Jaipur,Karnataka,East,Corporate
CUST19290,Customer_9290,26,Female,Jaipur,Uttar Pradesh,North,Small Business
CUST19291,Customer_9291,66,Female,Lucknow,Karnataka, north ,Consumer
CUST19292,Customer_9292,50,Male,Mumbai,Karnataka,,Small Business
CUST19293,Customer_9293,53,Female,Jaipur,Maharashtra,East,Consumer
CUST19294,Customer_9294,53,Other,Hyderabad,Tamil Nadu,South,Corporate
CUST19295,Customer_9295,35,Other,Kolkata,Karnataka,South,Small Business
CUST19296,Customer_9296,26,Other,Mumbai,Maharashtra,West,Consumer
CUST19297,Customer_9297,46,Male,Kolkata,Maharashtra,East,Corporate
CUST19298,Customer_9298,67,Male,Ahmedabad,Karnataka,South,Consumer
CUST19299,Customer_9299,31,Male,Delhi,Tamil Nadu,South,Corporate
CUST19300,Customer_9300,42,Female,Delhi,Telangana,West,Consumer
CUST19301,Customer_9301,32,Male,,Delhi,East,Consumer
CUST19302,Customer_9302,23,Male,Hyderabad,Tamil Nadu,West,Consumer
CUST19303,Customer_9303,59,Female,Bengaluru,Uttar Pradesh,SOUTH,consumer 
CUST19304,Customer_9304,46,male ,Lucknow,West Bengal,West,Consumer
CUST19305,Customer_9305,32,Female,Chennai,,South,Consumer
CUST19306,Customer_9306,46,male ,Chennai,Delhi,West,Consumer
CUST19307,Customer_9307,21,Male,Jaipur,Uttar Pradesh,South,Consumer
CUST19308,Customer_9308,35,Male,Hyderabad,Tamil Nadu,West,Consumer
CUST19309,Customer_9309,67,male ,,Tamil Nadu, north ,Consumer
CUST19310,Customer_9310,66,Female,Jaipur,Tamil Nadu,South,Consumer
CUST19311,Customer_9311,61,Female,Jaipur,Karnataka,South,Consumer
CUST19312,Customer_9312,56,Male,,Karnataka,South,Consumer
CUST19313,Customer_9313,33,Male,Mumbai,West Bengal,North,Consumer
CUST19314,Customer_9314,28,Female,Mumbai,Delhi,,Corporate
CUST19315,Customer_9315,31, FEMALE,Hyderabad,West Bengal,West,Small Business
CUST19316,Customer_9316,20,Other,Bengaluru,Uttar Pradesh,South,Corporate
CUST19317,Customer_9317,68,Female,Kolkata,Karnataka,East,Corporate
CUST19318,Customer_9318,67,Female,Lucknow,Maharashtra,East,Consumer
CUST19319,Customer_9319,59,male ,Mumbai,Maharashtra,North,Corporate
CUST19320,Customer_9320,55,Female,Pune,Delhi,West,consumer 
CUST19321,Customer_9321,62,Female,Hyderabad,Delhi,East,Corporate
CUST19322,Customer_9322,59, FEMALE,Chennai,Maharashtra,West,Consumer
CUST19323,Customer_9323,35,male ,Pune,Delhi,,Corporate
CUST19324,Customer_9324,37, FEMALE,Ahmedabad,Karnataka,West,Corporate
CUST19325,Customer_9325,65,Male,Mumbai,Karnataka,North,Consumer
CUST19326,Customer_9326,42,Female,Delhi,,West,Corporate
CUST19327,Customer_9327,55, FEMALE,Pune,,East,Corporate
CUST19328,Customer_9328,30,Male,Hyderabad,Maharashtra,West,Consumer
CUST19329,Customer_9329,21,male ,Mumbai,Maharashtra,South,Corporate
CUST19330,Customer_9330,31,Male,Delhi,Tamil Nadu,North,Small Business
CUST19331,Customer_9331,50,male ,Pune,Maharashtra,West,Corporate
CUST19332,Customer_9332,45,Female,Bengaluru,Tamil Nadu,South,Consumer
CUST19333,Customer_9333,69,Male,,Telangana,East,Small Business
CUST19334,Customer_9334,54,Female,Hyderabad,Karnataka,East,CORPORATE
CUST19335,Customer_9335,25,Female,,Uttar Pradesh,East,consumer 
CUST19336,Customer_9336,61,Female,Pune,Uttar Pradesh,North,Consumer
CUST19337,Customer_9337,51,Female,Bengaluru,,South,Corporate
CUST19338,Customer_9338,61, FEMALE,Chennai,Maharashtra,North,Corporate
CUST19339,Customer_9339,22,Female,Chennai,Gujarat,East,Small Business
CUST19340,Customer_9340,22,Female,Chennai,Tamil Nadu, north ,Corporate
CUST19341,Customer_9341,48,Male,Lucknow,West Bengal,South,Consumer
CUST19342,Customer_9342,62,Other,Mumbai,Gujarat,West,consumer 
CUST19343,Customer_9343,26,Male,Ahmedabad,Gujarat,South,consumer 
CUST19344,Customer_9344,59,Female,Lucknow,Uttar Pradesh, north ,Consumer
CUST19345,Customer_9345,49,male ,Bengaluru,Karnataka,South,Consumer
CUST19346,Customer_9346,50,Male,Mumbai,Tamil Nadu,South,Corporate
CUST19347,Customer_9347,20,Female,Bengaluru,West Bengal,West,Consumer
CUST19348,Customer_9348,47,Male,Bengaluru,Uttar Pradesh,East,Small Business
CUST19349,Customer_9349,67,Female,,Rajasthan,South,Consumer
CUST19350,Customer_9350,29,Female,Delhi,Telangana,North,Consumer
CUST19351,Customer_9351,46, FEMALE,Ahmedabad,Telangana,North,consumer 
CUST19352,Customer_9352,20, FEMALE,Delhi,Delhi,West,Corporate
CUST19353,Customer_9353,43,Female,Bengaluru,Gujarat,SOUTH,Consumer
CUST19354,Customer_9354,47,Female,,Delhi,North,Small Business
CUST19355,Customer_9355,26,Female,Bengaluru,West Bengal,East,Small Business
CUST19356,Customer_9356,43,Female,Lucknow,Gujarat,North,Consumer
CUST19357,Customer_9357,19,Female,Pune,Telangana,South,CORPORATE
CUST19358,Customer_9358,20, FEMALE,,Uttar Pradesh,South,Consumer
CUST19359,Customer_9359,63,Female,Ahmedabad,Uttar Pradesh,West,CORPORATE
CUST19360,Customer_9360,21,Male,Lucknow,Delhi,North,Consumer
CUST19361,Customer_9361,42,Female,Jaipur,Telangana,West,Corporate
CUST19362,Customer_9362,68,Female,Lucknow,Rajasthan,North,Corporate
CUST19363,Customer_9363,30,Male,Pune,Telangana,West,
CUST19364,Customer_9364,56,Female,Chennai,Tamil Nadu,West,Consumer
CUST19365,Customer_9365,61,Female,Hyderabad,West Bengal,South,Consumer
CUST19366,Customer_9366,52,Female,Mumbai,Maharashtra,West,Small Business
CUST19367,Customer_9367,40,Male,Pune,Telangana,South,Consumer
CUST19368,Customer_9368,26,Female,Ahmedabad,Delhi,North,consumer 
CUST19369,Customer_9369,19, FEMALE,Pune,Maharashtra,North,Consumer
CUST19370,Customer_9370,58,Other,Ahmedabad,Tamil Nadu,South,Corporate
CUST19371,Customer_9371,61,Female,Hyderabad,West Bengal,North,Small Business
CUST19372,Customer_9372,48,Male,Kolkata,Maharashtra,South,Consumer
CUST19373,Customer_9373,61,Other,Kolkata,Uttar Pradesh,North,consumer 
CUST19374,Customer_9374,64,Female,Kolkata,Telangana,North,Corporate
CUST19375,Customer_9375,19,Male,Kolkata,Gujarat,SOUTH,Consumer
CUST19376,Customer_9376,49,Male,Mumbai,Telangana,West,Consumer
CUST19377,Customer_9377,35,Male,Mumbai,Maharashtra,South,Consumer
CUST19378,Customer_9378,30,Male,Ahmedabad,Uttar Pradesh,West,Corporate
CUST19379,Customer_9379,63,Male,Delhi,West Bengal,West,Consumer
CUST19380,Customer_9380,22, FEMALE,Chennai,Telangana,North,Consumer
CUST19381,Customer_9381,59,Female,Hyderabad,Karnataka,South,CORPORATE
CUST19382,Customer_9382,61,Female,Hyderabad,Maharashtra,SOUTH,Consumer
CUST19383,Customer_9383,27,male ,Jaipur,Karnataka,West,consumer 
CUST19384,Customer_9384,60,male ,Jaipur,Delhi,West,
CUST19385,Customer_9385,42, FEMALE,Ahmedabad,Tamil Nadu,East,Small Business
CUST19386,Customer_9386,51,Other,Hyderabad,Gujarat,West,Consumer
CUST19387,Customer_9387,54,Female,Pune,Uttar Pradesh,East,consumer 
CUST19388,Customer_9388,47,Other,Ahmedabad,Delhi,West,Consumer
CUST19389,Customer_9389,24,Female,,Gujarat,West,Consumer
CUST19390,Customer_9390,23,Male,Ahmedabad,Telangana,North,
CUST19391,Customer_9391,20,Female,Jaipur,Maharashtra,West,Consumer
CUST19392,Customer_9392,30,Female,Mumbai,Uttar Pradesh,West,Corporate
CUST19393,Customer_9393,20, FEMALE,Delhi,Karnataka,North,Consumer
CUST19394,Customer_9394,43,Male,Lucknow,Karnataka,South,Consumer
CUST19395,Customer_9395,41,Female,Lucknow,Maharashtra, north ,Corporate
CUST19396,Customer_9396,23,Male,Jaipur,Tamil Nadu,SOUTH,CORPORATE
CUST19397,Customer_9397,60,Male,Bengaluru,Delhi,West,Consumer
CUST19398,Customer_9398,66,Male,Kolkata,Uttar Pradesh,,Consumer
CUST19399,Customer_9399,59,Female,Bengaluru,Tamil Nadu,South,Consumer
CUST19400,Customer_9400,29,male ,Chennai,Telangana,North,Consumer
CUST19401,Customer_9401,66,Male,Hyderabad,Delhi,West,Consumer
CUST19402,Customer_9402,53,Female,Ahmedabad,Uttar Pradesh,West,Consumer
CUST19403,Customer_9403,19,Male,Mumbai,Tamil Nadu, north ,Corporate
CUST19404,Customer_9404,28,Male,Pune,Telangana, north ,Consumer
CUST19405,Customer_9405,56,Female,Hyderabad,Uttar Pradesh,North,Corporate
CUST19406,Customer_9406,51,Male,Kolkata,Delhi,North,Consumer
CUST19407,Customer_9407,43,Female,Pune,Telangana, north ,CORPORATE
CUST19408,Customer_9408,35,Male,Ahmedabad,West Bengal, north ,Consumer
CUST19409,Customer_9409,38,Male,Delhi,Tamil Nadu,East,Consumer
CUST19410,Customer_9410,53,Female,Mumbai,Maharashtra,South,Small Business
CUST19411,Customer_9411,57,Female,Jaipur,Karnataka,East,Consumer
CUST19412,Customer_9412,69,Male,Hyderabad,Karnataka,East,Small Business
CUST19413,Customer_9413,63,Female,Mumbai,,South,Consumer
CUST19414,Customer_9414,61,male ,Chennai,Karnataka,South,Corporate
CUST19415,Customer_9415,39,Female,Kolkata,Maharashtra,East,Consumer
CUST19416,Customer_9416,47,Male,Delhi,Uttar Pradesh,North,Corporate
CUST19417,Customer_9417,67,Female,Bengaluru,Telangana,,Consumer
CUST19418,Customer_9418,60,Female,Lucknow,Telangana,South,Corporate
CUST19419,Customer_9419,47,Male,,Tamil Nadu,East,Corporate
CUST19420,Customer_9420,25, FEMALE,Delhi,West Bengal,East,Consumer
CUST19421,Customer_9421,51, FEMALE,Bengaluru,West Bengal,South,Small Business
CUST19422,Customer_9422,64, FEMALE,Kolkata,Delhi,South,Small Business
CUST19423,Customer_9423,26,male ,Mumbai,Uttar Pradesh,East,Small Business
CUST19424,Customer_9424,68,Female,Lucknow,Maharashtra,North,Consumer
CUST19425,Customer_9425,37,Female,Kolkata,Karnataka,South,Consumer
CUST19426,Customer_9426,57,Female,Chennai,Maharashtra,North,Small Business
CUST19427,Customer_9427,42,male ,Ahmedabad,Uttar Pradesh,North,consumer 
CUST19428,Customer_9428,36,Female,Hyderabad,West Bengal,SOUTH,Corporate
CUST19429,Customer_9429,22,Male,,Uttar Pradesh,West,Corporate
CUST19430,Customer_9430,28,Male,Kolkata,Rajasthan,North,Corporate
CUST19431,Customer_9431,32, FEMALE,Pune,Maharashtra,SOUTH,Corporate
CUST19432,Customer_9432,25,Male,Bengaluru,Karnataka,North,
CUST19433,Customer_9433,36,Female,Bengaluru,Tamil Nadu,South,Consumer
CUST19434,Customer_9434,40,Other,Hyderabad,Karnataka,North,Consumer
CUST19435,Customer_9435,44,Female,Bengaluru,Maharashtra,West,CORPORATE
CUST19436,Customer_9436,57,,,Gujarat,East,Consumer
CUST19437,Customer_9437,49,Female,Kolkata,Uttar Pradesh,North,Corporate
CUST19438,Customer_9438,43,Male,Hyderabad,Karnataka,North,Small Business
CUST19439,Customer_9439,44,male ,Hyderabad,Uttar Pradesh,East,Small Business
CUST19440,Customer_9440,36,Male,Hyderabad,West Bengal,West,Corporate
CUST19441,Customer_9441,67,Female,Bengaluru,Delhi,West,Consumer
CUST19442,Customer_9442,59,Male,Delhi,Telangana,East,Corporate
CUST19443,Customer_9443,46,Male,Bengaluru,Karnataka,West,Small Business
CUST19444,Customer_9444,56,Female,Bengaluru,Maharashtra,West,consumer 
CUST19445,Customer_9445,58,Male,Pune,Karnataka,East,Consumer
CUST19446,Customer_9446,50,Female,Jaipur,Gujarat,South,Consumer
CUST19447,Customer_9447,36,male ,Hyderabad,Tamil Nadu,North,Consumer
CUST19448,Customer_9448,54,Male,Ahmedabad,Gujarat,West,Corporate
CUST19449,Customer_9449,36,Male,Lucknow,Maharashtra,West,Consumer
CUST19450,Customer_9450,50,Female,,Maharashtra,North,Consumer
CUST19451,Customer_9451,64,Female,Ahmedabad,Gujarat,East,Consumer
CUST19452,Customer_9452,33, FEMALE,Pune,Tamil Nadu,South,consumer 
CUST19453,Customer_9453,40,Male,Pune,Gujarat,North,Consumer
CUST19454,Customer_9454,24, FEMALE,Mumbai,Delhi,South,Consumer
CUST19455,Customer_9455,43,Female,Jaipur,Gujarat,South,Corporate
CUST19456,Customer_9456,49,Female,Pune,Telangana,South,Consumer
CUST19457,Customer_9457,29,Male,Chennai,Maharashtra,South,Consumer
CUST19458,Customer_9458,25,Female,Kolkata,Rajasthan,East,Small Business
CUST19459,Customer_9459,22,Male,Hyderabad,Uttar Pradesh,North,Small Business
CUST19460,Customer_9460,59,Male,Chennai,Delhi,East,Small Business
CUST19461,Customer_9461,45,Female,Hyderabad,,North,Consumer
CUST19462,Customer_9462,22,male ,Jaipur,Rajasthan,South,Consumer
CUST19463,Customer_9463,66,Female,Ahmedabad,Karnataka,East,Small Business
CUST19464,Customer_9464,43,Female,Lucknow,Maharashtra,West,Consumer
CUST19465,Customer_9465,22,Female,Jaipur,Telangana,West,Small Business
CUST19466,Customer_9466,39,Female,Delhi,Maharashtra,North,consumer 
CUST19467,Customer_9467,32,Other,Ahmedabad,Tamil Nadu,East,Consumer
CUST19468,Customer_9468,30,Female,Bengaluru,Uttar Pradesh,South,Consumer
CUST19469,Customer_9469,45,Male,Ahmedabad,Rajasthan,West,Corporate
CUST19470,Customer_9470,50,Male,Mumbai,Telangana,South,Consumer
CUST19471,Customer_9471,60,Female,Hyderabad,Maharashtra,West,consumer 
CUST19472,Customer_9472,40,Female,Jaipur,Gujarat,East,Consumer
CUST19473,Customer_9473,50,Male,Kolkata,Karnataka,West,Consumer
CUST19474,Customer_9474,60,male ,Hyderabad,Karnataka,,consumer 
CUST19475,Customer_9475,35,Female,Kolkata,Rajasthan, north ,Consumer
CUST19476,Customer_9476,67,Female,Pune,Uttar Pradesh,East,consumer 
CUST19477,Customer_9477,47,Male,Bengaluru,, north ,Consumer
CUST19478,Customer_9478,43,Male,Kolkata,Gujarat,North,consumer 
CUST19479,Customer_9479,33,Other,Mumbai,Gujarat,North,Consumer
CUST19480,Customer_9480,30, FEMALE,Kolkata,Telangana,East,Consumer
CUST19481,Customer_9481,56,Male,Delhi,Maharashtra,,Consumer
CUST19482,Customer_9482,50,Male,Pune,West Bengal,West,Consumer
CUST19483,Customer_9483,43,Female,Hyderabad,Delhi,South,Consumer
CUST19484,Customer_9484,65,Male,Bengaluru,Maharashtra,West,Consumer
CUST19485,Customer_9485,18,Female,Chennai,Delhi,North,Small Business
CUST19486,Customer_9486,66,Other,Kolkata,Maharashtra,East,Small Business
CUST19487,Customer_9487,55,Male,Ahmedabad,Tamil Nadu,South,Small Business
CUST19488,Customer_9488,19,Male,Lucknow,Telangana,North,Small Business
CUST19489,Customer_9489,66, FEMALE,Jaipur,Telangana,South,Consumer
CUST19490,Customer_9490,23,Male,Chennai,Uttar Pradesh,West,Consumer
CUST19491,Customer_9491,63,Other,Hyderabad,Rajasthan,East,Consumer
CUST19492,Customer_9492,67,Female,,Gujarat,North,Consumer
CUST19493,Customer_9493,55,Other,Hyderabad,Telangana,South,Small Business
CUST19494,Customer_9494,59,Male,Lucknow,Karnataka,West,Small Business
CUST19495,Customer_9495,41,Male,Hyderabad,Maharashtra,SOUTH,Small Business
CUST19496,Customer_9496,35,Female,Chennai,Rajasthan,,consumer 
CUST19497,Customer_9497,44,Female,Bengaluru,Gujarat,North,Corporate
CUST19498,Customer_9498,58,Male,,Maharashtra,North,
CUST19499,Customer_9499,25,Other,Delhi,Gujarat,North,Corporate
CUST19500,Customer_9500,45,male ,Pune,Tamil Nadu,South,consumer 
CUST19501,Customer_9501,27,Female,Hyderabad,Maharashtra,West,Consumer
CUST19502,Customer_9502,34,Male,Pune,Rajasthan,North,Consumer
CUST19503,Customer_9503,46,Female,Pune,Tamil Nadu,SOUTH,Corporate
CUST19504,Customer_9504,23,Female,Lucknow,Delhi,West,Consumer
CUST19505,Customer_9505,31,Female,Jaipur,Telangana,South,Consumer
CUST19506,Customer_9506,39,Other,Jaipur,Uttar Pradesh,East,Consumer
CUST19507,Customer_9507,23,Male,Chennai,Tamil Nadu,East,Small Business
CUST19508,Customer_9508,43,Male,Hyderabad,Karnataka,East,CORPORATE
CUST19509,Customer_9509,56,Male,Ahmedabad,Gujarat, north ,Consumer
CUST19510,Customer_9510,29,male ,Delhi,Maharashtra,North,
CUST19511,Customer_9511,52,Female,Mumbai,Karnataka,West,Small Business
CUST19512,Customer_9512,31,Male,Hyderabad,Karnataka,North,Consumer
CUST19513,Customer_9513,39,Male,Pune,Gujarat,South,Corporate
CUST19514,Customer_9514,68,Male,Delhi,Tamil Nadu,West,
CUST19515,Customer_9515,40,Male,Jaipur,Rajasthan,North,consumer 
CUST19516,Customer_9516,65,Female,Pune,,North,Consumer
CUST19517,Customer_9517,24,Male,Chennai,Uttar Pradesh,North,Consumer
CUST19518,Customer_9518,57,Male,Hyderabad,Maharashtra,South,Small Business
CUST19519,Customer_9519,67, FEMALE,Chennai,Uttar Pradesh,West,Corporate
CUST19520,Customer_9520,42,Female,Mumbai,Uttar Pradesh,,Consumer
CUST19521,Customer_9521,30,Female,Delhi,Maharashtra,South,Consumer
CUST19522,Customer_9522,38,Male,Bengaluru,Karnataka,North,Corporate
CUST19523,Customer_9523,58,Male,Kolkata,Rajasthan,South,Consumer
CUST19524,Customer_9524,27,Female,Pune,Maharashtra,North,Small Business
CUST19525,Customer_9525,26,Male,Chennai,Maharashtra,North,Small Business
CUST19526,Customer_9526,32,Male,Pune,Rajasthan,East,Consumer
CUST19527,Customer_9527,69, FEMALE,Pune,Gujarat,,Consumer
CUST19528,Customer_9528,19,Other,Bengaluru,Delhi, north ,CORPORATE
CUST19529,Customer_9529,42,Male,Delhi,Telangana,North,Small Business
CUST19530,Customer_9530,30,Male,Ahmedabad,West Bengal,North,Small Business
CUST19531,Customer_9531,51,Other,Pune,Rajasthan,East,Corporate
CUST19532,Customer_9532,68,Male,Kolkata,,South,Consumer
CUST19533,Customer_9533,51,Female,Chennai,Rajasthan,West,Corporate
CUST19534,Customer_9534,52,Other,Jaipur,West Bengal,East,Small Business
CUST19535,Customer_9535,55,Other,Pune,,North,Consumer
CUST19536,Customer_9536,20,Female,Delhi,Delhi,South,Consumer
CUST19537,Customer_9537,59,Male,Ahmedabad,Delhi, north ,Consumer
CUST19538,Customer_9538,23,Male,Bengaluru,West Bengal,East,Consumer
CUST19539,Customer_9539,65, FEMALE,Mumbai,Karnataka,,
CUST19540,Customer_9540,66,Other,Delhi,Delhi,South,Consumer
CUST19541,Customer_9541,36,Female,Jaipur,Karnataka,West,Consumer
CUST19542,Customer_9542,20,male ,Kolkata,Rajasthan,North,Small Business
CUST19543,Customer_9543,35,Female,Kolkata,Gujarat,West,Corporate
CUST19544,Customer_9544,56,Female,Ahmedabad,Delhi,West,Corporate
CUST19545,Customer_9545,26,male ,Bengaluru,Tamil Nadu,North,Small Business
CUST19546,Customer_9546,69,Female,Pune,Karnataka,North,Consumer
CUST19547,Customer_9547,29,Female,Pune,Rajasthan,East,CORPORATE
CUST19548,Customer_9548,22,Male,Ahmedabad,Tamil Nadu,West,Consumer
CUST19549,Customer_9549,20,Female,Bengaluru,Gujarat,West,Consumer
CUST19550,Customer_9550,28,Female,Ahmedabad,Delhi,West,Consumer
CUST19551,Customer_9551,47,Male,Mumbai,Tamil Nadu,West,Small Business
CUST19552,Customer_9552,21,male ,Jaipur,Maharashtra,East,Consumer
CUST19553,Customer_9553,22,Female,Kolkata,Tamil Nadu,East,Consumer
CUST19554,Customer_9554,18,Other,Lucknow,Gujarat,North,Consumer
CUST19555,Customer_9555,44,Male,,Gujarat,North,Consumer
CUST19556,Customer_9556,45,Female,Delhi,Telangana,East,Consumer
CUST19557,Customer_9557,46,Male,Delhi,Uttar Pradesh,West,Consumer
CUST19558,Customer_9558,35, FEMALE,Pune,Karnataka,West,Consumer
CUST19559,Customer_9559,29,Male,Pune,Delhi,West,Consumer
CUST19560,Customer_9560,30,Female,Ahmedabad,Gujarat,East,Consumer
CUST19561,Customer_9561,58,male ,Chennai,Maharashtra,South,Small Business
CUST19562,Customer_9562,19,Male,Delhi,Delhi,South,Consumer
CUST19563,Customer_9563,54,Other,Mumbai,Karnataka,North,Consumer
CUST19564,Customer_9564,62, FEMALE,Delhi,Telangana,East,Small Business
CUST19565,Customer_9565,33,Male,Jaipur,Delhi,North,
CUST19566,Customer_9566,65,Male,Lucknow,Uttar Pradesh,North,Corporate
CUST19567,Customer_9567,41,Male,,Telangana,West,Consumer
CUST19568,Customer_9568,52,Male,Hyderabad,Tamil Nadu,North,Corporate
CUST19569,Customer_9569,39, FEMALE,Delhi,Karnataka,East,Corporate
CUST19570,Customer_9570,53,Other,Mumbai,Tamil Nadu,West,Consumer
CUST19571,Customer_9571,28,Male,Pune,Uttar Pradesh,West,Consumer
CUST19572,Customer_9572,63,Female,Ahmedabad,Gujarat,North,
CUST19573,Customer_9573,46,Female,Delhi,,North,Corporate
CUST19574,Customer_9574,52,Male,Mumbai,Telangana,West,Consumer
CUST19575,Customer_9575,65,Male,Kolkata,,,CORPORATE
CUST19576,Customer_9576,32,Male,Kolkata,Karnataka, north ,Consumer
CUST19577,Customer_9577,48,Female,Bengaluru,Delhi,North,Consumer
CUST19578,Customer_9578,59,Female,Lucknow,Uttar Pradesh,East,Corporate
CUST19579,Customer_9579,58,Female,Mumbai,Maharashtra,North,Corporate
CUST19580,Customer_9580,60,Male,Ahmedabad,Delhi,,Consumer
CUST19581,Customer_9581,33,male ,Mumbai,Gujarat, north ,Consumer
CUST19582,Customer_9582,27,Female,Delhi,Uttar Pradesh,East,Consumer
CUST19583,Customer_9583,66, FEMALE,Bengaluru,Maharashtra,West,Small Business
CUST19584,Customer_9584,49,Female,Mumbai,Uttar Pradesh,North,Consumer
CUST19585,Customer_9585,68, FEMALE,Chennai,Gujarat,SOUTH,Small Business
CUST19586,Customer_9586,19, FEMALE,Kolkata,Gujarat,West,Consumer
CUST19587,Customer_9587,41,Female,Chennai,Tamil Nadu,North,Consumer
CUST19588,Customer_9588,40,Female,Kolkata,Rajasthan,North,Consumer
CUST19589,Customer_9589,19,Other,Hyderabad,Uttar Pradesh,North,
CUST19590,Customer_9590,55,Female,Delhi,Rajasthan,North,Corporate
CUST19591,Customer_9591,48,Other,Ahmedabad,Rajasthan,SOUTH,Small Business
CUST19592,Customer_9592,68,male ,Lucknow,Tamil Nadu,South,Corporate
CUST19593,Customer_9593,57,Female,Delhi,Tamil Nadu,South,
CUST19594,Customer_9594,43,Male,Hyderabad,,South,Consumer
CUST19595,Customer_9595,46,Male,Kolkata,Karnataka,South,Corporate
CUST19596,Customer_9596,20,Other,Mumbai,Delhi,South,Small Business
CUST19597,Customer_9597,31,Male,Pune,Uttar Pradesh,North,Corporate
CUST19598,Customer_9598,42,Male,Chennai,Maharashtra,North,consumer 
CUST19599,Customer_9599,65,Female,Mumbai,Tamil Nadu,East,Corporate
CUST19600,Customer_9600,18,Female,Mumbai,Delhi,South,Small Business
CUST19601,Customer_9601,20,Male,Jaipur,West Bengal, north ,Consumer
CUST19602,Customer_9602,43,Male,Bengaluru,Gujarat,East,Consumer
CUST19603,Customer_9603,35,Female,Bengaluru,Uttar Pradesh,East,Consumer
CUST19604,Customer_9604,26,Male,Jaipur,Maharashtra,SOUTH,consumer 
CUST19605,Customer_9605,55,male ,Jaipur,,East,Consumer
CUST19606,Customer_9606,40,Male,Bengaluru,Karnataka,East,Corporate
CUST19607,Customer_9607,38, FEMALE,Ahmedabad,Telangana,,Consumer
CUST19608,Customer_9608,18,male ,Kolkata,Tamil Nadu,West,Small Business
CUST19609,Customer_9609,38,Female,Bengaluru,,South,Consumer
CUST19610,Customer_9610,44,Male,Hyderabad,Delhi,East,Corporate
CUST19611,Customer_9611,59,Female,Jaipur,Rajasthan,South,Corporate
CUST19612,Customer_9612,23,Female,Mumbai,Telangana,East,Consumer
CUST19613,Customer_9613,61,Male,Chennai,Delhi,West,Small Business
CUST19614,Customer_9614,53, FEMALE,Kolkata,Gujarat,South,Consumer
CUST19615,Customer_9615,45,Female,Chennai,West Bengal,South,consumer 
CUST19616,Customer_9616,62,male ,Pune,Uttar Pradesh,East,Consumer
CUST19617,Customer_9617,34,Male,Pune,Karnataka,SOUTH,Small Business
CUST19618,Customer_9618,57,Male,Mumbai,Uttar Pradesh,West,Consumer
CUST19619,Customer_9619,69,Other,Hyderabad,Uttar Pradesh,South,Consumer
CUST19620,Customer_9620,20,Female,Chennai,Telangana,SOUTH,Consumer
CUST19621,Customer_9621,29,Female,Jaipur,West Bengal,South,Small Business
CUST19622,Customer_9622,56,Female,Kolkata,,,Small Business
CUST19623,Customer_9623,29,Male,Hyderabad,Gujarat,North,Consumer
CUST19624,Customer_9624,19,Female,Ahmedabad,Telangana,,CORPORATE
CUST19625,Customer_9625,63,Male,Delhi,Rajasthan,North,Consumer
CUST19626,Customer_9626,39,Female,Mumbai,Uttar Pradesh,West,Consumer
CUST19627,Customer_9627,40,Female,Bengaluru,Delhi,West,Consumer
CUST19628,Customer_9628,47,Other,Mumbai,West Bengal,West,Consumer
CUST19629,Customer_9629,22,Female,Pune,,West,Consumer
CUST19630,Customer_9630,26,Male,Delhi,Gujarat,East,Consumer
CUST19631,Customer_9631,38,Female,Mumbai,Uttar Pradesh,North,Consumer
CUST19632,Customer_9632,28,Male,Bengaluru,Maharashtra,South,consumer 
CUST19633,Customer_9633,22,Male,Kolkata,,West,Consumer
CUST19634,Customer_9634,52,Male,Ahmedabad,West Bengal,West,Corporate
CUST19635,Customer_9635,44,Female,Lucknow,Maharashtra,North,Consumer
CUST19636,Customer_9636,66,Male,Mumbai,Rajasthan,South,Consumer
CUST19637,Customer_9637,19,Female,Pune,Gujarat,East,Consumer
CUST19638,Customer_9638,41,Other,Delhi,Maharashtra,West,Corporate
CUST19639,Customer_9639,48,Female,Bengaluru,Gujarat, north ,Corporate
CUST19640,Customer_9640,50,Male,Lucknow,Gujarat,North,Consumer
CUST19641,Customer_9641,56,Male,Chennai,Delhi,SOUTH,Consumer
CUST19642,Customer_9642,47,Female,Mumbai,Gujarat,SOUTH,Corporate
CUST19643,Customer_9643,63, FEMALE,Hyderabad,Gujarat,North,Small Business
CUST19644,Customer_9644,54,Male,Mumbai,Delhi,East,Consumer
CUST19645,Customer_9645,68,male ,Hyderabad,Karnataka,East,Consumer
CUST19646,Customer_9646,45,Female,Chennai,Telangana,East,Small Business
CUST19647,Customer_9647,48,Female,Bengaluru,Karnataka,East,Corporate
CUST19648,Customer_9648,28,Other,Ahmedabad,Uttar Pradesh,East,consumer 
CUST19649,Customer_9649,40,Female,Pune,Karnataka,South,Consumer
CUST19650,Customer_9650,19, FEMALE,Lucknow,Gujarat,North,Small Business
CUST19651,Customer_9651,57,Male,Jaipur,,North,Consumer
CUST19652,Customer_9652,58,Female,Kolkata,Karnataka,West,Corporate
CUST19653,Customer_9653,44,Female,Chennai,Tamil Nadu,South,Consumer
CUST19654,Customer_9654,52,Male,Delhi,Tamil Nadu,West,Consumer
CUST19655,Customer_9655,19,Female,Pune,West Bengal,South,Corporate
CUST19656,Customer_9656,56,Male,Hyderabad,Telangana,South,Corporate
CUST19657,Customer_9657,54,Male,Delhi,Maharashtra, north ,Corporate
CUST19658,Customer_9658,38,Male,Hyderabad,Delhi,North,Corporate
CUST19659,Customer_9659,22,Female,Jaipur,Maharashtra,North,Consumer
CUST19660,Customer_9660,69,Other,Ahmedabad,Gujarat,,Corporate
CUST19661,Customer_9661,62,Female,Hyderabad,Karnataka,East,Consumer
CUST19662,Customer_9662,38,Female,Pune,Delhi,North,Small Business
CUST19663,Customer_9663,46,Male,Lucknow,West Bengal,North,Corporate
CUST19664,Customer_9664,37, FEMALE,Bengaluru,Delhi, north ,Corporate
CUST19665,Customer_9665,55,Female,Mumbai,Delhi,East,Consumer
CUST19666,Customer_9666,37,male ,Bengaluru,West Bengal,North,Consumer
CUST19667,Customer_9667,67,male ,,West Bengal, north ,Consumer
CUST19668,Customer_9668,42,Male,Mumbai,Delhi,South,Consumer
CUST19669,Customer_9669,19,Female,Bengaluru,Tamil Nadu,,CORPORATE
CUST19670,Customer_9670,49,Other,Chennai,Telangana,South,consumer 
CUST19671,Customer_9671,43,Male,Lucknow,Tamil Nadu,East,Corporate
CUST19672,Customer_9672,23,Female,Ahmedabad,Uttar Pradesh,North,Consumer
CUST19673,Customer_9673,58,Other,Hyderabad,Karnataka,South,consumer 
CUST19674,Customer_9674,20,Male,Ahmedabad,Telangana,,Small Business
CUST19675,Customer_9675,50, FEMALE,Mumbai,Uttar Pradesh,South,Consumer
CUST19676,Customer_9676,18,Other,Mumbai,Gujarat,South,Corporate
CUST19677,Customer_9677,68,Female,Ahmedabad,Gujarat,South,Corporate
CUST19678,Customer_9678,22,Male,Chennai,Tamil Nadu,SOUTH,Consumer
CUST19679,Customer_9679,30,Male,Mumbai,Tamil Nadu,North,Consumer
CUST19680,Customer_9680,36,Male,Chennai,Tamil Nadu,East,Consumer
CUST19681,Customer_9681,29,male ,Jaipur,Gujarat,West,Consumer
CUST19682,Customer_9682,65, FEMALE,Lucknow,Uttar Pradesh,West,Consumer
CUST19683,Customer_9683,42,Female,Ahmedabad,Karnataka,West,Consumer
CUST19684,Customer_9684,68,Male,Pune,Maharashtra,West,consumer 
CUST19685,Customer_9685,52,Male,Ahmedabad,Telangana,SOUTH,Small Business
CUST19686,Customer_9686,29,Female,Chennai,Karnataka,West,Consumer
CUST19687,Customer_9687,47,Female,Pune,Gujarat,West,Consumer
CUST19688,Customer_9688,22,Other,Jaipur,Karnataka,,Small Business
CUST19689,Customer_9689,51,Female,Hyderabad,Maharashtra,West,Consumer
CUST19690,Customer_9690,39,male ,Delhi,Gujarat,East,Consumer
CUST19691,Customer_9691,56,Female,Hyderabad,Delhi,South,Small Business
CUST19692,Customer_9692,30,Female,Pune,Karnataka,South,Consumer
CUST19693,Customer_9693,64,Female,Mumbai,Telangana,South,Corporate
CUST19694,Customer_9694,20, FEMALE,Mumbai,West Bengal,South,consumer 
CUST19695,Customer_9695,37,Female,Bengaluru,Karnataka,East,Consumer
CUST19696,Customer_9696,48,Female,Delhi,Tamil Nadu,South,Small Business
CUST19697,Customer_9697,22,Male,Jaipur,Maharashtra,East,Consumer
CUST19698,Customer_9698,41,Male,Bengaluru,West Bengal,SOUTH,
CUST19699,Customer_9699,57,Female,Mumbai,Telangana,South,Small Business
CUST19700,Customer_9700,50,Male,Kolkata,Gujarat,North,CORPORATE
CUST19701,Customer_9701,25,Male,Lucknow,Telangana,South,Corporate
CUST19702,Customer_9702,41,Female,Delhi,Telangana, north ,Consumer
CUST19703,Customer_9703,67,Male,Mumbai,West Bengal,SOUTH,CORPORATE
CUST19704,Customer_9704,37,male ,Ahmedabad,Maharashtra, north ,Corporate
CUST19705,Customer_9705,33,Female,Hyderabad,Maharashtra,South,Corporate
CUST19706,Customer_9706,67,Female,Ahmedabad,Uttar Pradesh,South,Consumer
CUST19707,Customer_9707,69,Male,Bengaluru,Karnataka,,Consumer
CUST19708,Customer_9708,29,Male,Mumbai,Rajasthan,South,Corporate
CUST19709,Customer_9709,30,Female,Mumbai,Delhi,North,Consumer
CUST19710,Customer_9710,62,male ,Delhi,Uttar Pradesh,South,consumer 
CUST19711,Customer_9711,59,male ,Ahmedabad,,SOUTH,Consumer
CUST19712,Customer_9712,56,Male,Ahmedabad,Telangana,South,Corporate
CUST19713,Customer_9713,42,Female,Ahmedabad,Tamil Nadu,SOUTH,Small Business
CUST19714,Customer_9714,63,Male,Lucknow,Telangana,North,Consumer
CUST19715,Customer_9715,49,,Lucknow,Gujarat,West,Consumer
CUST19716,Customer_9716,41,Other,Kolkata,Delhi,North,Consumer
CUST19717,Customer_9717,65,Female,Lucknow,Rajasthan,North,Corporate
CUST19718,Customer_9718,64,Female,Mumbai,Rajasthan,East,Consumer
CUST19719,Customer_9719,61,male ,Hyderabad,Telangana,South,CORPORATE
CUST19720,Customer_9720,26,Female,Kolkata,Maharashtra,West,Corporate
CUST19721,Customer_9721,57,Female,Ahmedabad,Maharashtra,,Corporate
CUST19722,Customer_9722,67,Other,Kolkata,Uttar Pradesh,North,consumer 
CUST19723,Customer_9723,40,Female,Lucknow,Delhi,North,Consumer
CUST19724,Customer_9724,67,Female,Chennai,West Bengal,West,Corporate
CUST19725,Customer_9725,30, FEMALE,Jaipur,Karnataka, north ,Corporate
CUST19726,Customer_9726,49,Female,Ahmedabad,Karnataka,West,Consumer
CUST19727,Customer_9727,67,Female,Mumbai,Tamil Nadu,East,CORPORATE
CUST19728,Customer_9728,32,Male,Ahmedabad,Gujarat,West,Small Business
CUST19729,Customer_9729,53,Male,Chennai,West Bengal,North,consumer 
CUST19730,Customer_9730,66,Male,Kolkata,Uttar Pradesh,North,
CUST19731,Customer_9731,22,Female,Ahmedabad,West Bengal,East,Consumer
CUST19732,Customer_9732,39,Female,Hyderabad,Rajasthan,West,Small Business
CUST19733,Customer_9733,33,,Hyderabad,Telangana,South,Corporate
CUST19734,Customer_9734,58,Female,Chennai,Gujarat,East,
CUST19735,Customer_9735,27,male ,Delhi,Tamil Nadu,South,Consumer
CUST19736,Customer_9736,41,Male,Chennai,Tamil Nadu,East,Consumer
CUST19737,Customer_9737,35,male ,Bengaluru,Tamil Nadu, north ,Consumer
CUST19738,Customer_9738,66,Female,Ahmedabad,Karnataka,East,Consumer
CUST19739,Customer_9739,35,Female,Delhi,Maharashtra,North,Consumer
CUST19740,Customer_9740,24,Male,Chennai,Delhi,West,Consumer
CUST19741,Customer_9741,21,Female,Ahmedabad,Rajasthan,East,Consumer
CUST19742,Customer_9742,43,Female,Ahmedabad,Karnataka,West,Consumer
CUST19743,Customer_9743,22,Female,Kolkata,Telangana, north ,Corporate
CUST19744,Customer_9744,33,Other,Pune,Gujarat,South,Consumer
CUST19745,Customer_9745,52, FEMALE,Bengaluru,West Bengal,East,Consumer
CUST19746,Customer_9746,43,Other,Hyderabad,Delhi,East,Consumer
CUST19747,Customer_9747,35,Female,Delhi,Uttar Pradesh,South,Corporate
CUST19748,Customer_9748,46,Other,Jaipur,Karnataka, north ,Consumer
CUST19749,Customer_9749,40,male ,Bengaluru,Tamil Nadu,West,Consumer
CUST19750,Customer_9750,31,Male,Kolkata,Tamil Nadu,,Consumer
CUST19751,Customer_9751,32,Female,Hyderabad,Maharashtra,West,consumer 
CUST19752,Customer_9752,66,Male,Chennai,Maharashtra,South,Small Business
CUST19753,Customer_9753,50,Male,Pune,Maharashtra,West,CORPORATE
CUST19754,Customer_9754,42,Male,Lucknow,Delhi,West,Consumer
CUST19755,Customer_9755,38,Male,Mumbai,Karnataka, north ,Consumer
CUST19756,Customer_9756,34,Female,Hyderabad,,East,
CUST19757,Customer_9757,40,Female,,Telangana,East,Consumer
CUST19758,Customer_9758,60,Male,Delhi,Gujarat,North,Consumer
CUST19759,Customer_9759,34,male ,Pune,Tamil Nadu, north ,Small Business
CUST19760,Customer_9760,31,male ,Mumbai,Rajasthan,East,Consumer
CUST19761,Customer_9761,46,Other,Delhi,Maharashtra,East,Small Business
CUST19762,Customer_9762,37,Female,Ahmedabad,Karnataka,North,Consumer
CUST19763,Customer_9763,47,Female,Chennai,Tamil Nadu,East,Consumer
CUST19764,Customer_9764,36,Male,Mumbai,Gujarat,North,Corporate
CUST19765,Customer_9765,56,Male,Delhi,Delhi,SOUTH,Consumer
CUST19766,Customer_9766,30,Male,Delhi,Tamil Nadu, north ,consumer 
CUST19767,Customer_9767,35,Female,Chennai,Delhi,North,Small Business
CUST19768,Customer_9768,40,,Kolkata,Telangana,East,Consumer
CUST19769,Customer_9769,63,Male,,West Bengal,East,Corporate
CUST19770,Customer_9770,50,Male,Mumbai,Uttar Pradesh,West,Small Business
CUST19771,Customer_9771,56,Male,Kolkata,Maharashtra,West,Small Business
CUST19772,Customer_9772,57,Female,Hyderabad,Maharashtra,,Consumer
CUST19773,Customer_9773,35,Male,Chennai,Tamil Nadu,South,consumer 
CUST19774,Customer_9774,26,Female,Lucknow,,,CORPORATE
CUST19775,Customer_9775,50,Male,Bengaluru,Karnataka,,Consumer
CUST19776,Customer_9776,49,Female,Mumbai,Telangana,West,consumer 
CUST19777,Customer_9777,34,Male,Ahmedabad,Telangana,South,Small Business
CUST19778,Customer_9778,36,Female,Mumbai,Delhi,South,consumer 
CUST19779,Customer_9779,44,Male,Bengaluru,Uttar Pradesh,West,Consumer
CUST19780,Customer_9780,23,male ,Kolkata,Karnataka,West,Corporate
CUST19781,Customer_9781,52,Female,Kolkata,Rajasthan,North,Consumer
CUST19782,Customer_9782,54,Female,Lucknow,Tamil Nadu, north ,Small Business
CUST19783,Customer_9783,51,Female,Mumbai,West Bengal,North,Corporate
CUST19784,Customer_9784,37,Female,Hyderabad,Delhi,North,Corporate
CUST19785,Customer_9785,42,Male,Mumbai,Gujarat,South,Small Business
CUST19786,Customer_9786,21,Female,Pune,Karnataka, north ,Corporate
CUST19787,Customer_9787,27,Female,Bengaluru,Rajasthan,West,Small Business
CUST19788,Customer_9788,27,Female,Kolkata,Uttar Pradesh,South,consumer 
CUST19789,Customer_9789,41,Female,Delhi,Tamil Nadu,North,Small Business
CUST19790,Customer_9790,38,male ,Delhi,Karnataka,West,Consumer
CUST19791,Customer_9791,28,Female,Hyderabad,,East,
CUST19792,Customer_9792,44,Male,,Karnataka,,Corporate
CUST19793,Customer_9793,33,Female,Ahmedabad,Gujarat,West,Consumer
CUST19794,Customer_9794,43,Male,,Maharashtra,North,Consumer
CUST19795,Customer_9795,47,Female,Hyderabad,Telangana,West,
CUST19796,Customer_9796,66,Female,Delhi,Maharashtra,South,Corporate
CUST19797,Customer_9797,33,Male,Bengaluru,Delhi,SOUTH,Consumer
CUST19798,Customer_9798,24, FEMALE,Kolkata,Karnataka,North,Corporate
CUST19799,Customer_9799,33,Female,Mumbai,Delhi,South,Consumer
CUST19800,Customer_9800,52,Male,Bengaluru,,East,CORPORATE
CUST19801,Customer_9801,33,Male,Delhi,Uttar Pradesh,North,Corporate
CUST19802,Customer_9802,57,Female,Chennai,Delhi,South,Corporate
CUST19803,Customer_9803,29,Other,Mumbai,Maharashtra,East,Small Business
CUST19804,Customer_9804,52,Female,Delhi,Rajasthan,South,Consumer
CUST19805,Customer_9805,66,Other,Hyderabad,Telangana,East,Consumer
CUST19806,Customer_9806,38,Male,Hyderabad,Uttar Pradesh, north ,Small Business
CUST19807,Customer_9807,67,Female,Chennai,Tamil Nadu,East,consumer 
CUST19808,Customer_9808,60,male ,Jaipur,Rajasthan,SOUTH,Consumer
CUST19809,Customer_9809,53,Female,Delhi,West Bengal,North,consumer 
CUST19810,Customer_9810,65,Male,Lucknow,West Bengal,South,Consumer
CUST19811,Customer_9811,34,Female,,Maharashtra,West,Consumer
CUST19812,Customer_9812,49,Female,Hyderabad,Telangana,South,Consumer
CUST19813,Customer_9813,58,Female,Pune,Delhi,South,Consumer
CUST19814,Customer_9814,23,male ,Ahmedabad,West Bengal, north ,Consumer
CUST19815,Customer_9815,41,male ,Pune,Telangana,East,Consumer
CUST19816,Customer_9816,44,Female,Mumbai,Uttar Pradesh,South,Consumer
CUST19817,Customer_9817,37,Male,Chennai,Maharashtra,West,Small Business
CUST19818,Customer_9818,42,Female,Hyderabad,Telangana,North,Small Business
CUST19819,Customer_9819,19,male ,Chennai,Maharashtra,East,Small Business
CUST19820,Customer_9820,26,Other,Mumbai,West Bengal,North,Consumer
CUST19821,Customer_9821,45,Male,Chennai,Gujarat,North,Consumer
CUST19822,Customer_9822,55,Female,Mumbai,Uttar Pradesh,North,Consumer
CUST19823,Customer_9823,20,Male,Jaipur,Gujarat, north ,Consumer
CUST19824,Customer_9824,37,Male,Pune,,North,Small Business
CUST19825,Customer_9825,23,Female,Delhi,Uttar Pradesh,East,Corporate
CUST19826,Customer_9826,56,Female,Ahmedabad,Karnataka,North,CORPORATE
CUST19827,Customer_9827,50,Male,Pune,Maharashtra,South,Consumer
CUST19828,Customer_9828,18,male ,Bengaluru,Telangana,East,Consumer
CUST19829,Customer_9829,54,male ,Delhi,,South,Consumer
CUST19830,Customer_9830,23,Other,Kolkata,Telangana,West,Consumer
CUST19831,Customer_9831,62,Male,Hyderabad,Maharashtra,SOUTH,Corporate
CUST19832,Customer_9832,51,Female,Ahmedabad,Gujarat,South,Consumer
CUST19833,Customer_9833,64,Female,Delhi,Telangana,North,Small Business
CUST19834,Customer_9834,32,Male,Delhi,Rajasthan, north ,Consumer
CUST19835,Customer_9835,62,Female,Ahmedabad,Uttar Pradesh,,consumer 
CUST19836,Customer_9836,43,male ,Ahmedabad,Gujarat,South,Consumer
CUST19837,Customer_9837,31,Male,Delhi,Uttar Pradesh,South,Consumer
CUST19838,Customer_9838,24,Other,Jaipur,Uttar Pradesh,North,Consumer
CUST19839,Customer_9839,63,male ,Mumbai,Rajasthan,East,Consumer
CUST19840,Customer_9840,48,Female,,Telangana,South,Small Business
CUST19841,Customer_9841,41,male ,Ahmedabad,Rajasthan,,Small Business
CUST19842,Customer_9842,48,Female,Delhi,Uttar Pradesh,North,Small Business
CUST19843,Customer_9843,46,Female,Mumbai,Karnataka,South,Consumer
CUST19844,Customer_9844,59,Female,Delhi,Karnataka,East,
CUST19845,Customer_9845,49, FEMALE,Delhi,Karnataka,South,Consumer
CUST19846,Customer_9846,34,Male,Delhi,Tamil Nadu,East,Consumer
CUST19847,Customer_9847,31,Male,Lucknow,Delhi,,
CUST19848,Customer_9848,57,Female,Bengaluru,Uttar Pradesh,East,
CUST19849,Customer_9849,53,Male,Chennai,Maharashtra,SOUTH,Corporate
CUST19850,Customer_9850,65,Female,Jaipur,Maharashtra,,Consumer
CUST19851,Customer_9851,41,Female,Chennai,Maharashtra,North,Consumer
CUST19852,Customer_9852,62, FEMALE,Hyderabad,West Bengal,SOUTH,Corporate
CUST19853,Customer_9853,44,Female,Delhi,Karnataka,North,Small Business
CUST19854,Customer_9854,42,Male,Pune,Telangana,West,Consumer
CUST19855,Customer_9855,49,Male,Mumbai,Gujarat,South,Small Business
CUST19856,Customer_9856,69,Female,Jaipur,Gujarat,South,Consumer
CUST19857,Customer_9857,35,Female,Bengaluru,Gujarat,West,consumer 
CUST19858,Customer_9858,63,Female,Kolkata,West Bengal,West,Corporate
CUST19859,Customer_9859,35,Male,Kolkata,Gujarat,SOUTH,
CUST19860,Customer_9860,54,Male,Pune,Uttar Pradesh,South,Small Business
CUST19861,Customer_9861,43,Male,Bengaluru,Gujarat,West,Corporate
CUST19862,Customer_9862,26,Male,Bengaluru,Delhi,South,Consumer
CUST19863,Customer_9863,52,Female,Ahmedabad,Delhi,West,Corporate
CUST19864,Customer_9864,25,male ,Delhi,Maharashtra,,Consumer
CUST19865,Customer_9865,37,Male,Mumbai,Gujarat,South,consumer 
CUST19866,Customer_9866,59,Female,Pune,West Bengal,North,Consumer
CUST19867,Customer_9867,39,Female,Lucknow,Telangana,South,consumer 
CUST19868,Customer_9868,36,Male,Hyderabad,Tamil Nadu,West,Consumer
CUST19869,Customer_9869,47,Female,Kolkata,Uttar Pradesh,South,Consumer
CUST19870,Customer_9870,45,Female,Pune,Gujarat,West,Consumer
CUST19871,Customer_9871,52,Female,Delhi,Uttar Pradesh,East,Small Business
CUST19872,Customer_9872,60,male ,Pune,Uttar Pradesh,North,Corporate
CUST19873,Customer_9873,28,Male,Lucknow,Karnataka,South,Consumer
CUST19874,Customer_9874,48, FEMALE,,Tamil Nadu, north ,Consumer
CUST19875,Customer_9875,66,Female,Delhi,Gujarat,,Consumer
CUST19876,Customer_9876,65,Female,Kolkata,Uttar Pradesh,South,Consumer
CUST19877,Customer_9877,56, FEMALE,Hyderabad,Rajasthan,North,consumer 
CUST19878,Customer_9878,53,male ,Delhi,Delhi,North,Corporate
CUST19879,Customer_9879,47,Female,Pune,Delhi,West,Consumer
CUST19880,Customer_9880,40,Female,Mumbai,Maharashtra,West,Consumer
CUST19881,Customer_9881,36,Female,Hyderabad,West Bengal,South,Consumer
CUST19882,Customer_9882,29,Female,Bengaluru,Tamil Nadu,South,Small Business
CUST19883,Customer_9883,32,Male,Hyderabad,Gujarat,West,consumer 
CUST19884,Customer_9884,48,Male,Chennai,Rajasthan,South,Small Business
CUST19885,Customer_9885,60,male ,Hyderabad,Karnataka,West,Small Business
CUST19886,Customer_9886,54,Male,Pune,Maharashtra,South,Consumer
CUST19887,Customer_9887,54,Male,Mumbai,Gujarat,West,
CUST19888,Customer_9888,32,male ,Kolkata,Telangana,East,Consumer
CUST19889,Customer_9889,46,Male,Lucknow,Rajasthan,East,Small Business
CUST19890,Customer_9890,67,Male,Mumbai,West Bengal,East,Consumer
CUST19891,Customer_9891,60,Female,Chennai,Maharashtra,South,Consumer
CUST19892,Customer_9892,43,Female,Kolkata,Delhi,East,Corporate
CUST19893,Customer_9893,61,male ,Pune,Telangana,South,Consumer
CUST19894,Customer_9894,19,Female,Hyderabad,Telangana,,Consumer
CUST19895,Customer_9895,37,Female,Kolkata,Rajasthan, north ,Consumer
CUST19896,Customer_9896,32,Female,Delhi,West Bengal,East,Corporate
CUST19897,Customer_9897,69,Female,Hyderabad,Gujarat,North,Small Business
CUST19898,Customer_9898,21,Female,Chennai,Gujarat,North,Consumer
CUST19899,Customer_9899,39, FEMALE,Delhi,Tamil Nadu, north ,Consumer
CUST19900,Customer_9900,67,Female,Chennai,Tamil Nadu,SOUTH,Small Business
CUST19901,Customer_9901,55,Female,Kolkata,Rajasthan,North,Corporate
CUST19902,Customer_9902,40,Male,Jaipur,Maharashtra,West,Corporate
CUST19903,Customer_9903,43,Female,Delhi,,West,
CUST19904,Customer_9904,68,Male,,Tamil Nadu,South,Consumer
CUST19905,Customer_9905,28,Female,Pune,Gujarat,South,Consumer
CUST19906,Customer_9906,45,male ,Hyderabad,Gujarat,West,Small Business
CUST19907,Customer_9907,19,Female,Bengaluru,West Bengal,North,Small Business
CUST19908,Customer_9908,25,Male,Pune,Maharashtra,North,Corporate
CUST19909,Customer_9909,46,male ,Ahmedabad,West Bengal,North,Small Business
CUST19910,Customer_9910,28,Male,Chennai,West Bengal, north ,Corporate
CUST19911,Customer_9911,54,Female,Kolkata,Uttar Pradesh,East,Consumer
CUST19912,Customer_9912,35,Female,Hyderabad,Delhi,East,Consumer
CUST19913,Customer_9913,67,Male,Hyderabad,Tamil Nadu,West,Consumer
CUST19914,Customer_9914,31, FEMALE,Bengaluru,Gujarat,,Consumer
CUST19915,Customer_9915,27,Male,Kolkata,,North,Consumer
CUST19916,Customer_9916,52,,Hyderabad,Maharashtra,North,consumer 
CUST19917,Customer_9917,26,Male,Mumbai,Gujarat,South,Consumer
CUST19918,Customer_9918,52,Male,Hyderabad,Maharashtra, north ,Consumer
CUST19919,Customer_9919,28,Male,Lucknow,Gujarat,South,Consumer
CUST19920,Customer_9920,61,Male,Jaipur,Karnataka,West,Corporate
CUST19921,Customer_9921,29,Female,Bengaluru,Gujarat,North,Corporate
CUST19922,Customer_9922,20,Female,Ahmedabad,Rajasthan,East,Corporate
CUST19923,Customer_9923,56,male ,Delhi,Telangana,North,Consumer
CUST19924,Customer_9924,31,Male,Delhi,Karnataka,South,Corporate
CUST19925,Customer_9925,45,Female,Mumbai,Maharashtra,South,Small Business
CUST19926,Customer_9926,28,Female,Delhi,Rajasthan,East,Small Business
CUST19927,Customer_9927,56,Female,Delhi,Gujarat,West,Consumer
CUST19928,Customer_9928,42,Female,Kolkata,Uttar Pradesh,SOUTH,Consumer
CUST19929,Customer_9929,38,Female,Pune,Uttar Pradesh,South,consumer 
CUST19930,Customer_9930,27,Male,Kolkata,Uttar Pradesh,West,Corporate
CUST19931,Customer_9931,60,male ,Kolkata,, north ,consumer 
CUST19932,Customer_9932,32,Female,Jaipur,Uttar Pradesh,North,Consumer
CUST19933,Customer_9933,36,Female,Mumbai,Maharashtra,East,Consumer
CUST19934,Customer_9934,65,Male,Pune,Uttar Pradesh,East,Consumer
CUST19935,Customer_9935,39,Male,Pune,Karnataka,South,Consumer
CUST19936,Customer_9936,38,Female,Ahmedabad,,North,Corporate
CUST19937,Customer_9937,69,Male,Mumbai,Telangana,South,Small Business
CUST19938,Customer_9938,61,Male,Delhi,Karnataka,East,Consumer
CUST19939,Customer_9939,49,male ,Kolkata,Maharashtra,North,Consumer
CUST19940,Customer_9940,67,Female,Jaipur,Rajasthan,South,Consumer
CUST19941,Customer_9941,40,Female,Bengaluru,Maharashtra,West,CORPORATE
CUST19942,Customer_9942,30,Male,Pune,Gujarat,South,Consumer
CUST19943,Customer_9943,22,Other,Delhi,Karnataka,North,Consumer
CUST19944,Customer_9944,21,Male,Ahmedabad,Karnataka,South,Corporate
CUST19945,Customer_9945,45,male ,Delhi,Delhi,,Corporate
CUST19946,Customer_9946,31,Other,Delhi,Karnataka,South,consumer 
CUST19947,Customer_9947,25,Female,Delhi,Telangana,South,Consumer
CUST19948,Customer_9948,26,,Hyderabad,Telangana,North,Consumer
CUST19949,Customer_9949,68,Female,Delhi,Karnataka,South,Consumer
CUST19950,Customer_9950,52,Male,Jaipur,Delhi,East,Consumer
CUST19951,Customer_9951,54,Male,Ahmedabad,Karnataka,SOUTH,Consumer
CUST19952,Customer_9952,38,Male,Bengaluru,Uttar Pradesh,East,Consumer
CUST19953,Customer_9953,35,Male,Pune,Telangana,South,consumer 
CUST19954,Customer_9954,50,Female,Delhi,Karnataka,South,Small Business
CUST19955,Customer_9955,25,Male,Hyderabad,Karnataka,North,Small Business
CUST19956,Customer_9956,68,male ,Bengaluru,Tamil Nadu,North,Small Business
CUST19957,Customer_9957,66,Male,Mumbai,Karnataka,West,Consumer
CUST19958,Customer_9958,34,Female,Kolkata,West Bengal,East,Consumer
CUST19959,Customer_9959,60,Other,Mumbai,,North,Small Business
CUST19960,Customer_9960,48,Male,Ahmedabad,Delhi,South,Corporate
CUST19961,Customer_9961,51,Female,Kolkata,Maharashtra,South,Corporate
CUST19962,Customer_9962,23,Female,Jaipur,Maharashtra,West,Small Business
CUST19963,Customer_9963,39,Male,Ahmedabad,Telangana,South,consumer 
CUST19964,Customer_9964,31,Female,Ahmedabad,Delhi,West,Corporate
CUST19965,Customer_9965,20,Male,Pune,Tamil Nadu,West,Consumer
CUST19966,Customer_9966,29,male ,Chennai,Gujarat,North,Consumer
CUST19967,Customer_9967,53,Female,Bengaluru,Delhi,SOUTH,Consumer
CUST19968,Customer_9968,29,Female,Jaipur,Telangana,North,Small Business
CUST19969,Customer_9969,62,male ,Chennai,Uttar Pradesh,,Consumer
CUST19970,Customer_9970,19,Male,Ahmedabad,Maharashtra,West,Consumer
CUST19971,Customer_9971,19,Female,Mumbai,Delhi,North,
CUST19972,Customer_9972,32, FEMALE,Bengaluru,West Bengal,South,Consumer
CUST19973,Customer_9973,40, FEMALE,Bengaluru,Delhi, north ,Consumer
CUST19974,Customer_9974,46,male ,Lucknow,Uttar Pradesh,West,Consumer
CUST19975,Customer_9975,34,Female,Delhi,Delhi,South,consumer 
CUST19976,Customer_9976,49,,Chennai,Tamil Nadu,West,Small Business
CUST19977,Customer_9977,24,Male,Hyderabad,Uttar Pradesh,West,Corporate
CUST19978,Customer_9978,47,Female,Delhi,Karnataka,South,Corporate
CUST19979,Customer_9979,45,Male,Hyderabad,Maharashtra,East,CORPORATE
CUST19980,Customer_9980,31,,Chennai,Maharashtra,,Consumer
CUST19981,Customer_9981,61,Female,Delhi,Gujarat,SOUTH,Consumer
CUST19982,Customer_9982,47,Female,Chennai,Rajasthan,East,Consumer
CUST19983,Customer_9983,34,Male,Ahmedabad,Maharashtra,North,Consumer
CUST19984,Customer_9984,49,male ,Ahmedabad,Rajasthan,West,Consumer
CUST19985,Customer_9985,63,male ,Chennai,Rajasthan,South,CORPORATE
CUST19986,Customer_9986,23,Female,Chennai,,West,Consumer
CUST19987,Customer_9987,68,Male,Bengaluru,Telangana,South,Small Business
CUST19988,Customer_9988,41,Female,,Gujarat,West,Small Business
CUST19989,Customer_9989,23,Male,Bengaluru,Telangana,South,Consumer
CUST19990,Customer_9990,44,Female,Chennai,Gujarat,SOUTH,CORPORATE
CUST19991,Customer_9991,35,Male,Delhi,Delhi,North,Corporate
CUST19992,Customer_9992,41,Male,Bengaluru,Maharashtra,North,Corporate
CUST19993,Customer_9993,54,Male,Delhi,Gujarat,West,Consumer
CUST19994,Customer_9994,41,Male,Jaipur,Uttar Pradesh,South,Small Business
CUST19995,Customer_9995,55,Male,Pune,Karnataka,East,Consumer
CUST19996,Customer_9996,51,Other,Pune,West Bengal,SOUTH,Consumer
CUST19997,Customer_9997,57,Female,Bengaluru,Telangana,East,Consumer
CUST19998,Customer_9998,64,Female,Lucknow,Delhi,West,Consumer
CUST19999,Customer_9999,32,Female,Delhi,Delhi,North,Small Business
CUST20000,Customer_10000,28,Female,Bengaluru,Delhi,West,Small Business
CUST20001,Customer_10001,39,Other,Kolkata,West Bengal,South,Consumer
CUST20002,Customer_10002,41,Male,Ahmedabad,Karnataka,East,Small Business
CUST20003,Customer_10003,18,Male,Mumbai,Maharashtra,West,Consumer
CUST20004,Customer_10004,35,Other,Pune,Gujarat,East,Consumer
CUST20005,Customer_10005,61,Male,Chennai,Maharashtra,,Consumer
CUST20006,Customer_10006,29,Male,Ahmedabad,Rajasthan,West,Small Business
CUST20007,Customer_10007,60,Male,Delhi,Gujarat,West,Small Business
CUST20008,Customer_10008,45,Male,Hyderabad,Maharashtra,East,Consumer
CUST20009,Customer_10009,57,,Mumbai,Maharashtra,South,Consumer
CUST20010,Customer_10010,24,Male,Delhi,West Bengal,North,Consumer
CUST20011,Customer_10011,40,Other,Mumbai,Tamil Nadu,North,Small Business
CUST20012,Customer_10012,38,,Ahmedabad,Tamil Nadu,North,CORPORATE
CUST20013,Customer_10013,51,Female,Mumbai,Tamil Nadu,SOUTH,Corporate
CUST20014,Customer_10014,28,Male,Ahmedabad,Gujarat,South,Consumer
CUST20015,Customer_10015,39,Male,Mumbai,Delhi,West,Corporate
CUST20016,Customer_10016,59,Female,Ahmedabad,Uttar Pradesh,East,
CUST20017,Customer_10017,52,Female,Kolkata,Maharashtra,East,CORPORATE
CUST20018,Customer_10018,69,Female,Delhi,Telangana,East,
CUST20019,Customer_10019,46,Female,Pune,Delhi,South,Small Business
CUST20020,Customer_10020,59,Other,Bengaluru,Telangana, north ,Consumer
CUST20021,Customer_10021,45,Female,Hyderabad,Uttar Pradesh,SOUTH,consumer 
CUST20022,Customer_10022,35,Female,Hyderabad,Delhi,West,consumer 
CUST20023,Customer_10023,31, FEMALE,Hyderabad,Karnataka, north ,Consumer
CUST20024,Customer_10024,35,Male,Kolkata,Telangana,North,Small Business
CUST20025,Customer_10025,45,Male,Jaipur,Maharashtra,North,consumer 
CUST20026,Customer_10026,41,Male,Bengaluru,Uttar Pradesh,East,consumer 
CUST20027,Customer_10027,25,Male,Ahmedabad,Uttar Pradesh, north ,Small Business
CUST20028,Customer_10028,59,Female,Ahmedabad,Uttar Pradesh,South,Corporate
CUST20029,Customer_10029,62,Male,Delhi,West Bengal,East,Small Business
CUST20030,Customer_10030,25,Female,Delhi,Tamil Nadu,North,Corporate
CUST20031,Customer_10031,21,,Hyderabad,Karnataka,,Consumer
CUST20032,Customer_10032,44,Male,Pune,Rajasthan,West,Consumer
CUST20033,Customer_10033,53,Female,Bengaluru,Telangana,South,Corporate
CUST20034,Customer_10034,22,Male,Bengaluru,,,Consumer
CUST20035,Customer_10035,50,Male,,Gujarat,North,Corporate
CUST20036,Customer_10036,66,Female,Pune,Gujarat,East,Consumer
CUST20037,Customer_10037,51,Other,Mumbai,Telangana,North,Corporate
CUST20038,Customer_10038,47,Female,Ahmedabad,Telangana,South,Corporate
CUST20039,Customer_10039,25,Male,Kolkata,Gujarat,North,Small Business
CUST20040,Customer_10040,56,Female,Hyderabad,Uttar Pradesh,South,Corporate
CUST20041,Customer_10041,64,Male,Kolkata,Rajasthan,SOUTH,Small Business
CUST20042,Customer_10042,43,Male,Delhi,Karnataka,South,Consumer
CUST20043,Customer_10043,54,Female,Chennai,Uttar Pradesh,South,Consumer
CUST20044,Customer_10044,51,Male,Mumbai,West Bengal,West,Consumer
CUST20045,Customer_10045,24,Female,Delhi,Telangana,West,consumer 
CUST20046,Customer_10046,57,Female,Bengaluru,Gujarat,,Corporate
CUST20047,Customer_10047,45,Female,Mumbai,Telangana,East,Consumer
CUST20048,Customer_10048,56,Male,Kolkata,Rajasthan,West,Small Business
CUST20049,Customer_10049,56,,Kolkata,Tamil Nadu,South,Consumer
CUST20050,Customer_10050,45,Male,Mumbai,West Bengal,North,Consumer
CUST20051,Customer_10051,31,male ,Delhi,Delhi,South,Consumer
CUST20052,Customer_10052,67,Male,Lucknow,Tamil Nadu,South,Consumer
CUST20053,Customer_10053,55,Female,Delhi,Tamil Nadu,South,Consumer
CUST20054,Customer_10054,21,Female,Bengaluru,Tamil Nadu,West,
CUST20055,Customer_10055,59,Male,Chennai,Gujarat,South,Corporate
CUST20056,Customer_10056,35,Male,Lucknow,Karnataka,SOUTH,Corporate
CUST20057,Customer_10057,61,Male,Lucknow,Gujarat,,Corporate
CUST20058,Customer_10058,65, FEMALE,Jaipur,Telangana,East,Consumer
CUST20059,Customer_10059,42,Female,Bengaluru,Rajasthan,East,
CUST20060,Customer_10060,24,Male,Jaipur,Delhi,South,
CUST20061,Customer_10061,55,Female,Bengaluru,Maharashtra,South,Small Business
CUST20062,Customer_10062,45, FEMALE,Mumbai,Uttar Pradesh,,Consumer
CUST20063,Customer_10063,22,Female,Pune,Delhi,North,consumer 
CUST20064,Customer_10064,20,Male,Kolkata,Gujarat,South,Consumer
CUST20065,Customer_10065,61, FEMALE,Delhi,Maharashtra,North,Corporate
CUST20066,Customer_10066,48,Male,Delhi,Gujarat,West,Consumer
CUST20067,Customer_10067,64,Female,Jaipur,Tamil Nadu,North,Consumer
CUST20068,Customer_10068,59,Female,Lucknow,West Bengal, north ,consumer 
CUST20069,Customer_10069,37, FEMALE,Pune,Delhi,,CORPORATE
CUST20070,Customer_10070,36,Other,Hyderabad,Telangana,SOUTH,consumer 
CUST20071,Customer_10071,65,Other,,Maharashtra,,Consumer
CUST20072,Customer_10072,28,Male,Jaipur,Tamil Nadu,West,Consumer
CUST20073,Customer_10073,57,Other,Pune,Tamil Nadu,West,CORPORATE
CUST20074,Customer_10074,20,Male,Bengaluru,Rajasthan,North,Consumer
CUST20075,Customer_10075,40,Male,Mumbai,Gujarat,SOUTH,Corporate
CUST20076,Customer_10076,24,Female,Hyderabad,Tamil Nadu,West,Corporate
CUST20077,Customer_10077,40,Female,Bengaluru,Maharashtra,South,Consumer
CUST20078,Customer_10078,24,Female,,Karnataka,East,consumer 
CUST20079,Customer_10079,63,Female,Chennai,Gujarat,North,Consumer
CUST20080,Customer_10080,51,Other,Mumbai,Maharashtra,West,Corporate
CUST20081,Customer_10081,59,Male,Lucknow,West Bengal,North,Consumer
CUST20082,Customer_10082,36,Male,Mumbai,Delhi,West,Consumer
CUST20083,Customer_10083,26,Other,Chennai,Karnataka,West,Consumer
CUST20084,Customer_10084,65,Male,Jaipur,West Bengal,South,Corporate
CUST20085,Customer_10085,68,Female,Chennai,Telangana,SOUTH,
CUST20086,Customer_10086,35,Female,Hyderabad,Tamil Nadu,West,Small Business
CUST20087,Customer_10087,58,Female,Chennai,Rajasthan,East,Small Business
CUST20088,Customer_10088,65,Female,Lucknow,Maharashtra,SOUTH,Small Business
CUST20089,Customer_10089,62,Male,,Karnataka, north ,Small Business
CUST20090,Customer_10090,59, FEMALE,Kolkata,Rajasthan,West,Consumer
CUST20091,Customer_10091,42,Male,Lucknow,Tamil Nadu,North,Corporate
CUST20092,Customer_10092,69,Female,Delhi,Delhi,East,consumer 
CUST20093,Customer_10093,31,Male,Ahmedabad,Rajasthan, north ,Small Business
CUST20094,Customer_10094,61,Female,Ahmedabad,West Bengal,East,Consumer
CUST20095,Customer_10095,42,Female,Pune,Delhi,East,Small Business
CUST20096,Customer_10096,36,Other,Jaipur,Uttar Pradesh,SOUTH,Consumer
CUST20097,Customer_10097,56,Female,Chennai,Tamil Nadu,North,consumer 
CUST20098,Customer_10098,32,Female,Bengaluru,Maharashtra,North,Small Business
CUST20099,Customer_10099,33,Other,Lucknow,Tamil Nadu, north ,Small Business
CUST20100,Customer_10100,44,Female,Pune,West Bengal,North,Consumer
CUST20101,Customer_10101,57,Female,Pune,Gujarat,South,
CUST20102,Customer_10102,27,Female,Kolkata,Uttar Pradesh,SOUTH,Corporate
CUST20103,Customer_10103,21,Female,Lucknow,Karnataka,West,Small Business
CUST20104,Customer_10104,68,male ,Jaipur,Maharashtra,West,Corporate
CUST20105,Customer_10105,36,Male,Mumbai,Gujarat,West,Consumer
CUST20106,Customer_10106,45,Female,Chennai,Gujarat,South,Consumer
CUST20107,Customer_10107,38,Female,,Maharashtra,East,Consumer
CUST20108,Customer_10108,64, FEMALE,Pune,Delhi,West,Corporate
CUST20109,Customer_10109,31, FEMALE,Ahmedabad,Rajasthan,South,Consumer
CUST20110,Customer_10110,50,Female,Lucknow,Uttar Pradesh,West,Corporate
CUST20111,Customer_10111,65,Female,Kolkata,Maharashtra,South,Corporate
CUST20112,Customer_10112,27,Female,Bengaluru,Rajasthan,,Consumer
CUST20113,Customer_10113,36,Female,Bengaluru,Karnataka,North,Consumer
CUST20114,Customer_10114,47, FEMALE,Kolkata,Karnataka,South,Consumer
CUST20115,Customer_10115,39,Other,Hyderabad,Karnataka, north ,consumer 
CUST20116,Customer_10116,20, FEMALE,Lucknow,Tamil Nadu,South,Consumer
CUST20117,Customer_10117,54,Male,Jaipur,Uttar Pradesh,North,Consumer
CUST20118,Customer_10118,58, FEMALE,Bengaluru,Tamil Nadu,North,Corporate
CUST20119,Customer_10119,35,Other,,Karnataka,East,Corporate
CUST20120,Customer_10120,28,Male,Chennai,Gujarat,North,Consumer
CUST20121,Customer_10121,65,Female,Bengaluru,Delhi,North,Consumer
CUST20122,Customer_10122,19,male ,Hyderabad,Uttar Pradesh,West,Corporate
CUST20123,Customer_10123,29,Female,Ahmedabad,Uttar Pradesh,West,Consumer
CUST20124,Customer_10124,23,,Hyderabad,Karnataka, north ,Consumer
CUST20125,Customer_10125,60,Female,Bengaluru,Maharashtra, north ,Consumer
CUST20126,Customer_10126,57,Female,Hyderabad,Gujarat,South,Consumer
CUST20127,Customer_10127,61,male ,Mumbai,Tamil Nadu,West,Consumer
CUST20128,Customer_10128,46,Female,Pune,Delhi,East,Small Business
CUST20129,Customer_10129,47, FEMALE,Mumbai,Gujarat,North,Corporate
CUST20130,Customer_10130,19,Female,Lucknow,Karnataka,South,consumer 
CUST20131,Customer_10131,26,Female,Mumbai,Karnataka,North,CORPORATE
CUST20132,Customer_10132,64,Male,Pune,Rajasthan,North,CORPORATE
CUST20133,Customer_10133,19,Female,Mumbai,Rajasthan,North,Consumer
CUST20134,Customer_10134,46,Female,Ahmedabad,Karnataka,SOUTH,Consumer
CUST20135,Customer_10135,50,Other,Chennai,Maharashtra, north ,Corporate
CUST20136,Customer_10136,27,Male,Lucknow,Tamil Nadu,South,consumer 
CUST20137,Customer_10137,51,Male,Jaipur,West Bengal,South,Corporate
CUST20138,Customer_10138,61,Male,Jaipur,Gujarat,North,Consumer
CUST20139,Customer_10139,25,Female,Lucknow,Tamil Nadu,South,Corporate
CUST20140,Customer_10140,54,Other,Delhi,Rajasthan,,Consumer
CUST20141,Customer_10141,50,Female,Kolkata,Delhi,West,Small Business
CUST20142,Customer_10142,64,Female,Bengaluru,Gujarat,North,Corporate
CUST20143,Customer_10143,23,Female,Jaipur,Karnataka,South,Corporate
CUST20144,Customer_10144,61,Male,Ahmedabad,West Bengal,,Consumer
CUST20145,Customer_10145,57,Female,Ahmedabad,Gujarat,North,Corporate
CUST20146,Customer_10146,62,Female,Delhi,Uttar Pradesh,South,Corporate
CUST20147,Customer_10147,36,Female,Hyderabad,West Bengal,South,Corporate
CUST20148,Customer_10148,49, FEMALE,Hyderabad,Rajasthan,North,consumer 
CUST20149,Customer_10149,44,male ,Mumbai,Gujarat,West,Small Business
CUST20150,Customer_10150,18,male ,Delhi,Uttar Pradesh,West,Corporate
CUST20151,Customer_10151,60,Other,Hyderabad,West Bengal,South,consumer 
CUST20152,Customer_10152,69,,,Rajasthan,South,Consumer
CUST20153,Customer_10153,50,Female,Pune,Maharashtra,West,Corporate
CUST20154,Customer_10154,57,Male,Pune,Tamil Nadu,North,Corporate
CUST20155,Customer_10155,49,Female,Chennai,Karnataka,North,Consumer
CUST20156,Customer_10156,22,male ,Kolkata,Telangana, north ,Consumer
CUST20157,Customer_10157,34,Male,Ahmedabad,Rajasthan,West,Consumer
CUST20158,Customer_10158,25,Male,Pune,Maharashtra,West,Corporate
CUST20159,Customer_10159,59,Male,Delhi,Delhi,West,Consumer
CUST20160,Customer_10160,51,Female,Chennai,Telangana,South,Consumer
CUST20161,Customer_10161,26,Female,,Karnataka,SOUTH,Consumer
CUST20162,Customer_10162,40,Male,Hyderabad,Telangana,East,Small Business
CUST20163,Customer_10163,52,Male,Pune,Gujarat,South,Consumer
CUST20164,Customer_10164,67,Female,Delhi,Rajasthan,South,
CUST20165,Customer_10165,24,Male,Mumbai,Karnataka,North,Small Business
CUST20166,Customer_10166,32,Male,Ahmedabad,Maharashtra,South,Consumer
CUST20167,Customer_10167,37,Female,Bengaluru,West Bengal,North,Corporate
CUST20168,Customer_10168,67,Female,,Rajasthan,North,Consumer
CUST20169,Customer_10169,42,Male,Hyderabad,Tamil Nadu,North,consumer 
CUST20170,Customer_10170,20,Female,Ahmedabad,Maharashtra,North,Consumer
CUST20171,Customer_10171,63,Male,Delhi,Delhi,North,Consumer
CUST20172,Customer_10172,41,male ,Lucknow,Karnataka,North,Small Business
CUST20173,Customer_10173,51,Male,Bengaluru,Telangana,North,Consumer
CUST20174,Customer_10174,63,Male,Lucknow,Uttar Pradesh,North,Corporate
CUST20175,Customer_10175,39,male ,,Gujarat,South,consumer 
CUST20176,Customer_10176,28,Female,Bengaluru,Telangana,East,Small Business
CUST20177,Customer_10177,65,Male,Mumbai,Uttar Pradesh,South,Consumer
CUST20178,Customer_10178,25,Male,Mumbai,,North,consumer 
CUST20179,Customer_10179,56,male ,Jaipur,Rajasthan,SOUTH,Consumer
CUST20180,Customer_10180,60,male ,Mumbai,Uttar Pradesh,East,Corporate
CUST20181,Customer_10181,52,Male,Bengaluru,Gujarat,West,Corporate
CUST20182,Customer_10182,66,Female,Mumbai,Karnataka,West,Consumer
CUST20183,Customer_10183,63,Male,Hyderabad,Delhi,South,Corporate
CUST20184,Customer_10184,55,Female,Delhi,,East,Corporate
CUST20185,Customer_10185,25,Male,Lucknow,Tamil Nadu,East,consumer 
CUST20186,Customer_10186,54,Female,Ahmedabad,Uttar Pradesh,South,Consumer
CUST20187,Customer_10187,44,Male,Hyderabad,Uttar Pradesh,West,Consumer
CUST20188,Customer_10188,45,Female,Pune,Telangana,West,Consumer
CUST20189,Customer_10189,57,Female,Kolkata,Tamil Nadu,South,Small Business
CUST20190,Customer_10190,51,Female,Jaipur,Tamil Nadu,North,Corporate
CUST20191,Customer_10191,49,Male,Chennai,Maharashtra,South,Consumer
CUST20192,Customer_10192,32,Male,Chennai,Maharashtra,North,Consumer
CUST20193,Customer_10193,61,Female,Kolkata,Tamil Nadu,North,Consumer
CUST20194,Customer_10194,34,Male,Kolkata,Maharashtra,South,Small Business
CUST20195,Customer_10195,50,Female,Bengaluru,Karnataka,North,consumer 
CUST20196,Customer_10196,64,Male,Bengaluru,Maharashtra,SOUTH,Consumer
CUST20197,Customer_10197,63,Female,Bengaluru,Rajasthan,West,Corporate
CUST20198,Customer_10198,69,Female,Pune,Gujarat,East,Corporate
CUST20199,Customer_10199,33,Other,Hyderabad,West Bengal,North,Consumer
CUST20200,Customer_10200,46,Male,Pune,Telangana,North,Corporate
CUST20201,Customer_10201,26,Male,Hyderabad,,West,Small Business
CUST20202,Customer_10202,50,Female,Lucknow,Delhi,South,Corporate
CUST20203,Customer_10203,66,Other,Delhi,Karnataka,North,consumer 
CUST20204,Customer_10204,46,,Pune,Karnataka,West,Corporate
CUST20205,Customer_10205,30,Female,Pune,Karnataka,South,Consumer
CUST20206,Customer_10206,38,Female,Hyderabad,Maharashtra,South,CORPORATE
CUST20207,Customer_10207,38,Female,Hyderabad,Karnataka,,Consumer
CUST20208,Customer_10208,22,Female,Lucknow,Karnataka,North,Small Business
CUST20209,Customer_10209,27,Female,Bengaluru,Tamil Nadu,West,Corporate
CUST20210,Customer_10210,23, FEMALE,Ahmedabad,Telangana,SOUTH,Small Business
CUST20211,Customer_10211,68,Female,Ahmedabad,West Bengal,North,Corporate
CUST20212,Customer_10212,30,Female,Kolkata,Tamil Nadu, north ,Consumer
CUST20213,Customer_10213,18,Female,Jaipur,Maharashtra,South,Consumer
CUST20214,Customer_10214,37,Female,Pune,Uttar Pradesh, north ,Corporate
CUST20215,Customer_10215,64,Female,Chennai,Tamil Nadu,South,Corporate
CUST20216,Customer_10216,63,Female,Ahmedabad,Maharashtra,,
CUST20217,Customer_10217,25,Male,Bengaluru,Maharashtra,West,Corporate
CUST20218,Customer_10218,27,Male,Mumbai,Uttar Pradesh,West,Consumer
CUST20219,Customer_10219,26,Female,Bengaluru,Rajasthan,West,Consumer
CUST20220,Customer_10220,66,male ,Pune,Tamil Nadu,South,Small Business
CUST20221,Customer_10221,58,Male,Mumbai,Karnataka,,consumer 
CUST20222,Customer_10222,20,Female,Ahmedabad,Tamil Nadu,South,Corporate
CUST20223,Customer_10223,28,Male,Hyderabad,West Bengal,South,Corporate
CUST20224,Customer_10224,29,Male,Lucknow,Gujarat,East,consumer 
CUST20225,Customer_10225,27,Other,Bengaluru,Tamil Nadu,West,Consumer
CUST20226,Customer_10226,42, FEMALE,Bengaluru,Karnataka,East,Consumer
CUST20227,Customer_10227,66,Male,Delhi,Delhi,South,Corporate
CUST20228,Customer_10228,66,Female,Bengaluru,Maharashtra,West,Consumer
CUST20229,Customer_10229,42,Male,Chennai,Rajasthan,South,Small Business
CUST20230,Customer_10230,28,,Ahmedabad,Maharashtra,West,Consumer
CUST20231,Customer_10231,53,Male,Hyderabad,Tamil Nadu,North,Consumer
CUST20232,Customer_10232,56,Male,Kolkata,Rajasthan,North,Consumer
CUST20233,Customer_10233,43,Female,Hyderabad,Karnataka,West,Corporate
CUST20234,Customer_10234,31,male ,Delhi,Rajasthan,North,Consumer
CUST20235,Customer_10235,56,Male,Chennai,West Bengal,North,Consumer
CUST20236,Customer_10236,57,Female,Delhi,Telangana,West,Consumer
CUST20237,Customer_10237,18,Male,Ahmedabad,Gujarat,South,Consumer
CUST20238,Customer_10238,21,Other,Jaipur,Rajasthan,East,Small Business
CUST20239,Customer_10239,47,Male,Hyderabad,Telangana,,Consumer
CUST20240,Customer_10240,29,Other,Kolkata,Uttar Pradesh,West,Consumer
CUST20241,Customer_10241,52,Female,Delhi,Uttar Pradesh,East,Small Business
CUST20242,Customer_10242,30,Female,Kolkata,Uttar Pradesh,South,Consumer
CUST20243,Customer_10243,69,Other,Lucknow,Rajasthan,West,consumer 
CUST20244,Customer_10244,48,,Lucknow,Telangana,North,Small Business
CUST20245,Customer_10245,55,Female,Bengaluru,Karnataka,East,Consumer
CUST20246,Customer_10246,60,Male,Bengaluru,Rajasthan,North,Consumer
CUST20247,Customer_10247,40,Female,Chennai,Maharashtra,North,CORPORATE
CUST20248,Customer_10248,21,Female,Ahmedabad,Uttar Pradesh,East,Corporate
CUST20249,Customer_10249,69,Female,Ahmedabad,Telangana,West,Corporate
CUST20250,Customer_10250,33,Female,Hyderabad,West Bengal,South,Corporate
CUST20251,Customer_10251,24,Male,Jaipur,Tamil Nadu,South,Consumer
CUST20252,Customer_10252,39,Female,Ahmedabad,Tamil Nadu,East,Consumer
CUST20253,Customer_10253,46,Female,Bengaluru,Uttar Pradesh,West,Consumer
CUST20254,Customer_10254,28,Male,Lucknow,West Bengal,North,Small Business
CUST20255,Customer_10255,50,Female,Bengaluru,Karnataka,South,consumer 
CUST20256,Customer_10256,46,Female,Bengaluru,Delhi,North,Consumer
CUST20257,Customer_10257,56,Female,Mumbai,Gujarat,South,Corporate
CUST20258,Customer_10258,29,Male,Chennai,Gujarat,East,
CUST20259,Customer_10259,24,Female,Lucknow,Maharashtra,North,Consumer
CUST20260,Customer_10260,56,Male,Chennai,Karnataka,East,Consumer
CUST20261,Customer_10261,59,Female,Mumbai,Karnataka,SOUTH,Consumer
CUST20262,Customer_10262,65,male ,Bengaluru,Gujarat,West,Consumer
CUST20263,Customer_10263,43,Female,Pune,Maharashtra,West,Corporate
CUST20264,Customer_10264,57,Male,Pune,Maharashtra,East,Consumer
CUST20265,Customer_10265,26,Female,Pune,Maharashtra, north ,Consumer
CUST20266,Customer_10266,58,Other,Delhi,Uttar Pradesh,North,Small Business
CUST20267,Customer_10267,51,Male,Jaipur,Gujarat,South,Small Business
CUST20268,Customer_10268,62, FEMALE,Ahmedabad,Telangana,East,consumer 
CUST20269,Customer_10269,30,Female,Chennai,Maharashtra, north ,CORPORATE
CUST20270,Customer_10270,53,male ,Jaipur,West Bengal,South,consumer 
CUST20271,Customer_10271,42,Male,Ahmedabad,Maharashtra,North,Consumer
CUST20272,Customer_10272,41,Male,Kolkata,Delhi,,Consumer
CUST20273,Customer_10273,61, FEMALE,Kolkata,Gujarat,North,Consumer
CUST20274,Customer_10274,34,Male,Jaipur,Gujarat,North,Consumer
CUST20275,Customer_10275,19,Male,Bengaluru,,South,Consumer
CUST20276,Customer_10276,30,Female,Pune,Tamil Nadu,East,Corporate
CUST20277,Customer_10277,48,Male,Lucknow,Karnataka,West,Small Business
CUST20278,Customer_10278,46,male ,Bengaluru,Uttar Pradesh,South,Consumer
CUST20279,Customer_10279,67,Female,Ahmedabad,Maharashtra,East,Corporate
CUST20280,Customer_10280,45, FEMALE,Pune,Karnataka,North,Consumer
CUST20281,Customer_10281,44,male ,,Karnataka,East,Consumer
CUST20282,Customer_10282,32,Male,Pune,Gujarat,South,Consumer
CUST20283,Customer_10283,48,Female,Hyderabad,Uttar Pradesh,North,
CUST20284,Customer_10284,57,male ,Lucknow,Maharashtra,SOUTH,CORPORATE
CUST20285,Customer_10285,32,Female,Chennai,Delhi,North,Consumer
CUST20286,Customer_10286,50,Other,Ahmedabad,Gujarat,West,consumer 
CUST20287,Customer_10287,37,Female,Chennai,Uttar Pradesh, north ,Consumer
CUST20288,Customer_10288,59,Male,Kolkata,Rajasthan,North,Corporate
CUST20289,Customer_10289,29, FEMALE,,Maharashtra,South,Corporate
CUST20290,Customer_10290,54,Male,Mumbai,Tamil Nadu,South,Small Business
CUST20291,Customer_10291,26,Male,Jaipur,West Bengal,South,Consumer
CUST20292,Customer_10292,40,Female,Mumbai,Gujarat,West,Consumer
CUST20293,Customer_10293,25, FEMALE,Lucknow,Maharashtra,South,Consumer
CUST20294,Customer_10294,49,Female,Pune,Tamil Nadu,,Corporate
CUST20295,Customer_10295,65,Male,Ahmedabad,Maharashtra, north ,Corporate
CUST20296,Customer_10296,31,Male,Ahmedabad,Telangana, north ,Small Business
CUST20297,Customer_10297,44,Male,Delhi,Maharashtra,North,Consumer
CUST20298,Customer_10298,42,Male,Mumbai,Uttar Pradesh,North,
CUST20299,Customer_10299,30,Male,,Karnataka,North,
CUST20300,Customer_10300,38,Female,Chennai,Telangana,West,Consumer
CUST20301,Customer_10301,62, FEMALE,Mumbai,Telangana,North,Consumer
CUST20302,Customer_10302,48,Male,Mumbai,Gujarat,West,Corporate
CUST20303,Customer_10303,54,Male,Pune,Uttar Pradesh,East,Consumer
CUST20304,Customer_10304,65,male ,Delhi,Delhi,East,Corporate
CUST20305,Customer_10305,60,Female,Ahmedabad,Delhi,East,Consumer
CUST20306,Customer_10306,22,Other,Lucknow,Tamil Nadu,East,Small Business
CUST20307,Customer_10307,30,Male,Jaipur,Telangana,North,Consumer
CUST20308,Customer_10308,45,Male,Delhi,Karnataka,South,Consumer
CUST20309,Customer_10309,60,Female,,Uttar Pradesh,East,Corporate
CUST20310,Customer_10310,42,Female,Pune,Maharashtra,West,CORPORATE
CUST20311,Customer_10311,68,Female,,,South,Corporate
CUST20312,Customer_10312,52,Female,Bengaluru,Delhi,West,Consumer
CUST20313,Customer_10313,64,Male,Bengaluru,Maharashtra,West,Consumer
CUST20314,Customer_10314,56,Female,Mumbai,Karnataka,South,Consumer
CUST20315,Customer_10315,24,Female,Kolkata,Tamil Nadu,East,Small Business
CUST20316,Customer_10316,55,Female,Kolkata,Maharashtra,South,Consumer
CUST20317,Customer_10317,49,Female,Delhi,Uttar Pradesh,North,Corporate
CUST20318,Customer_10318,20,Female,Chennai,Karnataka,West,Small Business
CUST20319,Customer_10319,62,Male,Kolkata,Delhi,,Consumer
CUST20320,Customer_10320,56,Male,Chennai,Gujarat,,Small Business
CUST20321,Customer_10321,54,Female,Kolkata,Gujarat,SOUTH,Small Business
CUST20322,Customer_10322,67,Male,Lucknow,West Bengal,West,Small Business
CUST20323,Customer_10323,39,Female,Kolkata,Uttar Pradesh,East,CORPORATE
CUST20324,Customer_10324,25, FEMALE,Pune,Maharashtra,East,Consumer
CUST20325,Customer_10325,34,Male,Lucknow,Karnataka,South,Consumer
CUST20326,Customer_10326,69,Male,Ahmedabad,Karnataka,North,Consumer
CUST20327,Customer_10327,44,,Hyderabad,Gujarat,South,Consumer
CUST20328,Customer_10328,50,Male,Mumbai,Tamil Nadu,East,Consumer
CUST20329,Customer_10329,63,Male,Lucknow,Delhi,East,consumer 
CUST20330,Customer_10330,34,Male,Mumbai,Telangana,West,Consumer
CUST20331,Customer_10331,59,Female,Ahmedabad,Delhi,North,Consumer
CUST20332,Customer_10332,29,Male,Delhi,Maharashtra,South,Corporate
CUST20333,Customer_10333,65,Female,Ahmedabad,Telangana,South,Small Business
CUST20334,Customer_10334,63,Female,Pune,Karnataka,North,Small Business
CUST20335,Customer_10335,44,Male,Jaipur,Delhi, north ,Consumer
CUST20336,Customer_10336,65,Male,Hyderabad,Maharashtra,West,Consumer
CUST20337,Customer_10337,25,Female,,Tamil Nadu,North,Consumer
CUST20338,Customer_10338,40,Female,Mumbai,Rajasthan,West,
CUST20339,Customer_10339,59,Male,Bengaluru,Telangana,East,
CUST20340,Customer_10340,66,Male,Delhi,Uttar Pradesh,East,Consumer
CUST20341,Customer_10341,46,Female,Ahmedabad,Maharashtra,,Corporate
CUST20342,Customer_10342,67,male ,Chennai,Maharashtra,East,Small Business
CUST20343,Customer_10343,37,Male,Kolkata,Uttar Pradesh, north ,Consumer
CUST20344,Customer_10344,33,Female,,Karnataka,SOUTH,Small Business
CUST20345,Customer_10345,34,Male,Ahmedabad,Telangana,North,Consumer
CUST20346,Customer_10346,33,Male,Kolkata,Gujarat,North,Consumer
CUST20347,Customer_10347,36,Male,Pune,Telangana,South,CORPORATE
CUST20348,Customer_10348,25,male ,Jaipur,Delhi,West,Corporate
CUST20349,Customer_10349,55,Female,Jaipur,Gujarat,West,Small Business
CUST20350,Customer_10350,55,male ,Mumbai,Delhi,West,Corporate
CUST20351,Customer_10351,46,Female,Delhi,Rajasthan,South,Consumer
CUST20352,Customer_10352,58,male ,Delhi,Karnataka,West,Consumer
CUST20353,Customer_10353,53,Male,Hyderabad,Tamil Nadu,West,consumer 
CUST20354,Customer_10354,43,Male,Chennai,Tamil Nadu,South,Consumer
CUST20355,Customer_10355,48,Other,Pune,Telangana,North,Consumer
CUST20356,Customer_10356,61,Female,Ahmedabad,Uttar Pradesh,West,Consumer
CUST20357,Customer_10357,29,male ,Bengaluru,Gujarat,West,Consumer
CUST20358,Customer_10358,34,Male,Jaipur,Delhi,East,Consumer
CUST20359,Customer_10359,32,Male,Chennai,Uttar Pradesh,North,consumer 
CUST20360,Customer_10360,26,Female,Mumbai,Maharashtra,South,Consumer
CUST20361,Customer_10361,56,Male,Pune,Delhi,West,Small Business
CUST20362,Customer_10362,59,Female,Ahmedabad,Gujarat,SOUTH,Consumer
CUST20363,Customer_10363,65,Female,Mumbai,Tamil Nadu,SOUTH,Consumer
CUST20364,Customer_10364,29,Male,Chennai,Maharashtra,East,Consumer
CUST20365,Customer_10365,49,Male,Delhi,West Bengal, north ,Small Business
CUST20366,Customer_10366,42,Male,Bengaluru,Karnataka,North,Small Business
CUST20367,Customer_10367,56,Male,Pune,Tamil Nadu, north ,Corporate
CUST20368,Customer_10368,35,Female,Lucknow,West Bengal,East,Small Business
CUST20369,Customer_10369,32,Male,Jaipur,Gujarat,West,Consumer
CUST20370,Customer_10370,49,Male,Chennai,Delhi,North,Corporate
CUST20371,Customer_10371,23, FEMALE,Ahmedabad,Maharashtra, north ,Corporate
CUST20372,Customer_10372,61,Female,Bengaluru,Delhi,East,Consumer
CUST20373,Customer_10373,60,Female,Jaipur,Delhi,South,Corporate
CUST20374,Customer_10374,69,Female,Chennai,Gujarat,South,Consumer
CUST20375,Customer_10375,52, FEMALE,Ahmedabad,Gujarat,North,Consumer
CUST20376,Customer_10376,51,Male,Lucknow,Uttar Pradesh,South,Consumer
CUST20377,Customer_10377,55,Female,Ahmedabad,Rajasthan,South,Consumer
CUST20378,Customer_10378,22,Female,Mumbai,Gujarat,East,Small Business
CUST20379,Customer_10379,35,Male,Kolkata,Delhi,West,Consumer
CUST20380,Customer_10380,33,male ,Jaipur,Maharashtra,,Corporate
CUST20381,Customer_10381,25,Other,Jaipur,Karnataka,South,CORPORATE
CUST20382,Customer_10382,42,Other,Chennai,Uttar Pradesh,North,consumer 
CUST20383,Customer_10383,49,Male,,Tamil Nadu,South,CORPORATE
CUST20384,Customer_10384,43,Male,Bengaluru,Tamil Nadu,North,Consumer
CUST20385,Customer_10385,69,Other,Bengaluru,Maharashtra,West,Corporate
CUST20386,Customer_10386,39,Female,Lucknow,Rajasthan,East,Consumer
CUST20387,Customer_10387,48,Male,Lucknow,Gujarat,East,Consumer
CUST20388,Customer_10388,60,Female,Delhi,Karnataka,North,Corporate
CUST20389,Customer_10389,27,Male,Ahmedabad,West Bengal,West,Corporate
CUST20390,Customer_10390,29,Male,Mumbai,Karnataka,,Corporate
CUST20391,Customer_10391,45, FEMALE,Hyderabad,Uttar Pradesh,East,Small Business
CUST20392,Customer_10392,23,Male,Mumbai,Tamil Nadu,SOUTH,Small Business
CUST20393,Customer_10393,37,Male,Ahmedabad,Karnataka,North,Small Business
CUST20394,Customer_10394,22,Male,Jaipur,Telangana,North,CORPORATE
CUST20395,Customer_10395,40,Female,Hyderabad,Delhi,SOUTH,Small Business
CUST20396,Customer_10396,26,Male,Kolkata,Gujarat,West,Consumer
CUST20397,Customer_10397,46,Female,Mumbai,Gujarat,North,Consumer
CUST20398,Customer_10398,33,Female,Hyderabad,Tamil Nadu,South,Consumer
CUST20399,Customer_10399,63, FEMALE,Hyderabad,Maharashtra,East,Consumer
CUST20400,Customer_10400,39,Male,Mumbai,Rajasthan,West,Small Business
CUST20401,Customer_10401,25,male ,Ahmedabad,Telangana, north ,Consumer
CUST20402,Customer_10402,37,Male,Kolkata,Karnataka,North,Small Business
CUST20403,Customer_10403,68,Female,Bengaluru,Delhi,West,Small Business
CUST20404,Customer_10404,31,Female,Bengaluru,Gujarat,East,Corporate
CUST20405,Customer_10405,56,Male,,Uttar Pradesh,East,Consumer
CUST20406,Customer_10406,54,Female,Bengaluru,Uttar Pradesh,East,Consumer
CUST20407,Customer_10407,67,Male,,Telangana,South,Consumer
CUST20408,Customer_10408,51,Male,Bengaluru,Uttar Pradesh,North,Consumer
CUST20409,Customer_10409,28,Male,Kolkata,West Bengal,East,Small Business
CUST20410,Customer_10410,57,Female,Hyderabad,Telangana,North,Corporate
CUST20411,Customer_10411,50,Male,Bengaluru,Gujarat,North,Consumer
CUST20412,Customer_10412,48,Male,Ahmedabad,,South,Consumer
CUST20413,Customer_10413,61,Male,Bengaluru,Gujarat,North,Corporate
CUST20414,Customer_10414,51,Female,Hyderabad,Uttar Pradesh,East,Small Business
CUST20415,Customer_10415,67,Female,Hyderabad,Uttar Pradesh,North,Small Business
CUST20416,Customer_10416,24,Male,Bengaluru,Rajasthan,South,Consumer
CUST20417,Customer_10417,66,Male,Mumbai,Gujarat,,
CUST20418,Customer_10418,40,Female,Bengaluru,Tamil Nadu,North,Corporate
CUST20419,Customer_10419,63,male ,Ahmedabad,Maharashtra,South,Consumer
CUST20420,Customer_10420,24,Female,Jaipur,Uttar Pradesh,West,Consumer
CUST20421,Customer_10421,42, FEMALE,Kolkata,Gujarat,North,Consumer
CUST20422,Customer_10422,20,Male,Chennai,Karnataka,East,Corporate
CUST20423,Customer_10423,55,Other,Chennai,Uttar Pradesh,South,Small Business
CUST20424,Customer_10424,37,Male,Bengaluru,Karnataka,North,Consumer
CUST20425,Customer_10425,51,,Delhi,Gujarat, north ,consumer 
CUST20426,Customer_10426,66,Male,Bengaluru,Rajasthan,North,Consumer
CUST20427,Customer_10427,61,Female,Chennai,West Bengal,South,consumer 
CUST20428,Customer_10428,61,Male,,Uttar Pradesh,,Small Business
CUST20429,Customer_10429,47,Male,Delhi,Uttar Pradesh,South,Consumer
CUST20430,Customer_10430,34, FEMALE,Bengaluru,Gujarat,South,Consumer
CUST20431,Customer_10431,27,Female,Hyderabad,Gujarat,South,Small Business
CUST20432,Customer_10432,52,,,Delhi,,Consumer
CUST20433,Customer_10433,37,Female,Delhi,Maharashtra,West,Consumer
CUST20434,Customer_10434,35,Female,,Uttar Pradesh,East,consumer 
CUST20435,Customer_10435,62,Male,Bengaluru,Gujarat,East,
CUST20436,Customer_10436,61,,Delhi,Karnataka,West,Small Business
CUST20437,Customer_10437,44,Female,Bengaluru,Delhi,,Small Business
CUST20438,Customer_10438,66,Female,Delhi,Karnataka,South,Consumer
CUST20439,Customer_10439,53,Female,Kolkata,Telangana,SOUTH,Consumer
CUST20440,Customer_10440,40,Female,Hyderabad,Uttar Pradesh,East,Corporate
CUST20441,Customer_10441,49,Other,Bengaluru,Delhi,West,Consumer
CUST20442,Customer_10442,27,Male,Mumbai,Maharashtra,East,Consumer
CUST20443,Customer_10443,28,Male,Mumbai,Gujarat, north ,Small Business
CUST20444,Customer_10444,55,Male,Mumbai,Maharashtra,South,Consumer
CUST20445,Customer_10445,23,male ,,Uttar Pradesh,West,Corporate
CUST20446,Customer_10446,58,Male,Lucknow,Telangana,East,Consumer
CUST20447,Customer_10447,64,Male,Delhi,Rajasthan, north ,Consumer
CUST20448,Customer_10448,51,Male,Pune,Delhi,,Corporate
CUST20449,Customer_10449,53,Female,Bengaluru,Karnataka,South,Small Business
CUST20450,Customer_10450,54,Female,Delhi,Telangana,East,Consumer
CUST20451,Customer_10451,34,Male,Kolkata,Gujarat,North,consumer 
CUST20452,Customer_10452,57,Other,Mumbai,West Bengal,North,Consumer
CUST20453,Customer_10453,57,Other,Hyderabad,Delhi,SOUTH,Consumer
CUST20454,Customer_10454,29,Male,Kolkata,Uttar Pradesh,East,Corporate
CUST20455,Customer_10455,38,Female,Pune,Delhi,South,Consumer
CUST20456,Customer_10456,57,Female,Ahmedabad,Gujarat,West,Corporate
CUST20457,Customer_10457,36,Male,Jaipur,Maharashtra,East,Small Business
CUST20458,Customer_10458,20,Male,Jaipur,Tamil Nadu,South,Small Business
CUST20459,Customer_10459,35,Female,Hyderabad,Delhi,North,CORPORATE
CUST20460,Customer_10460,68,Female,Delhi,West Bengal,East,consumer 
CUST20461,Customer_10461,36,Male,Jaipur,Tamil Nadu,North,
CUST20462,Customer_10462,64,male ,,Telangana,North,Corporate
CUST20463,Customer_10463,23,Female,Hyderabad,Delhi,South,Consumer
CUST20464,Customer_10464,33,Female,,Gujarat, north ,Consumer
CUST20465,Customer_10465,25,Male,Mumbai,Uttar Pradesh,North,Consumer
CUST20466,Customer_10466,65,Female,Bengaluru,West Bengal,West,Consumer
CUST20467,Customer_10467,35,Male,Mumbai,West Bengal,West,Small Business
CUST20468,Customer_10468,69,Female,Chennai,Rajasthan,North,Corporate
CUST20469,Customer_10469,65,male ,Lucknow,Maharashtra,East,Consumer
CUST20470,Customer_10470,60,male ,Bengaluru,Gujarat,South,consumer 
CUST20471,Customer_10471,56,Male,Ahmedabad,Karnataka, north ,Corporate
CUST20472,Customer_10472,66,Female,Pune,Rajasthan, north ,Consumer
CUST20473,Customer_10473,66,Other,Chennai,West Bengal,South,Consumer
CUST20474,Customer_10474,29,Female,Jaipur,West Bengal,West,Consumer
CUST20475,Customer_10475,62,Male,Delhi,Gujarat,South,Consumer
CUST20476,Customer_10476,27,Female,Jaipur,Karnataka,South,consumer 
CUST20477,Customer_10477,24,Male,Bengaluru,Uttar Pradesh,North,Small Business
CUST20478,Customer_10478,63, FEMALE,Bengaluru,West Bengal,West,Consumer
CUST20479,Customer_10479,18,Female,Pune,Delhi,South,Consumer
CUST20480,Customer_10480,66,Female,Ahmedabad,Telangana,East,Corporate
CUST20481,Customer_10481,53,Male,Pune,Uttar Pradesh,West,consumer 
CUST20482,Customer_10482,38,Female,Kolkata,Karnataka,West,Consumer
CUST20483,Customer_10483,54, FEMALE,Jaipur,Tamil Nadu, north ,Corporate
CUST20484,Customer_10484,69,Male,Bengaluru,Tamil Nadu,,consumer 
CUST20485,Customer_10485,41,Female,Lucknow,West Bengal,East,Small Business
CUST20486,Customer_10486,42,Other,Hyderabad,Gujarat,SOUTH,consumer 
CUST20487,Customer_10487,24,Female,Mumbai,Maharashtra,North,Consumer
CUST20488,Customer_10488,59,Female,Hyderabad,Tamil Nadu,West,Small Business
CUST20489,Customer_10489,34,Female,Bengaluru,Telangana,South,Consumer
CUST20490,Customer_10490,46,Female,Mumbai,Karnataka,West,Corporate
CUST20491,Customer_10491,47,Male,Bengaluru,Gujarat,,Consumer
CUST20492,Customer_10492,24,Male,Mumbai,Delhi,SOUTH,Small Business
CUST20493,Customer_10493,50,Female,Kolkata,Maharashtra,East,Consumer
CUST20494,Customer_10494,24,Other,Pune,Uttar Pradesh, north ,Corporate
CUST20495,Customer_10495,41,Male,Kolkata,Karnataka,North,Small Business
CUST20496,Customer_10496,28,Male,Bengaluru,Uttar Pradesh,South,consumer 
CUST20497,Customer_10497,26,Male,Jaipur,Uttar Pradesh,,Small Business
CUST20498,Customer_10498,29,male ,Mumbai,Karnataka,,Corporate
CUST20499,Customer_10499,52,Male,Pune,Maharashtra,East,Small Business
CUST20500,Customer_10500,21, FEMALE,Bengaluru,Maharashtra,SOUTH,Consumer
CUST20501,Customer_10501,53,Male,Chennai,Maharashtra,North,Corporate
CUST20502,Customer_10502,45,Other,Bengaluru,Karnataka,South,Small Business
CUST20503,Customer_10503,30,Female,Lucknow,Gujarat,SOUTH,Consumer
CUST20504,Customer_10504,40,Female,Ahmedabad,Uttar Pradesh,South,
CUST20505,Customer_10505,36,Male,Jaipur,Delhi,East,Consumer
CUST20506,Customer_10506,59,male ,Mumbai,Gujarat,North,Consumer
CUST20507,Customer_10507,54,Male,Bengaluru,Delhi,South,Consumer
CUST20508,Customer_10508,56,Male,Ahmedabad,Rajasthan,North,Consumer
CUST20509,Customer_10509,41,Female,Hyderabad,Maharashtra,North,Consumer
CUST20510,Customer_10510,33, FEMALE,Ahmedabad,Delhi,West,Consumer
CUST20511,Customer_10511,50,Female,Hyderabad,Uttar Pradesh,West,Consumer
CUST20512,Customer_10512,29,Female,Ahmedabad,Tamil Nadu, north ,Small Business
CUST20513,Customer_10513,51,Female,Ahmedabad,West Bengal,South,Consumer
CUST20514,Customer_10514,24,Male,Kolkata,Telangana,South,Corporate
CUST20515,Customer_10515,28, FEMALE,Delhi,Delhi,East,Consumer
CUST20516,Customer_10516,48,male ,Hyderabad,Uttar Pradesh,North,consumer 
CUST20517,Customer_10517,46,Female,Ahmedabad,Uttar Pradesh,West,CORPORATE
CUST20518,Customer_10518,30,Female,Ahmedabad,Delhi,East,Corporate
CUST20519,Customer_10519,48,Other,Mumbai,Telangana,SOUTH,Small Business
CUST20520,Customer_10520,19, FEMALE,Hyderabad,Tamil Nadu,North,Corporate
CUST20521,Customer_10521,56,Female,Lucknow,West Bengal,North,Consumer
CUST20522,Customer_10522,32,Male,Pune,West Bengal,South,Consumer
CUST20523,Customer_10523,28,Female,Lucknow,Rajasthan,North,Small Business
CUST20524,Customer_10524,51,Female,Lucknow,Gujarat,,Consumer
CUST20525,Customer_10525,56,Female,Ahmedabad,Telangana,SOUTH,CORPORATE
CUST20526,Customer_10526,21,Male,Delhi,Tamil Nadu,North,
CUST20527,Customer_10527,28,Female,Mumbai,Rajasthan,South,Consumer
CUST20528,Customer_10528,46,Female,Delhi,West Bengal,South,Corporate
CUST20529,Customer_10529,19,Female,Ahmedabad,Telangana,East,Corporate
CUST20530,Customer_10530,33,Male,Chennai,West Bengal,South,consumer 
CUST20531,Customer_10531,56,male ,Delhi,Rajasthan,West,Small Business
CUST20532,Customer_10532,30,Female,Bengaluru,West Bengal,West,Corporate
CUST20533,Customer_10533,54,Male,Hyderabad,Maharashtra,East,Corporate
CUST20534,Customer_10534,34,Male,Lucknow,Tamil Nadu,East,Consumer
CUST20535,Customer_10535,38, FEMALE,Jaipur,Gujarat, north ,CORPORATE
CUST20536,Customer_10536,61,Female,Kolkata,Gujarat,South,Consumer
CUST20537,Customer_10537,36,Male,Delhi,Uttar Pradesh,North,Consumer
CUST20538,Customer_10538,24,Other,Ahmedabad,Rajasthan,North,Consumer
CUST20539,Customer_10539,55,Male,Mumbai,Maharashtra,North,Consumer
CUST20540,Customer_10540,25,Other,Pune,Telangana,,Corporate
CUST20541,Customer_10541,30,Male,Delhi,Maharashtra,South,Consumer
CUST20542,Customer_10542,54,Male,Delhi,Uttar Pradesh,North,Consumer
CUST20543,Customer_10543,19,Female,Delhi,Karnataka,West,Consumer
CUST20544,Customer_10544,58,Male,Pune,Uttar Pradesh,East,Consumer
CUST20545,Customer_10545,28,Female,Pune,Uttar Pradesh,North,Consumer
CUST20546,Customer_10546,41,male ,Delhi,Gujarat,West,consumer 
CUST20547,Customer_10547,23, FEMALE,Bengaluru,Uttar Pradesh,West,Corporate
CUST20548,Customer_10548,43,Female,Lucknow,West Bengal,North,Consumer
CUST20549,Customer_10549,24,Female,Delhi,West Bengal,,Corporate
CUST20550,Customer_10550,56,Male,Mumbai,Karnataka,North,CORPORATE
CUST20551,Customer_10551,36,Male,Hyderabad,Maharashtra,West,Consumer
CUST20552,Customer_10552,23,Female,Lucknow,Maharashtra,SOUTH,Consumer
CUST20553,Customer_10553,60,Male,Bengaluru,Maharashtra,West,CORPORATE
CUST20554,Customer_10554,46,Female,,Gujarat,West,Consumer
CUST20555,Customer_10555,60,Female,Hyderabad,Maharashtra, north ,Small Business
CUST20556,Customer_10556,56,Male,Hyderabad,Uttar Pradesh,South,Consumer
CUST20557,Customer_10557,19,Female,Mumbai,Maharashtra,South,consumer 
CUST20558,Customer_10558,36,Male,Kolkata,,West,Consumer
CUST20559,Customer_10559,21,Female,Bengaluru,Telangana, north ,
CUST20560,Customer_10560,23,male ,Pune,Telangana,East,Small Business
CUST20561,Customer_10561,66,Female,Mumbai,Telangana,,Consumer
CUST20562,Customer_10562,54,Male,Hyderabad,Uttar Pradesh,North,Small Business
CUST20563,Customer_10563,45,Female,Lucknow,Maharashtra,West,CORPORATE
CUST20564,Customer_10564,47,Male,Jaipur,Uttar Pradesh,SOUTH,Consumer
CUST20565,Customer_10565,24,Female,Mumbai,Rajasthan,South,consumer 
CUST20566,Customer_10566,26,Female,Pune,Maharashtra,SOUTH,Consumer
CUST20567,Customer_10567,42,Female,Pune,Delhi,North,Consumer
CUST20568,Customer_10568,50, FEMALE,Delhi,Uttar Pradesh,SOUTH,Consumer
CUST20569,Customer_10569,18,Female,Chennai,Maharashtra, north ,consumer 
CUST20570,Customer_10570,68,Male,Bengaluru,Gujarat,North,
CUST20571,Customer_10571,23,Male,Chennai,Maharashtra,East,consumer 
CUST20572,Customer_10572,35, FEMALE,Jaipur,West Bengal,East,Consumer
CUST20573,Customer_10573,27,Male,Mumbai,Rajasthan,North,CORPORATE
CUST20574,Customer_10574,45,Female,Mumbai,Rajasthan,North,Consumer
CUST20575,Customer_10575,28,Female,Bengaluru,Karnataka,North,Consumer
CUST20576,Customer_10576,50,Female,Ahmedabad,Gujarat,East,Consumer
CUST20577,Customer_10577,18,male ,Jaipur,Uttar Pradesh,East,
CUST20578,Customer_10578,30,Female,Delhi,Tamil Nadu,SOUTH,Corporate
CUST20579,Customer_10579,54,Female,Hyderabad,West Bengal,,Consumer
CUST20580,Customer_10580,37,male ,Bengaluru,West Bengal,West,Corporate
CUST20581,Customer_10581,18,Female,Kolkata,Gujarat,North,Consumer
CUST20582,Customer_10582,69,Female,Chennai,Gujarat,West,Consumer
CUST20583,Customer_10583,20,Female,Ahmedabad,Maharashtra,SOUTH,Consumer
CUST20584,Customer_10584,35,Female,Mumbai,Karnataka,South,Consumer
CUST20585,Customer_10585,58, FEMALE,Pune,,South,Consumer
CUST20586,Customer_10586,31,Male,Kolkata,Maharashtra,West,Small Business
CUST20587,Customer_10587,48,Male,Lucknow,Gujarat,South,Consumer
CUST20588,Customer_10588,44,Other,Hyderabad,Rajasthan,South,Corporate
CUST20589,Customer_10589,34,Female,Kolkata,Delhi,South,Small Business
CUST20590,Customer_10590,63,Male,Bengaluru,Karnataka,South,Corporate
CUST20591,Customer_10591,46,Female,Hyderabad,Tamil Nadu,West,Consumer
CUST20592,Customer_10592,53,,Ahmedabad,Uttar Pradesh,SOUTH,Consumer
CUST20593,Customer_10593,54,male ,Ahmedabad,Karnataka,East,Consumer
CUST20594,Customer_10594,43,Female,Jaipur,Karnataka,North,Consumer
CUST20595,Customer_10595,34,Male,Hyderabad,Gujarat,South,Corporate
CUST20596,Customer_10596,39, FEMALE,Lucknow,Delhi,,Corporate
CUST20597,Customer_10597,42,Female,Delhi,Tamil Nadu,SOUTH,Consumer
CUST20598,Customer_10598,19, FEMALE,Delhi,Tamil Nadu,North,Small Business
CUST20599,Customer_10599,39,Male,Kolkata,Delhi, north ,Consumer
CUST20600,Customer_10600,22,Male,,Delhi,SOUTH,Consumer
CUST20601,Customer_10601,21,Female,Ahmedabad,Telangana,South,Small Business
CUST20602,Customer_10602,53,Male,Hyderabad,Maharashtra,West,Small Business
CUST20603,Customer_10603,23,Female,Hyderabad,Tamil Nadu,East,Consumer
CUST20604,Customer_10604,69,Other,Kolkata,West Bengal,South,Small Business
CUST20605,Customer_10605,38,Female,Jaipur,Rajasthan,North,Small Business
CUST20606,Customer_10606,30, FEMALE,Chennai,Tamil Nadu,South,Consumer
CUST20607,Customer_10607,54,Female,Mumbai,Telangana,SOUTH,consumer 
CUST20608,Customer_10608,42,male ,Jaipur,Maharashtra,West,Consumer
CUST20609,Customer_10609,43, FEMALE,Bengaluru,Karnataka,South,Consumer
CUST20610,Customer_10610,56,Female,Mumbai,Telangana,East,Small Business
CUST20611,Customer_10611,37,Female,Kolkata,Gujarat,South,consumer 
CUST20612,Customer_10612,50,Female,Delhi,Maharashtra,East,Consumer
CUST20613,Customer_10613,31,Female,Ahmedabad,Telangana,West,Corporate
CUST20614,Customer_10614,53,Male,,Uttar Pradesh,East,Consumer
CUST20615,Customer_10615,34,male ,,Rajasthan,North,Consumer
CUST20616,Customer_10616,38,Other,Bengaluru,Gujarat,South,Consumer
CUST20617,Customer_10617,63,Female,Ahmedabad,Maharashtra,East,consumer 
CUST20618,Customer_10618,33,Female,Mumbai,Delhi,West,Consumer
CUST20619,Customer_10619,63,Female,Delhi,Karnataka,East,Consumer
CUST20620,Customer_10620,33,Female,Delhi,Maharashtra,West,Consumer
CUST20621,Customer_10621,37,Female,Chennai,Tamil Nadu,West,Consumer
CUST20622,Customer_10622,46, FEMALE,Delhi,Gujarat,East,Consumer
CUST20623,Customer_10623,45,Female,Chennai,Rajasthan,,Consumer
CUST20624,Customer_10624,25,Male,Bengaluru,Maharashtra,South,
CUST20625,Customer_10625,41, FEMALE,Bengaluru,Maharashtra,SOUTH,Corporate
CUST20626,Customer_10626,20,Female,Kolkata,Gujarat,South,Consumer
CUST20627,Customer_10627,42, FEMALE,Mumbai,Tamil Nadu,East,Consumer
CUST20628,Customer_10628,36,Male,Jaipur,Gujarat,South,Consumer
CUST20629,Customer_10629,50,Male,Pune,Uttar Pradesh,South,Consumer
CUST20630,Customer_10630,19,Other,Ahmedabad,,SOUTH,consumer 
CUST20631,Customer_10631,32,Male,Hyderabad,Gujarat,South,Small Business
CUST20632,Customer_10632,39,male ,,Telangana,West,Consumer
CUST20633,Customer_10633,27,male ,Pune,Uttar Pradesh,West,Small Business
CUST20634,Customer_10634,35,Female,,Tamil Nadu,North,Small Business
CUST20635,Customer_10635,39,Male,Delhi,Maharashtra,,Corporate
CUST20636,Customer_10636,63,Female,Jaipur,Karnataka,East,Consumer
CUST20637,Customer_10637,66, FEMALE,Lucknow,Telangana,SOUTH,Consumer
CUST20638,Customer_10638,44,Female,Delhi,Maharashtra,West,Consumer
CUST20639,Customer_10639,30,Female,Pune,Maharashtra,West,Consumer
CUST20640,Customer_10640,50,Female,,Tamil Nadu,South,Small Business
CUST20641,Customer_10641,22,Male,Pune,Gujarat,West,Corporate
CUST20642,Customer_10642,43, FEMALE,Delhi,West Bengal,North,Consumer
CUST20643,Customer_10643,30, FEMALE,Kolkata,Telangana,East,Consumer
CUST20644,Customer_10644,44,,Delhi,Karnataka,North,Corporate
CUST20645,Customer_10645,31,Female,Lucknow,Maharashtra,South,Corporate
CUST20646,Customer_10646,41,Female,Delhi,Rajasthan,North,Small Business
CUST20647,Customer_10647,20,Male,Mumbai,Gujarat,SOUTH,Small Business
CUST20648,Customer_10648,64,Female,Bengaluru,Telangana,West,Small Business
CUST20649,Customer_10649,68,Female,Kolkata,Tamil Nadu,West,Consumer
CUST20650,Customer_10650,66, FEMALE,Ahmedabad,Rajasthan, north ,consumer 
CUST20651,Customer_10651,47,male ,Delhi,Delhi,West,Consumer
CUST20652,Customer_10652,52,Other,Mumbai,Karnataka,North,Consumer
CUST20653,Customer_10653,65, FEMALE,Hyderabad,Uttar Pradesh,East,Consumer
CUST20654,Customer_10654,31, FEMALE,Lucknow,Rajasthan,,Consumer
CUST20655,Customer_10655,29,Male,Chennai,Delhi,,Consumer
CUST20656,Customer_10656,45, FEMALE,Bengaluru,Maharashtra,East,Corporate
CUST20657,Customer_10657,61,Female,Pune,Rajasthan,East,Corporate
CUST20658,Customer_10658,46,Female,Bengaluru,Karnataka,South,Consumer
CUST20659,Customer_10659,60,Male,Hyderabad,Uttar Pradesh,SOUTH,Consumer
CUST20660,Customer_10660,34,Female,Bengaluru,Delhi,South,Corporate
CUST20661,Customer_10661,57,Male,Lucknow,Maharashtra,North,Consumer
CUST20662,Customer_10662,66,Female,Ahmedabad,Karnataka,SOUTH,Small Business
CUST20663,Customer_10663,38,Female,Jaipur,Gujarat,West,Consumer
CUST20664,Customer_10664,40,Other,Hyderabad,Uttar Pradesh,South,consumer 
CUST20665,Customer_10665,37,male ,Chennai,Gujarat,South,Consumer
CUST20666,Customer_10666,28,Female,Mumbai,Telangana,SOUTH,Consumer
CUST20667,Customer_10667,51,Female,Jaipur,Uttar Pradesh,South,Corporate
CUST20668,Customer_10668,27,Male,Pune,Gujarat,East,Corporate
CUST20669,Customer_10669,27,Male,Ahmedabad,Telangana,North,Consumer
CUST20670,Customer_10670,60,Male,Mumbai,,,Small Business
CUST20671,Customer_10671,23,Other,Jaipur,Gujarat,West,Consumer
CUST20672,Customer_10672,53,Female,Kolkata,,,Consumer
CUST20673,Customer_10673,41,Male,Bengaluru,Gujarat,West,Small Business
CUST20674,Customer_10674,29,Male,Kolkata,Uttar Pradesh,SOUTH,Consumer
CUST20675,Customer_10675,60,Female,Ahmedabad,Gujarat,SOUTH,CORPORATE
CUST20676,Customer_10676,40,Female,Ahmedabad,Telangana,West,Consumer
CUST20677,Customer_10677,44,Male,Jaipur,Uttar Pradesh, north ,Small Business
CUST20678,Customer_10678,62,Other,Delhi,Maharashtra,South,Consumer
CUST20679,Customer_10679,54,Male,Ahmedabad,Uttar Pradesh,South,Consumer
CUST20680,Customer_10680,23,Male,Kolkata,Uttar Pradesh,West,Small Business
CUST20681,Customer_10681,18,Male,Bengaluru,Rajasthan,West,Consumer
CUST20682,Customer_10682,23,Female,Mumbai,Gujarat, north ,Small Business
CUST20683,Customer_10683,67,Male,Delhi,Telangana,North,Consumer
CUST20684,Customer_10684,39,Male,Delhi,Tamil Nadu,West,Consumer
CUST20685,Customer_10685,58,Male,Jaipur,Delhi,West,Consumer
CUST20686,Customer_10686,41,Female,Mumbai,Maharashtra,West,Small Business
CUST20687,Customer_10687,42,Male,Delhi,Rajasthan,North,Corporate
CUST20688,Customer_10688,32,Male,,West Bengal,West,Consumer
CUST20689,Customer_10689,43,Female,Chennai,Maharashtra,South,Small Business
CUST20690,Customer_10690,25,Male,Mumbai,Karnataka,,Corporate
CUST20691,Customer_10691,68,Female,Delhi,Karnataka,East,Corporate
CUST20692,Customer_10692,41,Male,,Rajasthan,South,Consumer
CUST20693,Customer_10693,65,Male,Kolkata,West Bengal,West,Corporate
CUST20694,Customer_10694,55,Female,Delhi,Delhi,SOUTH,Consumer
CUST20695,Customer_10695,23,Male,Pune,Uttar Pradesh,South,Consumer
CUST20696,Customer_10696,52,Male,Mumbai,Karnataka,West,consumer 
CUST20697,Customer_10697,59,Female,Mumbai,Rajasthan,South,Corporate
CUST20698,Customer_10698,18,Other,Hyderabad,Maharashtra, north ,Corporate
CUST20699,Customer_10699,63,Female,Delhi,,South,Consumer
CUST20700,Customer_10700,53,male ,Mumbai,Delhi,South,Corporate
CUST20701,Customer_10701,29, FEMALE,Bengaluru,Uttar Pradesh,West,Consumer
CUST20702,Customer_10702,55,Other,Bengaluru,Tamil Nadu,East,Small Business
CUST20703,Customer_10703,28,male ,Jaipur,Delhi,South,Consumer
CUST20704,Customer_10704,29,Female,Delhi,Delhi,,Consumer
CUST20705,Customer_10705,59,Male,Ahmedabad,Telangana,West,consumer 
CUST20706,Customer_10706,67,Male,Lucknow,Uttar Pradesh,West,Consumer
CUST20707,Customer_10707,56,Female,Jaipur,Delhi,West,Small Business
CUST20708,Customer_10708,24,,Bengaluru,Rajasthan, north ,Consumer
CUST20709,Customer_10709,28,Female,Lucknow,Rajasthan,North,Small Business
CUST20710,Customer_10710,53,Female,Mumbai,Karnataka,North,Consumer
CUST20711,Customer_10711,69,Female,Mumbai,Delhi,South,Corporate
CUST20712,Customer_10712,48,Female,Delhi,Gujarat,East,Consumer
CUST20713,Customer_10713,50,Female,Ahmedabad,Karnataka,South,consumer 
CUST20714,Customer_10714,30,Female,Bengaluru,Maharashtra,West,Consumer
CUST20715,Customer_10715,35,Male,Ahmedabad,Rajasthan,North,Consumer
CUST20716,Customer_10716,58,Female,Bengaluru,Maharashtra,West,Corporate
CUST20717,Customer_10717,41, FEMALE,Ahmedabad,Tamil Nadu,West,Consumer
CUST20718,Customer_10718,26, FEMALE,Ahmedabad,Delhi,,consumer 
CUST20719,Customer_10719,48,Male,Ahmedabad,,South,Consumer
CUST20720,Customer_10720,58, FEMALE,Chennai,Telangana,West,Consumer
CUST20721,Customer_10721,27,Male,Ahmedabad,,West,Consumer
CUST20722,Customer_10722,19,Male,Ahmedabad,Telangana,West,consumer 
CUST20723,Customer_10723,55,Female,Bengaluru,Karnataka,South,Corporate
CUST20724,Customer_10724,32,Male,Hyderabad,Gujarat,SOUTH,Corporate
CUST20725,Customer_10725,20,Male,Jaipur,Karnataka,West,Small Business
CUST20726,Customer_10726,60,Male,Bengaluru,Telangana,North,CORPORATE
CUST20727,Customer_10727,48,Female,Jaipur,Delhi,East,Small Business
CUST20728,Customer_10728,23,Male,,Gujarat,West,CORPORATE
CUST20729,Customer_10729,20,Female,Chennai,Delhi,North,Consumer
CUST20730,Customer_10730,28,Female,Mumbai,Uttar Pradesh, north ,Consumer
CUST20731,Customer_10731,32,Female,Bengaluru,Tamil Nadu,West,Consumer
CUST20732,Customer_10732,62, FEMALE,Bengaluru,Delhi,North,consumer 
CUST20733,Customer_10733,69,Female,Lucknow,Delhi,SOUTH,Small Business
CUST20734,Customer_10734,45,Male,Mumbai,Gujarat,South,Corporate
CUST20735,Customer_10735,27,Male,Lucknow,Uttar Pradesh,South,Consumer
CUST20736,Customer_10736,55,Female,Lucknow,Rajasthan,West,Consumer
CUST20737,Customer_10737,64,Female,Chennai,Telangana,West,Small Business
CUST20738,Customer_10738,67,Male,Mumbai,Maharashtra,South,Consumer
CUST20739,Customer_10739,67,Male,Mumbai,Rajasthan,South,Corporate
CUST20740,Customer_10740,24,male ,Chennai,West Bengal,East,Corporate
CUST20741,Customer_10741,32,Female,Delhi,Uttar Pradesh,East,Consumer
CUST20742,Customer_10742,35,Female,Chennai,Telangana,West,CORPORATE
CUST20743,Customer_10743,35,male ,Ahmedabad,,East,Consumer
CUST20744,Customer_10744,69,male ,Mumbai,Delhi,East,consumer 
CUST20745,Customer_10745,58,Female,Pune,Delhi,East,Corporate
CUST20746,Customer_10746,41,Female,Ahmedabad,Gujarat,East,Consumer
CUST20747,Customer_10747,19,,Ahmedabad,Rajasthan,South,Small Business
CUST20748,Customer_10748,57,Female,Lucknow,Karnataka,North,Small Business
CUST20749,Customer_10749,37,Male,Lucknow,Uttar Pradesh,East,Small Business
CUST20750,Customer_10750,51,Male,Bengaluru,Telangana,North,Corporate
CUST20751,Customer_10751,60,Female,Ahmedabad,Delhi,North,Small Business
CUST20752,Customer_10752,43,Other,Ahmedabad,Rajasthan,South,consumer 
CUST20753,Customer_10753,24,Male,Chennai,Karnataka,North,Consumer
CUST20754,Customer_10754,55,Male,,Maharashtra,South,Consumer
CUST20755,Customer_10755,47, FEMALE,Hyderabad,Maharashtra,South,Consumer
CUST20756,Customer_10756,59,Other,Bengaluru,Tamil Nadu,North,consumer 
CUST20757,Customer_10757,22,Male,Mumbai,Delhi,South,Corporate
CUST20758,Customer_10758,28,Male,Pune,Gujarat,North,Consumer
CUST20759,Customer_10759,18,Female,Pune,Tamil Nadu,South,Consumer
CUST20760,Customer_10760,51,Male,Chennai,Karnataka,West,Consumer
CUST20761,Customer_10761,18, FEMALE,Delhi,Rajasthan,South,Small Business
CUST20762,Customer_10762,36,Male,Lucknow,Uttar Pradesh,West,Small Business
CUST20763,Customer_10763,19,Male,Mumbai,West Bengal,North,consumer 
CUST20764,Customer_10764,38,Male,Delhi,Maharashtra,North,Small Business
CUST20765,Customer_10765,37,Male,Pune,Maharashtra,East,Consumer
CUST20766,Customer_10766,40,Male,Hyderabad,Gujarat,East,Small Business
CUST20767,Customer_10767,38,Male,Delhi,Maharashtra,North,Corporate
CUST20768,Customer_10768,41,Female,Hyderabad,Delhi,South,Small Business
CUST20769,Customer_10769,21,Male,Jaipur,Rajasthan,North,Corporate
CUST20770,Customer_10770,29,Other,Pune,Maharashtra,West,Corporate
CUST20771,Customer_10771,39,Male,Hyderabad,,South,Consumer
CUST20772,Customer_10772,37,Female,Mumbai,Gujarat,North,consumer 
CUST20773,Customer_10773,35,Male,Kolkata,West Bengal,West,Consumer
CUST20774,Customer_10774,18,Male,Ahmedabad,Uttar Pradesh,North,Corporate
CUST20775,Customer_10775,47,Female,Kolkata,Tamil Nadu,South,Consumer
CUST20776,Customer_10776,50,Female,Lucknow,Uttar Pradesh,South,Consumer
CUST20777,Customer_10777,41,male ,Chennai,Rajasthan,South,consumer 
CUST20778,Customer_10778,31,Female,Jaipur,Delhi,North,Consumer
CUST20779,Customer_10779,53,Female,Ahmedabad,Gujarat,SOUTH,Consumer
CUST20780,Customer_10780,22,Female,Jaipur,Gujarat, north ,Consumer
CUST20781,Customer_10781,28, FEMALE,Ahmedabad,Gujarat,South,Corporate
CUST20782,Customer_10782,41,Female,Hyderabad,Uttar Pradesh,South,Corporate
CUST20783,Customer_10783,48,,Ahmedabad,Telangana,East,Consumer
CUST20784,Customer_10784,30,male ,Pune,Maharashtra,,Small Business
CUST20785,Customer_10785,33,Male,Ahmedabad,Maharashtra,West,consumer 
CUST20786,Customer_10786,41,Male,Delhi,Maharashtra,East,Consumer
CUST20787,Customer_10787,30,Female,Kolkata,Maharashtra,North,Corporate
CUST20788,Customer_10788,41,Female,Lucknow,Tamil Nadu,North,Corporate
CUST20789,Customer_10789,43,Female,Mumbai,Rajasthan,SOUTH,Consumer
CUST20790,Customer_10790,19,male ,Kolkata,Karnataka,North,Corporate
CUST20791,Customer_10791,33,Male,Lucknow,Tamil Nadu, north ,Consumer
CUST20792,Customer_10792,55,Male,Bengaluru,Karnataka,West,Small Business
CUST20793,Customer_10793,63,Male,,Rajasthan,South,Consumer
CUST20794,Customer_10794,18,Female,Pune,,North,Corporate
CUST20795,Customer_10795,66,Female,Chennai,Rajasthan,South,Consumer
CUST20796,Customer_10796,28,Male,Delhi,Delhi,East,consumer 
CUST20797,Customer_10797,68,Female,Delhi,Tamil Nadu,West,Corporate
CUST20798,Customer_10798,52,Male,Delhi,Uttar Pradesh,West,Small Business
CUST20799,Customer_10799,60,Male,Bengaluru,Tamil Nadu,South,CORPORATE
CUST20800,Customer_10800,46,Female,Bengaluru,Gujarat,South,Consumer
CUST20801,Customer_10801,54,Male,Jaipur,Delhi,West,consumer 
CUST20802,Customer_10802,34,Female,Pune,Karnataka,SOUTH,Small Business
CUST20803,Customer_10803,56,male ,Jaipur,Maharashtra,SOUTH,Consumer
CUST20804,Customer_10804,59, FEMALE,Delhi,Uttar Pradesh,East,Consumer
CUST20805,Customer_10805,45,Male,Chennai,Tamil Nadu,North,Small Business
CUST20806,Customer_10806,46,Female,Bengaluru,Maharashtra,North,Consumer
CUST20807,Customer_10807,60,Female,Lucknow,Karnataka,South,Corporate
CUST20808,Customer_10808,20,male ,Kolkata,Tamil Nadu,West,consumer 
CUST20809,Customer_10809,69,male ,Ahmedabad,,East,consumer 
CUST20810,Customer_10810,27,Male,Delhi,Telangana,West,Consumer
CUST20811,Customer_10811,59,Male,Jaipur,Maharashtra, north ,Consumer
CUST20812,Customer_10812,31,Female,,Tamil Nadu,North,consumer 
CUST20813,Customer_10813,29,Female,Lucknow,Karnataka,SOUTH,Small Business
CUST20814,Customer_10814,64,Male,Chennai,West Bengal,South,Small Business
CUST20815,Customer_10815,59,Male,Pune,Tamil Nadu,North,Consumer
CUST20816,Customer_10816,47,Female,Delhi,Rajasthan,West,Corporate
CUST20817,Customer_10817,49,Male,Kolkata,Gujarat,SOUTH,Corporate
CUST20818,Customer_10818,49,Male,,Maharashtra,West,Consumer
CUST20819,Customer_10819,59,Male,Delhi,Uttar Pradesh,West,Small Business
CUST20820,Customer_10820,49,Male,Delhi,Gujarat, north ,Consumer
CUST20821,Customer_10821,43,Female,Ahmedabad,Telangana,East,Corporate
CUST20822,Customer_10822,68,Male,Bengaluru,Maharashtra,West,Consumer
CUST20823,Customer_10823,18,Male,Ahmedabad,Uttar Pradesh,,Consumer
CUST20824,Customer_10824,59,Male,Ahmedabad,Rajasthan,South,Corporate
CUST20825,Customer_10825,19,Male,Ahmedabad,Maharashtra,East,Consumer
CUST20826,Customer_10826,34,Female,Ahmedabad,Telangana,West,Consumer
CUST20827,Customer_10827,47,Male,Ahmedabad,West Bengal,South,Consumer
CUST20828,Customer_10828,56,Female,Bengaluru,Maharashtra,South,Corporate
CUST20829,Customer_10829,24,Male,,Rajasthan,SOUTH,Consumer
CUST20830,Customer_10830,69,Male,Kolkata,Rajasthan,East,Consumer
CUST20831,Customer_10831,44,Male,Chennai,Gujarat,,CORPORATE
CUST20832,Customer_10832,26,Male,Delhi,West Bengal, north ,Consumer
CUST20833,Customer_10833,39,Female,Kolkata,West Bengal,West,Consumer
CUST20834,Customer_10834,51,Female,,West Bengal,North,Consumer
CUST20835,Customer_10835,63,male ,Ahmedabad,Karnataka,South,CORPORATE
CUST20836,Customer_10836,66,Male,Pune,Uttar Pradesh,South,Corporate
CUST20837,Customer_10837,18,Male,Pune,Rajasthan,West,Consumer
CUST20838,Customer_10838,26,Male,Hyderabad,Uttar Pradesh,South,Small Business
CUST20839,Customer_10839,37,male ,Chennai,Uttar Pradesh,West,Small Business
CUST20840,Customer_10840,36,Male,Ahmedabad,West Bengal,West,consumer 
CUST20841,Customer_10841,53,Female,Mumbai,Maharashtra,South,Small Business
CUST20842,Customer_10842,57,Male,Hyderabad,Gujarat,West,Consumer
CUST20843,Customer_10843,62,Male,Kolkata,Telangana,South,Corporate
CUST20844,Customer_10844,21,Other,Hyderabad,Gujarat,North,Consumer
CUST20845,Customer_10845,26,Female,Bengaluru,Telangana,North,Small Business
CUST20846,Customer_10846,58,male ,Bengaluru,Maharashtra,North,Corporate
CUST20847,Customer_10847,39,Female,Mumbai,Gujarat,West,Small Business
CUST20848,Customer_10848,35,Female,Bengaluru,Uttar Pradesh,West,Consumer
CUST20849,Customer_10849,29,Male,Ahmedabad,Uttar Pradesh,,Consumer
CUST20850,Customer_10850,59,Female,Chennai,Delhi,West,Consumer
CUST20851,Customer_10851,60,Male,Bengaluru,Gujarat,West,
CUST20852,Customer_10852,56,Female,Hyderabad,West Bengal,East,Consumer
CUST20853,Customer_10853,26,Female,Delhi,Tamil Nadu, north ,Small Business
CUST20854,Customer_10854,23,male ,Ahmedabad,Gujarat,South,Consumer
CUST20855,Customer_10855,36,Female,Hyderabad,Rajasthan,West,Consumer
CUST20856,Customer_10856,65,Female,,Maharashtra,West,Consumer
CUST20857,Customer_10857,64,Male,Bengaluru,Tamil Nadu,North,Small Business
CUST20858,Customer_10858,24,Male,Lucknow,West Bengal,South,Corporate
CUST20859,Customer_10859,33,Male,Bengaluru,Gujarat,West,Corporate
CUST20860,Customer_10860,22,Female,Delhi,Karnataka,,Small Business
CUST20861,Customer_10861,33,Other,Delhi,Uttar Pradesh,North,Consumer
CUST20862,Customer_10862,18,Male,,Uttar Pradesh,North,Corporate
CUST20863,Customer_10863,68,Male,Bengaluru,Maharashtra,South,Corporate
CUST20864,Customer_10864,54,Female,Hyderabad,Delhi,North,Corporate
CUST20865,Customer_10865,56, FEMALE,Lucknow,West Bengal,South,Corporate
CUST20866,Customer_10866,36,Female,Bengaluru,Uttar Pradesh,South,Consumer
CUST20867,Customer_10867,54,Male,Bengaluru,Tamil Nadu,North,consumer 
CUST20868,Customer_10868,34,Other,Lucknow,Uttar Pradesh,South,
CUST20869,Customer_10869,43,male ,Chennai,West Bengal,West,Small Business
CUST20870,Customer_10870,39,Male,Lucknow,Rajasthan,South,Consumer
CUST20871,Customer_10871,25,Other,Hyderabad,Delhi,East,Corporate
CUST20872,Customer_10872,50,Female,Hyderabad,Delhi,East,Consumer
CUST20873,Customer_10873,19,Male,Mumbai,Uttar Pradesh,West,Consumer
CUST20874,Customer_10874,47,Female,Ahmedabad,Uttar Pradesh,South,
CUST20875,Customer_10875,64,male ,Ahmedabad,Tamil Nadu,North,Corporate
CUST20876,Customer_10876,37,Female,,West Bengal, north ,Corporate
CUST20877,Customer_10877,35,Male,Hyderabad,West Bengal,West,CORPORATE
CUST20878,Customer_10878,60,Other,Lucknow,Maharashtra,West,consumer 
CUST20879,Customer_10879,27,Male,Hyderabad,Rajasthan,North,Corporate
CUST20880,Customer_10880,41,Female,Chennai,Tamil Nadu,North,Consumer
CUST20881,Customer_10881,21,Female,Lucknow,West Bengal,North,Consumer
CUST20882,Customer_10882,54,Male,Mumbai,West Bengal,North,consumer 
CUST20883,Customer_10883,21,Male,Mumbai,Uttar Pradesh,North,CORPORATE
CUST20884,Customer_10884,30, FEMALE,Bengaluru,Karnataka,South,Corporate
CUST20885,Customer_10885,42,Female,Jaipur,Telangana,South,Consumer
CUST20886,Customer_10886,30,Female,Hyderabad,Telangana,West,Corporate
CUST20887,Customer_10887,35,Female,Hyderabad,Uttar Pradesh,West,Consumer
CUST20888,Customer_10888,41,Female,,Telangana,North,Consumer
CUST20889,Customer_10889,19,Female,Hyderabad,Maharashtra,,consumer 
CUST20890,Customer_10890,65,Male,Bengaluru,,West,Consumer
CUST20891,Customer_10891,50,Male,Pune,Tamil Nadu,North,Small Business
CUST20892,Customer_10892,36, FEMALE,,Maharashtra,North,Consumer
CUST20893,Customer_10893,26,Female,Delhi,Rajasthan,North,Small Business
CUST20894,Customer_10894,45,Male,Pune,Uttar Pradesh,West,Small Business
CUST20895,Customer_10895,52,Other,Delhi,Tamil Nadu,South,Consumer
CUST20896,Customer_10896,56,male ,Chennai,Rajasthan,North,Consumer
CUST20897,Customer_10897,27,Male,Bengaluru,Maharashtra,South,Consumer
CUST20898,Customer_10898,18,,Bengaluru,Telangana,West,Small Business
CUST20899,Customer_10899,59,Female,Chennai,Maharashtra,South,Corporate
CUST20900,Customer_10900,38,Male,Ahmedabad,Telangana,East,Consumer
CUST20901,Customer_10901,26,Male,Jaipur,West Bengal,North,Consumer
CUST20902,Customer_10902,64,Female,,Telangana,South,Consumer
CUST20903,Customer_10903,32,male ,,West Bengal,,Consumer
CUST20904,Customer_10904,52,Male,Delhi,Tamil Nadu,South,Small Business
CUST20905,Customer_10905,22,Male,Bengaluru,Karnataka,East,Corporate
CUST20906,Customer_10906,58,Male,Ahmedabad,Maharashtra,North,Consumer
CUST20907,Customer_10907,39,Female,Kolkata,Karnataka,North,Small Business
CUST20908,Customer_10908,58,Male,,Maharashtra,South,Corporate
CUST20909,Customer_10909,40,Male,Mumbai,Rajasthan,North,Small Business
CUST20910,Customer_10910,24,Female,Bengaluru,Uttar Pradesh,South,Small Business
CUST20911,Customer_10911,40,male ,Hyderabad,Uttar Pradesh,North,consumer 
CUST20912,Customer_10912,61,Female,Bengaluru,Rajasthan,South,consumer 
CUST20913,Customer_10913,42,Male,Bengaluru,Karnataka,North,Corporate
CUST20914,Customer_10914,44,Female,Hyderabad,Rajasthan, north ,Small Business
CUST20915,Customer_10915,58,Female,Kolkata,West Bengal,,Small Business
CUST20916,Customer_10916,23,Other,Bengaluru,Delhi,South,Consumer
CUST20917,Customer_10917,51,male ,Delhi,Gujarat,East,Consumer
CUST20918,Customer_10918,26,Male,Kolkata,Delhi,SOUTH,Consumer
CUST20919,Customer_10919,66,Female,Chennai,Tamil Nadu,East,Consumer
CUST20920,Customer_10920,50,Female,Pune,Tamil Nadu, north ,Small Business
CUST20921,Customer_10921,68,Female,Chennai,Uttar Pradesh,West,CORPORATE
CUST20922,Customer_10922,23,Female,Ahmedabad,Gujarat,SOUTH,Corporate
CUST20923,Customer_10923,54,male ,Pune,Gujarat,South,consumer 
CUST20924,Customer_10924,48,male ,Ahmedabad,West Bengal,North,Consumer
CUST20925,Customer_10925,51,Female,Chennai,Rajasthan,North,consumer 
CUST20926,Customer_10926,58, FEMALE,Bengaluru,Delhi,East,Consumer
CUST20927,Customer_10927,46,Female,Hyderabad,Tamil Nadu,East,consumer 
CUST20928,Customer_10928,31,male ,,Gujarat,South,Small Business
CUST20929,Customer_10929,53,Other,Chennai,Telangana,South,
CUST20930,Customer_10930,53,Male,Kolkata,Delhi,West,Small Business
CUST20931,Customer_10931,32,Male,Mumbai,Maharashtra,South,Consumer
CUST20932,Customer_10932,25, FEMALE,Kolkata,Telangana,East,Consumer
CUST20933,Customer_10933,43,male ,Jaipur,Maharashtra,West,consumer 
CUST20934,Customer_10934,53,Other,Kolkata,Telangana,South,Corporate
CUST20935,Customer_10935,65,Male,Chennai,Karnataka,North,consumer 
CUST20936,Customer_10936,38,Female,,Karnataka, north ,Consumer
CUST20937,Customer_10937,45,Male,Hyderabad,Delhi,North,Consumer
CUST20938,Customer_10938,21,Female,Delhi,Gujarat,West,Consumer
CUST20939,Customer_10939,33,Male,Lucknow,Rajasthan,West,Corporate
CUST20940,Customer_10940,39,Male,Mumbai,West Bengal,East,Consumer
CUST20941,Customer_10941,29,Male,Jaipur,West Bengal,West,Small Business
CUST20942,Customer_10942,33,Female,Mumbai,Telangana,South,Consumer
CUST20943,Customer_10943,68,Male,Delhi,Uttar Pradesh, north ,Corporate
CUST20944,Customer_10944,57,Male,Mumbai,Gujarat,South,Small Business
CUST20945,Customer_10945,55,Male,Hyderabad,Delhi,East,Consumer
CUST20946,Customer_10946,59,Male,Delhi,Delhi,North,Consumer
CUST20947,Customer_10947,54,Other,Mumbai,Rajasthan,SOUTH,Small Business
CUST20948,Customer_10948,46,Male,Jaipur,Maharashtra,SOUTH,consumer 
CUST20949,Customer_10949,35,Male,Jaipur,Gujarat,West,Consumer
CUST20950,Customer_10950,27,male ,Lucknow,Rajasthan,South,Corporate
CUST20951,Customer_10951,59,Female,Lucknow,Telangana,North,CORPORATE
CUST20952,Customer_10952,56,Female,Hyderabad,Telangana,East,Corporate
CUST20953,Customer_10953,35,Female,Ahmedabad,Rajasthan,West,consumer 
CUST20954,Customer_10954,18,Other,Chennai,Maharashtra,,CORPORATE
CUST20955,Customer_10955,56,Male,Chennai,Gujarat,East,CORPORATE
CUST20956,Customer_10956,38,,Jaipur,Delhi, north ,Small Business
CUST20957,Customer_10957,18,male ,Mumbai,,South,Corporate
CUST20958,Customer_10958,32,Female,Jaipur,Maharashtra, north ,Consumer
CUST20959,Customer_10959,21,Female,Hyderabad,Uttar Pradesh,South,Consumer
CUST20960,Customer_10960,37,Female,Mumbai,Delhi,North,Consumer
CUST20961,Customer_10961,27,Male,Delhi,Telangana,West,Consumer
CUST20962,Customer_10962,40,Male,Mumbai,West Bengal, north ,Consumer
CUST20963,Customer_10963,58,Other,Ahmedabad,Delhi,East,Consumer
CUST20964,Customer_10964,51,Female,,Telangana,,Consumer
CUST20965,Customer_10965,63,Male,Hyderabad,Karnataka,West,Consumer
CUST20966,Customer_10966,65,male ,Bengaluru,Tamil Nadu, north ,Consumer
CUST20967,Customer_10967,50,Female,Mumbai,Tamil Nadu,,Consumer
CUST20968,Customer_10968,51,Male,Lucknow,Uttar Pradesh,South,Small Business
CUST20969,Customer_10969,56,Female,Mumbai,Maharashtra,East,Small Business
CUST20970,Customer_10970,27,Female,Ahmedabad,Delhi,West,consumer 
CUST20971,Customer_10971,37,Male,Kolkata,Telangana,East,Small Business
CUST20972,Customer_10972,18,Other,Ahmedabad,Gujarat,East,Consumer
CUST20973,Customer_10973,30,Male,Pune,Gujarat,East,Small Business
CUST20974,Customer_10974,18,Female,Kolkata,Tamil Nadu,South,Small Business
CUST20975,Customer_10975,22,Male,Pune,Gujarat,North,Corporate
CUST20976,Customer_10976,33,Female,Lucknow,Uttar Pradesh,North,Small Business
CUST20977,Customer_10977,32,Male,Lucknow,Karnataka,East,Consumer
CUST20978,Customer_10978,66,Male,Pune,Maharashtra,South,Corporate
CUST20979,Customer_10979,45,male ,Kolkata,Karnataka, north ,Consumer
CUST20980,Customer_10980,48,Male,Ahmedabad,Maharashtra,North,Small Business
CUST20981,Customer_10981,40,male ,Ahmedabad,West Bengal,South,Consumer
CUST20982,Customer_10982,65,Female,Kolkata,West Bengal,,Consumer
CUST20983,Customer_10983,62,,Delhi,West Bengal,East,Corporate
CUST20984,Customer_10984,60,Female,Delhi,Maharashtra,South,CORPORATE
CUST20985,Customer_10985,34,Male,Lucknow,Uttar Pradesh, north ,Consumer
CUST20986,Customer_10986,66,Male,Delhi,Telangana,West,Small Business
CUST20987,Customer_10987,51, FEMALE,Mumbai,Tamil Nadu,East,Consumer
CUST20988,Customer_10988,30, FEMALE,Mumbai,, north ,Consumer
CUST20989,Customer_10989,31,Male,Pune,Karnataka,North,Consumer
CUST20990,Customer_10990,28,Female,Pune,Telangana,South,Corporate
CUST20991,Customer_10991,45,Female,Bengaluru,Rajasthan,West,Small Business
CUST20992,Customer_10992,59,Other,Mumbai,Gujarat,South,Corporate
CUST20993,Customer_10993,49,Other,Jaipur,Maharashtra,SOUTH,Corporate
CUST20994,Customer_10994,52,,Ahmedabad,Uttar Pradesh,North,Consumer
CUST20995,Customer_10995,48, FEMALE,Delhi,Gujarat,South,Consumer
CUST20996,Customer_10996,34, FEMALE,Mumbai,Telangana,,Small Business
CUST20997,Customer_10997,64,Male,Kolkata,Karnataka,West,Consumer
CUST20998,Customer_10998,26,male ,Lucknow,Rajasthan,North,Consumer
CUST20999,Customer_10999,27,Female,Lucknow,Karnataka,North,Small Business
CUST21000,Customer_11000,25,Other,Jaipur,Telangana,,CORPORATE
CUST21001,Customer_11001,38,Female,Ahmedabad,Gujarat, north ,Consumer
CUST21002,Customer_11002,30,Male,Mumbai,West Bengal,South,Corporate
CUST21003,Customer_11003,67,Female,Delhi,Delhi,East,Consumer
CUST21004,Customer_11004,22,Female,Pune,Karnataka,East,Consumer
CUST21005,Customer_11005,23,Male,Lucknow,West Bengal, north ,Small Business
CUST21006,Customer_11006,47,Female,Pune,Tamil Nadu,East,Corporate
CUST21007,Customer_11007,48,Female,Ahmedabad,Rajasthan,West,Consumer
CUST21008,Customer_11008,34,Male,Lucknow,Uttar Pradesh,SOUTH,consumer 
CUST21009,Customer_11009,28,Male,Kolkata,Tamil Nadu,East,Corporate
CUST21010,Customer_11010,37,Male,Delhi,,South,Small Business
CUST21011,Customer_11011,65,Other,Delhi,Gujarat,East,Consumer
CUST21012,Customer_11012,26,Female,Jaipur,Delhi, north ,Consumer
CUST21013,Customer_11013,19,Male,Mumbai,Karnataka,East,Consumer
CUST21014,Customer_11014,54,male ,Delhi,Karnataka, north ,Consumer
CUST21015,Customer_11015,18,Female,Ahmedabad,Maharashtra, north ,Consumer
CUST21016,Customer_11016,21,Male,Ahmedabad,Karnataka,South,Corporate
CUST21017,Customer_11017,53,Male,Mumbai,Telangana,South,Consumer
CUST21018,Customer_11018,42,Female,Jaipur,Delhi,West,Consumer
CUST21019,Customer_11019,20,Female,Delhi,Maharashtra,North,Corporate
CUST21020,Customer_11020,26,male ,Bengaluru,Delhi,East,Small Business
CUST21021,Customer_11021,39,Female,Pune,Delhi,North,Corporate
CUST21022,Customer_11022,40,Male,Jaipur,Tamil Nadu, north ,consumer 
CUST21023,Customer_11023,29,Other,Delhi,Karnataka,SOUTH,
CUST21024,Customer_11024,27,Male,Bengaluru,Gujarat,North,CORPORATE
CUST21025,Customer_11025,51,Female,Mumbai,Maharashtra,West,Small Business
CUST21026,Customer_11026,60,Male,,Gujarat,West,Small Business
CUST21027,Customer_11027,27,Male,Kolkata,Delhi,West,Consumer
CUST21028,Customer_11028,47,Female,Hyderabad,West Bengal,,Corporate
CUST21029,Customer_11029,39,Male,Delhi,Karnataka,North,Corporate
CUST21030,Customer_11030,23,Female,Pune,Uttar Pradesh,South,Consumer
CUST21031,Customer_11031,67,Male,Kolkata,Delhi,North,Consumer
CUST21032,Customer_11032,19,Female,Lucknow,Gujarat,SOUTH,Corporate
CUST21033,Customer_11033,47,Female,Bengaluru,Delhi,East,consumer 
CUST21034,Customer_11034,19,Male,,Karnataka,,Consumer
CUST21035,Customer_11035,49, FEMALE,Hyderabad,Tamil Nadu,South,Consumer
CUST21036,Customer_11036,59,Male,Bengaluru,Uttar Pradesh,East,Corporate
CUST21037,Customer_11037,33,Male,Bengaluru,Gujarat,West,Consumer
CUST21038,Customer_11038,29,Female,Chennai,Telangana,West,Small Business
CUST21039,Customer_11039,18,Female,Ahmedabad,Uttar Pradesh,South,Corporate
CUST21040,Customer_11040,25,Female,Jaipur,Uttar Pradesh,South,Consumer
CUST21041,Customer_11041,65,Male,Pune,West Bengal,,Small Business
CUST21042,Customer_11042,67,male ,Mumbai,Rajasthan,West,Consumer
CUST21043,Customer_11043,30,Female,Mumbai,Delhi,West,Small Business
CUST21044,Customer_11044,32,Male,Chennai,Telangana,North,Consumer
CUST21045,Customer_11045,61,Male,Jaipur,Uttar Pradesh,South,Consumer
CUST21046,Customer_11046,25,male ,Jaipur,Tamil Nadu,South,Consumer
CUST21047,Customer_11047,27,Female,,Gujarat,East,Small Business
CUST21048,Customer_11048,63,Male,Delhi,Uttar Pradesh,East,Small Business
CUST21049,Customer_11049,22,Male,Hyderabad,Gujarat,,consumer 
CUST21050,Customer_11050,67,Male,Ahmedabad,Maharashtra,,Corporate
CUST21051,Customer_11051,36,Female,Pune,Karnataka,North,Small Business
CUST21052,Customer_11052,64, FEMALE,Bengaluru,Delhi,South,Consumer
CUST21053,Customer_11053,55,Female,Bengaluru,,South,Corporate
CUST21054,Customer_11054,28,Female,Mumbai,Maharashtra,South,Consumer
CUST21055,Customer_11055,60, FEMALE,Chennai,Telangana,West,consumer 
CUST21056,Customer_11056,37,Female,Lucknow,Karnataka,South,Small Business
CUST21057,Customer_11057,37,Female,Ahmedabad,Delhi,East,consumer 
CUST21058,Customer_11058,38,Male,Chennai,Karnataka,East,Small Business
CUST21059,Customer_11059,35,Female,Mumbai,Delhi,South,Consumer
CUST21060,Customer_11060,67,Female,Kolkata,Telangana,South,Consumer
CUST21061,Customer_11061,27,Female,Jaipur,Gujarat,West,Small Business
CUST21062,Customer_11062,51,,Delhi,Rajasthan, north ,Consumer
CUST21063,Customer_11063,43, FEMALE,Lucknow,Rajasthan,North,Consumer
CUST21064,Customer_11064,47,Female,Lucknow,Telangana,East,Consumer
CUST21065,Customer_11065,26,Female,Chennai,Uttar Pradesh,West,Consumer
CUST21066,Customer_11066,63,Female,Pune,Gujarat,West,Consumer
CUST21067,Customer_11067,68,Male,Jaipur,Gujarat,West,Small Business
CUST21068,Customer_11068,48,Male,Kolkata,Delhi, north ,Corporate
CUST21069,Customer_11069,59,male ,Delhi,Gujarat,North,Consumer
CUST21070,Customer_11070,21,Female,Mumbai,Maharashtra,South,Corporate
CUST21071,Customer_11071,23, FEMALE,Mumbai,Telangana,West,Consumer
CUST21072,Customer_11072,31,Male,Jaipur,Karnataka, north ,Small Business
CUST21073,Customer_11073,21,Female,Hyderabad,Rajasthan,South,Corporate
CUST21074,Customer_11074,43,Female,Pune,West Bengal,East,Consumer
CUST21075,Customer_11075,64,Female,Jaipur,Maharashtra,North,Consumer
CUST21076,Customer_11076,65, FEMALE,Bengaluru,Uttar Pradesh, north ,Small Business
CUST21077,Customer_11077,56,,Jaipur,Telangana,West,Consumer
CUST21078,Customer_11078,34,Male,Hyderabad,Delhi,North,CORPORATE
CUST21079,Customer_11079,36,Male,Hyderabad,Telangana,West,consumer 
CUST21080,Customer_11080,68,Male,Bengaluru,Tamil Nadu,East,Small Business
CUST21081,Customer_11081,66,Female,Ahmedabad,Delhi,South,Consumer
CUST21082,Customer_11082,23,Male,Jaipur,Maharashtra, north ,Consumer
CUST21083,Customer_11083,46,Female,Delhi,,North,Consumer
CUST21084,Customer_11084,28,Female,Ahmedabad,Gujarat,East,Consumer
CUST21085,Customer_11085,33,Female,Jaipur,Maharashtra,East,
CUST21086,Customer_11086,47,male ,Mumbai,West Bengal,West,Consumer
CUST21087,Customer_11087,42,Female,Delhi,Telangana,North,Consumer
CUST21088,Customer_11088,57,Female,Bengaluru,Tamil Nadu,East,consumer 
CUST21089,Customer_11089,28,Male,Pune,Tamil Nadu,North,Consumer
CUST21090,Customer_11090,24,Female,Pune,Delhi,West,Consumer
CUST21091,Customer_11091,43,Female,Bengaluru,Karnataka,South,
CUST21092,Customer_11092,39,Female,Hyderabad,Maharashtra,West,Consumer
CUST21093,Customer_11093,42, FEMALE,Mumbai,Tamil Nadu,East,Small Business
CUST21094,Customer_11094,36, FEMALE,Delhi,Gujarat,North,Consumer
CUST21095,Customer_11095,48,male ,Chennai,,North,Corporate
CUST21096,Customer_11096,43,Male,Bengaluru,Gujarat,South,Consumer
CUST21097,Customer_11097,59,Female,,, north ,Small Business
CUST21098,Customer_11098,58,Female,Ahmedabad,Delhi,East,Consumer
CUST21099,Customer_11099,53,Male,Mumbai,Uttar Pradesh,SOUTH,Consumer
CUST21100,Customer_11100,40,Male,Delhi,Karnataka,North,Corporate
CUST21101,Customer_11101,64,Male,Delhi,Gujarat,North,Consumer
CUST21102,Customer_11102,30,Male,Chennai,Uttar Pradesh,SOUTH,Small Business
CUST21103,Customer_11103,42,Female,Kolkata,Telangana,West,Small Business
CUST21104,Customer_11104,19,Other,Pune,Tamil Nadu,West,Corporate
CUST21105,Customer_11105,19,Male,Chennai,Karnataka,SOUTH,Consumer
CUST21106,Customer_11106,33, FEMALE,Hyderabad,Karnataka,,consumer 
CUST21107,Customer_11107,26,Male,Bengaluru,,North,Corporate
CUST21108,Customer_11108,45,Male,Hyderabad,Gujarat,North,Consumer
CUST21109,Customer_11109,30,Female,Pune,Maharashtra,North,Small Business
CUST21110,Customer_11110,52,Female,Mumbai,Karnataka,West,Corporate
CUST21111,Customer_11111,58,Male,Jaipur,Maharashtra,South,Consumer
CUST21112,Customer_11112,30,Male,Pune,,East,Consumer
CUST21113,Customer_11113,48,Female,Bengaluru,Gujarat, north ,CORPORATE
CUST21114,Customer_11114,38,Male,Chennai,Tamil Nadu,West,Consumer
CUST21115,Customer_11115,49,Female,Ahmedabad,Rajasthan,North,Corporate
CUST21116,Customer_11116,51,Female,Delhi,Uttar Pradesh,South,Consumer
CUST21117,Customer_11117,25,Male,Mumbai,Maharashtra,North,Corporate
CUST21118,Customer_11118,58, FEMALE,Hyderabad,Gujarat,East,Consumer
CUST21119,Customer_11119,65,Male,Kolkata,Tamil Nadu,North,Consumer
CUST21120,Customer_11120,19,Female,,Delhi,North,Small Business
CUST21121,Customer_11121,55,male ,Ahmedabad,Telangana,West,Small Business
CUST21122,Customer_11122,49,Other,Kolkata,West Bengal,SOUTH,Small Business
CUST21123,Customer_11123,57,Female,Ahmedabad,Karnataka,SOUTH,Consumer
CUST21124,Customer_11124,45,Female,Bengaluru,Rajasthan,South,Consumer
CUST21125,Customer_11125,54,Male,Lucknow,Gujarat,West,Consumer
CUST21126,Customer_11126,58,Female,Hyderabad,Uttar Pradesh,West,Small Business
CUST21127,Customer_11127,18,Female,Bengaluru,Rajasthan,West,Small Business
CUST21128,Customer_11128,58,Female,Ahmedabad,Tamil Nadu, north ,Corporate
CUST21129,Customer_11129,27, FEMALE,Delhi,Karnataka,,Small Business
CUST21130,Customer_11130,21,Male,Ahmedabad,Telangana,North,Consumer
CUST21131,Customer_11131,52, FEMALE,Chennai,Karnataka,West,Corporate
CUST21132,Customer_11132,27, FEMALE,,Gujarat,West,Consumer
CUST21133,Customer_11133,64,Female,Chennai,Gujarat,South,Consumer
CUST21134,Customer_11134,28,Female,Jaipur,Maharashtra,South,Consumer
CUST21135,Customer_11135,31,Male,Delhi,Uttar Pradesh,North,Corporate
CUST21136,Customer_11136,55,,Chennai,Rajasthan,SOUTH,Consumer
CUST21137,Customer_11137,29,Male,Jaipur,, north ,Consumer
CUST21138,Customer_11138,62,Female,Jaipur,Tamil Nadu,East,Consumer
CUST21139,Customer_11139,34,Female,Mumbai,Uttar Pradesh,East,Consumer
CUST21140,Customer_11140,33,Other,Hyderabad,Tamil Nadu,South,Small Business
CUST21141,Customer_11141,52,male ,Hyderabad,Delhi,West,Corporate
CUST21142,Customer_11142,19,Female,Delhi,Delhi,North,Corporate
CUST21143,Customer_11143,28,Male,Hyderabad,Maharashtra,East,Corporate
CUST21144,Customer_11144,58,Male,Lucknow,Karnataka, north ,Consumer
CUST21145,Customer_11145,20,Male,Bengaluru,Karnataka,East,Small Business
CUST21146,Customer_11146,46, FEMALE,Hyderabad,Uttar Pradesh,West,CORPORATE
CUST21147,Customer_11147,35,Female,Ahmedabad,Rajasthan,North,Consumer
CUST21148,Customer_11148,37,Female,Delhi,,South,Consumer
CUST21149,Customer_11149,64,Female,Pune,Karnataka,West,Consumer
CUST21150,Customer_11150,31,Female,Jaipur,Gujarat,North,Corporate
CUST21151,Customer_11151,51,Male,Jaipur,West Bengal,South,Corporate
CUST21152,Customer_11152,66,Male,Jaipur,Tamil Nadu,South,
CUST21153,Customer_11153,48,Male,Jaipur,Rajasthan,East,Corporate
CUST21154,Customer_11154,57,Female,Delhi,Rajasthan,South,Consumer
CUST21155,Customer_11155,59,Male,Chennai,Maharashtra,South,Corporate
CUST21156,Customer_11156,35,Female,Jaipur,Uttar Pradesh,East,
CUST21157,Customer_11157,47,Female,Delhi,Uttar Pradesh,North,Small Business
CUST21158,Customer_11158,42,Female,Delhi,,North,Consumer
CUST21159,Customer_11159,36,Male,Lucknow,Gujarat,West,Consumer
CUST21160,Customer_11160,25,Male,Jaipur,Rajasthan,South,Consumer
CUST21161,Customer_11161,45,Male,Hyderabad,Rajasthan,South,consumer 
CUST21162,Customer_11162,25,Female,Ahmedabad,Gujarat,South,Corporate
CUST21163,Customer_11163,48,Male,Jaipur,Gujarat,North,Small Business
CUST21164,Customer_11164,20,male ,Ahmedabad,Uttar Pradesh,South,Consumer
CUST21165,Customer_11165,20,male ,Ahmedabad,Uttar Pradesh,East,consumer 
CUST21166,Customer_11166,61,Male,Chennai,Maharashtra,South,Consumer
CUST21167,Customer_11167,39,Female,Jaipur,Uttar Pradesh,East,Consumer
CUST21168,Customer_11168,34,Female,Kolkata,Karnataka,North,Consumer
CUST21169,Customer_11169,53,Female,Lucknow,West Bengal,North,Consumer
CUST21170,Customer_11170,34,Male,Jaipur,Telangana,South,CORPORATE
CUST21171,Customer_11171,31,Male,Mumbai,Karnataka,South,Consumer
CUST21172,Customer_11172,68,Male,Mumbai,Karnataka, north ,Consumer
CUST21173,Customer_11173,26,Male,Bengaluru,Gujarat,North,CORPORATE
CUST21174,Customer_11174,47,male ,Lucknow,Uttar Pradesh,,Small Business
CUST21175,Customer_11175,38,Female,Lucknow,Tamil Nadu,SOUTH,Consumer
CUST21176,Customer_11176,29,Other,Chennai,Rajasthan,East,Consumer
CUST21177,Customer_11177,54,Male,Pune,,West,Small Business
CUST21178,Customer_11178,49,Male,Lucknow,Telangana,SOUTH,Corporate
CUST21179,Customer_11179,28,Female,,Tamil Nadu,South,Consumer
CUST21180,Customer_11180,37,Male,Delhi,Tamil Nadu,South,Consumer
CUST21181,Customer_11181,52,Male,Chennai,Gujarat,,Corporate
CUST21182,Customer_11182,64,Female,Ahmedabad,Karnataka,,Corporate
CUST21183,Customer_11183,63,Male,Lucknow,,North,Small Business
CUST21184,Customer_11184,28,Female,Hyderabad,Karnataka,SOUTH,Small Business
CUST21185,Customer_11185,69,Male,Delhi,Maharashtra,South,Small Business
CUST21186,Customer_11186,25,Female,Kolkata,Maharashtra,SOUTH,Small Business
CUST21187,Customer_11187,21,male ,Lucknow,Telangana,North,Small Business
CUST21188,Customer_11188,44,Male,Kolkata,Rajasthan,West,Corporate
CUST21189,Customer_11189,61,Other,Hyderabad,Tamil Nadu,West,consumer 
CUST21190,Customer_11190,57,Female,Mumbai,Telangana,South,Corporate
CUST21191,Customer_11191,55,Other,Ahmedabad,West Bengal, north ,Corporate
CUST21192,Customer_11192,64,Male,Bengaluru,Uttar Pradesh,South,Small Business
CUST21193,Customer_11193,47,Female,Mumbai,Uttar Pradesh,North,Consumer
CUST21194,Customer_11194,61,Female,Lucknow,Uttar Pradesh,,Small Business
CUST21195,Customer_11195,65,male ,,Gujarat,South,CORPORATE
CUST21196,Customer_11196,65,Female,Kolkata,West Bengal,North,Consumer
CUST21197,Customer_11197,44,Female,Pune,Delhi,South,Corporate
CUST21198,Customer_11198,38,Other,Bengaluru,Karnataka,East,Consumer
CUST21199,Customer_11199,69,Male,Delhi,Karnataka,East,Small Business
CUST21200,Customer_11200,37,Male,Mumbai,Tamil Nadu,West,Corporate
CUST21201,Customer_11201,21,Female,Pune,Gujarat,West,Corporate
CUST21202,Customer_11202,28,Female,Mumbai,Uttar Pradesh,North,Consumer
CUST21203,Customer_11203,30,Female,Ahmedabad,Maharashtra,South,Small Business
CUST21204,Customer_11204,26,Female,Mumbai,Tamil Nadu,West,Consumer
CUST21205,Customer_11205,21,Other,Chennai,Rajasthan,West,Small Business
CUST21206,Customer_11206,29,Female,Chennai,,North,Corporate
CUST21207,Customer_11207,26,Male,Pune,Delhi,South,Corporate
CUST21208,Customer_11208,30,Male,Bengaluru,Tamil Nadu,SOUTH,Consumer
CUST21209,Customer_11209,65,Other,Ahmedabad,, north ,Small Business
CUST21210,Customer_11210,43,Female,Hyderabad,,West,Small Business
CUST21211,Customer_11211,55,Other,Kolkata,Karnataka,North,Consumer
CUST21212,Customer_11212,59,Male,Kolkata,Delhi,East,Consumer
CUST21213,Customer_11213,30,Female,Delhi,West Bengal,North,Consumer
CUST21214,Customer_11214,56,Female,Pune,Gujarat,West,CORPORATE
CUST21215,Customer_11215,45,Male,Pune,Karnataka,West,Small Business
CUST21216,Customer_11216,36,Female,Ahmedabad,Gujarat,East,Small Business
CUST21217,Customer_11217,41,Female,Ahmedabad,Karnataka,North,CORPORATE
CUST21218,Customer_11218,36,Female,Mumbai,West Bengal,West,Consumer
CUST21219,Customer_11219,66,male ,Delhi,Uttar Pradesh,West,Corporate
CUST21220,Customer_11220,30,male ,Bengaluru,Karnataka,East,Small Business
CUST21221,Customer_11221,30, FEMALE,,Karnataka,West,
CUST21222,Customer_11222,45,male ,Delhi,Tamil Nadu,North,Consumer
CUST21223,Customer_11223,19,Female,Kolkata,Uttar Pradesh,West,Consumer
CUST21224,Customer_11224,27,Female,Pune,Maharashtra,East,Consumer
CUST21225,Customer_11225,39,male ,Kolkata,West Bengal,South,Consumer
CUST21226,Customer_11226,30,Female,Mumbai,Rajasthan,West,Corporate
CUST21227,Customer_11227,26,Male,Mumbai,Tamil Nadu,West,Consumer
CUST21228,Customer_11228,50,Female,Hyderabad,Gujarat,East,Consumer
CUST21229,Customer_11229,31,Male,Delhi,West Bengal,North,CORPORATE
CUST21230,Customer_11230,65,Female,Delhi,West Bengal,South,CORPORATE
CUST21231,Customer_11231,37,Male,Delhi,West Bengal,,Consumer
CUST21232,Customer_11232,32,Male,Pune,Uttar Pradesh,South,Small Business
CUST21233,Customer_11233,49,Other,Hyderabad,Maharashtra,North,consumer 
CUST21234,Customer_11234,50,male ,Bengaluru,Gujarat, north ,Consumer
CUST21235,Customer_11235,34,male ,Bengaluru,Delhi,North,Consumer
CUST21236,Customer_11236,41,Female,Mumbai,Rajasthan,South,Consumer
CUST21237,Customer_11237,47,male ,Hyderabad,West Bengal,South,Consumer
CUST21238,Customer_11238,30,Female,Mumbai,Maharashtra,SOUTH,Small Business
CUST21239,Customer_11239,64,Female,Kolkata,Delhi,South,Consumer
CUST21240,Customer_11240,65,Other,Mumbai,Maharashtra,West,Small Business
CUST21241,Customer_11241,33,Male,Ahmedabad,Karnataka,East,Corporate
CUST21242,Customer_11242,19,Other,Delhi,Gujarat,North,Consumer
CUST21243,Customer_11243,34,Female,Ahmedabad,Gujarat,South,Consumer
CUST21244,Customer_11244,49,Female,Lucknow,Delhi,South,Consumer
CUST21245,Customer_11245,60,Male,Kolkata,Karnataka,,consumer 
CUST21246,Customer_11246,25,Female,Ahmedabad,Gujarat,West,Small Business
CUST21247,Customer_11247,69,Female,Mumbai,Maharashtra, north ,Consumer
CUST21248,Customer_11248,20,,Mumbai,,South,Consumer
CUST21249,Customer_11249,29,Other,Bengaluru,Karnataka,South,Small Business
CUST21250,Customer_11250,37,Other,Bengaluru,Uttar Pradesh,East,Consumer
CUST21251,Customer_11251,33,Male,Bengaluru,Telangana,West,Corporate
CUST21252,Customer_11252,31,,Pune,Maharashtra,West,Corporate
CUST21253,Customer_11253,33,Female,Delhi,Karnataka,West,Corporate
CUST21254,Customer_11254,66, FEMALE,Hyderabad,Rajasthan, north ,Consumer
CUST21255,Customer_11255,60,Male,Bengaluru,Karnataka,North,CORPORATE
CUST21256,Customer_11256,66,Female,Pune,West Bengal,West,Consumer
CUST21257,Customer_11257,68,Other,,Maharashtra,East,Consumer
CUST21258,Customer_11258,50,Other,Chennai,Telangana,East,Consumer
CUST21259,Customer_11259,47,Female,Hyderabad,Tamil Nadu,West,
CUST21260,Customer_11260,29,male ,Hyderabad,Telangana, north ,Consumer
CUST21261,Customer_11261,32,Male,Jaipur,Maharashtra,East,consumer 
CUST21262,Customer_11262,35,Female,Delhi,Tamil Nadu,North,Consumer
CUST21263,Customer_11263,45,Female,Ahmedabad,Rajasthan,South,Consumer
CUST21264,Customer_11264,40,Male,Hyderabad,Gujarat,SOUTH,Small Business
CUST21265,Customer_11265,31,Male,Bengaluru,Uttar Pradesh,,consumer 
CUST21266,Customer_11266,47,Male,Ahmedabad,Maharashtra,North,Small Business
CUST21267,Customer_11267,50,Female,Ahmedabad,Karnataka,West,Consumer
CUST21268,Customer_11268,62,Male,Kolkata,Delhi,South,consumer 
CUST21269,Customer_11269,32,Female,Delhi,Maharashtra,South,Consumer
CUST21270,Customer_11270,24,Male,Jaipur,Karnataka,East,Consumer
CUST21271,Customer_11271,32,Female,Bengaluru,Maharashtra,South,Consumer
CUST21272,Customer_11272,69,Female,Hyderabad,Maharashtra,North,Consumer
CUST21273,Customer_11273,59,Female,Mumbai,Maharashtra,West,Corporate
CUST21274,Customer_11274,63,Female,Chennai,Karnataka, north ,Corporate
CUST21275,Customer_11275,55,Female,Jaipur,Maharashtra,East,
CUST21276,Customer_11276,63,Female,Bengaluru,Karnataka,North,Corporate
CUST21277,Customer_11277,61, FEMALE,Ahmedabad,Rajasthan,South,Consumer
CUST21278,Customer_11278,28,Male,Mumbai,Maharashtra,North,Small Business
CUST21279,Customer_11279,46,Male,Delhi,Maharashtra,North,Consumer
CUST21280,Customer_11280,48,Female,Kolkata,Delhi, north ,Corporate
CUST21281,Customer_11281,42,Male,Lucknow,Tamil Nadu,East,Consumer
CUST21282,Customer_11282,69, FEMALE,Ahmedabad,Gujarat,North,Consumer
CUST21283,Customer_11283,41,Male,Jaipur,Delhi,South,Corporate
CUST21284,Customer_11284,36,Female,Mumbai,Tamil Nadu,SOUTH,Small Business
CUST21285,Customer_11285,19,Male,Ahmedabad,Rajasthan,East,Consumer
CUST21286,Customer_11286,39,Female,Ahmedabad,West Bengal,East,Small Business
CUST21287,Customer_11287,37,Male,Mumbai,Gujarat,East,consumer 
CUST21288,Customer_11288,50,male ,Pune,Gujarat,North,Consumer
CUST21289,Customer_11289,25,Other,Pune,Delhi,,Small Business
CUST21290,Customer_11290,42,Female,Hyderabad,Telangana,North,Consumer
CUST21291,Customer_11291,63,male ,,Rajasthan,West,Corporate
CUST21292,Customer_11292,26,Female,Delhi,Gujarat,North,Small Business
CUST21293,Customer_11293,51,Other,Pune,Uttar Pradesh,South,Consumer
CUST21294,Customer_11294,40,male ,Mumbai,Maharashtra, north ,Consumer
CUST21295,Customer_11295,22,Male,Chennai,Karnataka,West,Corporate
CUST21296,Customer_11296,42,Female,Jaipur,Uttar Pradesh,South,consumer 
CUST21297,Customer_11297,25,Female,Bengaluru,Tamil Nadu,East,Consumer
CUST21298,Customer_11298,33,Male,Hyderabad,Tamil Nadu,North,Consumer
CUST21299,Customer_11299,65,Male,Ahmedabad,West Bengal,SOUTH,Small Business
CUST21300,Customer_11300,62,Other,Jaipur,Maharashtra,West,Consumer
CUST21301,Customer_11301,69,Other,Pune,Gujarat,South,Consumer
CUST21302,Customer_11302,32,male ,Mumbai,Gujarat,South,Consumer
CUST21303,Customer_11303,18,,Hyderabad,Tamil Nadu,South,Consumer
CUST21304,Customer_11304,39,male ,Jaipur,West Bengal,West,Corporate
CUST21305,Customer_11305,20,Male,Lucknow,Rajasthan,South,Corporate
CUST21306,Customer_11306,55,Male,Bengaluru,Maharashtra,South,Consumer
CUST21307,Customer_11307,31,Male,Kolkata,Maharashtra, north ,Consumer
CUST21308,Customer_11308,53,Male,Delhi,Delhi,North,Consumer
CUST21309,Customer_11309,35,Male,Delhi,Gujarat,South,Small Business
CUST21310,Customer_11310,64,Female,Pune,Karnataka,South,consumer 
CUST21311,Customer_11311,58, FEMALE,Mumbai,Delhi,South,Small Business
CUST21312,Customer_11312,35, FEMALE,Delhi,Tamil Nadu,East,Consumer
CUST21313,Customer_11313,20,Female,Jaipur,Delhi,East,Consumer
CUST21314,Customer_11314,27,Other,Chennai,Delhi,North,Consumer
CUST21315,Customer_11315,66,Female,Lucknow,Tamil Nadu,North,consumer 
CUST21316,Customer_11316,56, FEMALE,Kolkata,Tamil Nadu,North,Consumer
CUST21317,Customer_11317,64,Female,Jaipur,West Bengal,North,consumer 
CUST21318,Customer_11318,18,Male,Bengaluru,Rajasthan,North,Consumer
CUST21319,Customer_11319,44,Other,Bengaluru,Rajasthan,South,Consumer
CUST21320,Customer_11320,44,Female,Pune,Telangana,South,consumer 
CUST21321,Customer_11321,28,Female,Mumbai,Rajasthan,West,Consumer
CUST21322,Customer_11322,66,Male,Lucknow,Karnataka,North,Consumer
CUST21323,Customer_11323,22,Female,Chennai,Telangana,West,Consumer
CUST21324,Customer_11324,24,,Mumbai,Telangana,North,Consumer
CUST21325,Customer_11325,36,Male,Pune,Karnataka,West,Corporate
CUST21326,Customer_11326,46, FEMALE,Ahmedabad,Maharashtra,West,CORPORATE
CUST21327,Customer_11327,32,Male,Delhi,Delhi,East,Corporate
CUST21328,Customer_11328,52,Male,Delhi,Tamil Nadu,North,Consumer
CUST21329,Customer_11329,64,Male,Lucknow,Tamil Nadu,South,Small Business
CUST21330,Customer_11330,54,Female,Delhi,Karnataka,West,Consumer
CUST21331,Customer_11331,29,Male,Delhi,,South,Corporate
CUST21332,Customer_11332,47,Female,Bengaluru,Tamil Nadu,South,Consumer
CUST21333,Customer_11333,37,Male,Chennai,Gujarat,SOUTH,Consumer
CUST21334,Customer_11334,54,Male,Pune,West Bengal,West,Small Business
CUST21335,Customer_11335,20,male ,Chennai,Maharashtra,West,Consumer
CUST21336,Customer_11336,26,Male,Ahmedabad,,North,Corporate
CUST21337,Customer_11337,58,Male,Jaipur,Gujarat,South,consumer 
CUST21338,Customer_11338,56,Male,,Tamil Nadu,South,Consumer
CUST21339,Customer_11339,43,Female,Chennai,Karnataka,East,Consumer
CUST21340,Customer_11340,19,Female,Delhi,Maharashtra,North,Corporate
CUST21341,Customer_11341,40,Male,Ahmedabad,Uttar Pradesh,,Small Business
CUST21342,Customer_11342,40,Male,Delhi,Delhi,West,Consumer
CUST21343,Customer_11343,38,Female,Jaipur,West Bengal,South,Consumer
CUST21344,Customer_11344,33,Male,Delhi,Rajasthan,West,Small Business
CUST21345,Customer_11345,26, FEMALE,Jaipur,Maharashtra,South,Consumer
CUST21346,Customer_11346,30,male ,Ahmedabad,Rajasthan,East,Corporate
CUST21347,Customer_11347,45,Female,Hyderabad,Rajasthan,North,Consumer
CUST21348,Customer_11348,44,Male,Bengaluru,Karnataka,West,Consumer
CUST21349,Customer_11349,68,Female,Mumbai,Tamil Nadu,North,Small Business
CUST21350,Customer_11350,69, FEMALE,Chennai,Uttar Pradesh,West,Consumer
CUST21351,Customer_11351,34,Female,Mumbai,Tamil Nadu,East,Consumer
CUST21352,Customer_11352,55,male ,Kolkata,West Bengal,East,Consumer
CUST21353,Customer_11353,53,Female,Hyderabad,Telangana,SOUTH,Consumer
CUST21354,Customer_11354,18,Female,Bengaluru,Maharashtra,North,Consumer
CUST21355,Customer_11355,35,Male,Chennai,,East,Consumer
CUST21356,Customer_11356,68,Female,Pune,Tamil Nadu,South,Consumer
CUST21357,Customer_11357,26,Male,Mumbai,Karnataka,SOUTH,CORPORATE
CUST21358,Customer_11358,30,male ,Kolkata,Rajasthan,West,Small Business
CUST21359,Customer_11359,57,male ,Ahmedabad,West Bengal,West,CORPORATE
CUST21360,Customer_11360,62,male ,Bengaluru,Maharashtra,North,Consumer
CUST21361,Customer_11361,32,Female,,Gujarat,South,Corporate
CUST21362,Customer_11362,60,Male,Jaipur,Delhi,North,Consumer
CUST21363,Customer_11363,61,Male,Mumbai,West Bengal,West,Consumer
CUST21364,Customer_11364,63,Female,Delhi,Tamil Nadu,South,Consumer
CUST21365,Customer_11365,21, FEMALE,Pune,Karnataka,South,Corporate
CUST21366,Customer_11366,50,Female,Mumbai,Uttar Pradesh,West,Consumer
CUST21367,Customer_11367,41,Male,Mumbai,Rajasthan,West,Consumer
CUST21368,Customer_11368,53,Other,,Uttar Pradesh,North,Consumer
CUST21369,Customer_11369,68,,Bengaluru,Telangana,SOUTH,Consumer
CUST21370,Customer_11370,58,Female,Ahmedabad,Gujarat,North,Consumer
CUST21371,Customer_11371,27,Female,Mumbai,Karnataka,North,Consumer
CUST21372,Customer_11372,53,male ,Lucknow,Tamil Nadu,West,Corporate
CUST21373,Customer_11373,37,Female,Chennai,Gujarat,East,Corporate
CUST21374,Customer_11374,58,Other,Delhi,Delhi,SOUTH,Consumer
CUST21375,Customer_11375,62,Male,Jaipur,Maharashtra,East,Consumer
CUST21376,Customer_11376,61,Female,Ahmedabad,,SOUTH,Consumer
CUST21377,Customer_11377,28,Female,Mumbai,,South,Consumer
CUST21378,Customer_11378,29, FEMALE,Jaipur,Uttar Pradesh,East,Small Business
CUST21379,Customer_11379,35, FEMALE,Hyderabad,Tamil Nadu,,Consumer
CUST21380,Customer_11380,47,Other,Jaipur,Tamil Nadu,South,consumer 
CUST21381,Customer_11381,61,Female,Jaipur,Karnataka,North,Consumer
CUST21382,Customer_11382,65,male ,Delhi,Telangana,North,Small Business
CUST21383,Customer_11383,54,Female,Mumbai,Telangana, north ,consumer 
CUST21384,Customer_11384,37,Female,Chennai,Delhi,East,consumer 
CUST21385,Customer_11385,42,Male,Ahmedabad,Telangana,East,Consumer
CUST21386,Customer_11386,29,male ,Bengaluru,Tamil Nadu,West,Consumer
CUST21387,Customer_11387,38,,Pune,Rajasthan,West,Corporate
CUST21388,Customer_11388,42,Male,Delhi,Tamil Nadu,,Consumer
CUST21389,Customer_11389,28,Male,Jaipur,Gujarat, north ,Small Business
CUST21390,Customer_11390,26,male ,Pune,Telangana,East,Small Business
CUST21391,Customer_11391,67,Female,Jaipur,Telangana,West,Small Business
CUST21392,Customer_11392,42,Other,Ahmedabad,West Bengal,North,Consumer
CUST21393,Customer_11393,52,Male,Mumbai,Maharashtra,North,Corporate
CUST21394,Customer_11394,69,Male,Bengaluru,Telangana, north ,Consumer
CUST21395,Customer_11395,49,Female,,Rajasthan,South,Small Business
CUST21396,Customer_11396,66,Male,Mumbai,Telangana,South,Corporate
CUST21397,Customer_11397,31,Male,Jaipur,Gujarat,West,Corporate
CUST21398,Customer_11398,18,Male,Jaipur,West Bengal,East,consumer 
CUST21399,Customer_11399,34,Male,Kolkata,Maharashtra,North,Small Business
CUST21400,Customer_11400,42,Male,Mumbai,Tamil Nadu,West,Corporate
CUST21401,Customer_11401,25,Other,Mumbai,Uttar Pradesh,East,Consumer
CUST21402,Customer_11402,22,Male,Kolkata,Rajasthan, north ,Consumer
CUST21403,Customer_11403,22,Female,Mumbai,Gujarat,East,Consumer
CUST21404,Customer_11404,58, FEMALE,Kolkata,Uttar Pradesh,South,Consumer
CUST21405,Customer_11405,52,Female,Chennai,Delhi,South,Corporate
CUST21406,Customer_11406,36,Female,Hyderabad,Maharashtra,North,Small Business
CUST21407,Customer_11407,40,Female,Bengaluru,Rajasthan,North,
CUST21408,Customer_11408,26,male ,Ahmedabad,Maharashtra,North,Consumer
CUST21409,Customer_11409,47, FEMALE,Chennai,West Bengal,SOUTH,
CUST21410,Customer_11410,67,Female,Pune,Uttar Pradesh, north ,Consumer
CUST21411,Customer_11411,33, FEMALE,Ahmedabad,West Bengal,East,Corporate
CUST21412,Customer_11412,50,Female,Kolkata,Telangana,North,
CUST21413,Customer_11413,19,Male,Ahmedabad,Rajasthan,North,Corporate
CUST21414,Customer_11414,31, FEMALE,Delhi,Maharashtra,South,Consumer
CUST21415,Customer_11415,63,Female,Lucknow,Uttar Pradesh, north ,Corporate
CUST21416,Customer_11416,18, FEMALE,Bengaluru,Rajasthan,East,consumer 
CUST21417,Customer_11417,43,Male,Lucknow,Tamil Nadu,West,CORPORATE
CUST21418,Customer_11418,42,Female,Lucknow,Karnataka,East,Consumer
CUST21419,Customer_11419,33,Other,Bengaluru,Uttar Pradesh,East,Small Business
CUST21420,Customer_11420,32,Male,Hyderabad,Tamil Nadu,East,CORPORATE
CUST21421,Customer_11421,43,Other,Jaipur,Delhi,North,Consumer
CUST21422,Customer_11422,64,Other,Delhi,Gujarat,South,Corporate
CUST21423,Customer_11423,61, FEMALE,Jaipur,Uttar Pradesh, north ,
CUST21424,Customer_11424,33,Female,Delhi,West Bengal,East,Consumer
CUST21425,Customer_11425,31,Female,Ahmedabad,Telangana,South,Corporate
CUST21426,Customer_11426,46, FEMALE,Bengaluru,Gujarat,East,Corporate
CUST21427,Customer_11427,41,male ,Pune,Uttar Pradesh,South,Consumer
CUST21428,Customer_11428,64,Female,Delhi,Tamil Nadu,East,Small Business
CUST21429,Customer_11429,32,,Bengaluru,Rajasthan,North,Consumer
CUST21430,Customer_11430,36,Female,Hyderabad,Karnataka,SOUTH,Corporate
CUST21431,Customer_11431,25,Other,Chennai,Maharashtra,North,Corporate
CUST21432,Customer_11432,51,Male,Delhi,Karnataka,East,Consumer
CUST21433,Customer_11433,19,Male,Ahmedabad,Karnataka,North,Consumer
CUST21434,Customer_11434,44,Female,Delhi,Uttar Pradesh,North,Corporate
CUST21435,Customer_11435,27,Female,Jaipur,Maharashtra,West,Consumer
CUST21436,Customer_11436,52,male ,Chennai,Uttar Pradesh,,Consumer
CUST21437,Customer_11437,40,Male,Chennai,Tamil Nadu,West,Consumer
CUST21438,Customer_11438,66,Other,,Telangana,South,consumer 
CUST21439,Customer_11439,25,Male,Pune,Karnataka,East,Consumer
CUST21440,Customer_11440,45,Female,Chennai,Tamil Nadu,North,Consumer
CUST21441,Customer_11441,40,Male,Mumbai,Karnataka,East,Small Business
CUST21442,Customer_11442,21,Female,Mumbai,Telangana,North,Consumer
CUST21443,Customer_11443,31,Male,Delhi,Uttar Pradesh,West,Corporate
CUST21444,Customer_11444,59,Male,Delhi,West Bengal,North,Small Business
CUST21445,Customer_11445,46,Female,Delhi,Uttar Pradesh,North,Consumer
CUST21446,Customer_11446,18,Male,Mumbai,Rajasthan, north ,Consumer
CUST21447,Customer_11447,21,Male,Kolkata,Uttar Pradesh,SOUTH,Consumer
CUST21448,Customer_11448,49,male ,Bengaluru,Maharashtra,North,
CUST21449,Customer_11449,50,Male,Bengaluru,,South,Small Business
CUST21450,Customer_11450,66,Female,Mumbai,Tamil Nadu,West,Consumer
CUST21451,Customer_11451,43,Male,Pune,Rajasthan,East,Consumer
CUST21452,Customer_11452,34,Male,Bengaluru,Rajasthan,SOUTH,Corporate
CUST21453,Customer_11453,56,Female,Kolkata,West Bengal,South,Consumer
CUST21454,Customer_11454,40,Male,Jaipur,,North,Consumer
CUST21455,Customer_11455,49, FEMALE,Pune,Maharashtra,North,Consumer
CUST21456,Customer_11456,69, FEMALE,Bengaluru,Telangana,East,Small Business
CUST21457,Customer_11457,32,Male,Chennai,Maharashtra,West,consumer 
CUST21458,Customer_11458,30,,Bengaluru,Maharashtra,West,Consumer
CUST21459,Customer_11459,19,Male,Ahmedabad,Rajasthan,SOUTH,Consumer
CUST21460,Customer_11460,36,Male,Jaipur,Delhi,North,Consumer
CUST21461,Customer_11461,41,Male,Chennai,Gujarat,West,Consumer
CUST21462,Customer_11462,62,Female,Ahmedabad,West Bengal,West,Consumer
CUST21463,Customer_11463,41,Female,Pune,Telangana,West,Consumer
CUST21464,Customer_11464,28,Male,Bengaluru,Karnataka,South,Consumer
CUST21465,Customer_11465,39,male ,Delhi,Maharashtra,West,Consumer
CUST21466,Customer_11466,32,Female,Pune,Gujarat,East,Consumer
CUST21467,Customer_11467,27,Male,Ahmedabad,Rajasthan,East,Corporate
CUST21468,Customer_11468,58,Female,Ahmedabad,Karnataka,South,Corporate
CUST21469,Customer_11469,44,Other,Pune,Delhi,,Small Business
CUST21470,Customer_11470,26,Male,Hyderabad,Karnataka,West,Consumer
CUST21471,Customer_11471,69,Male,Kolkata,Maharashtra,North,Consumer
CUST21472,Customer_11472,45,Female,Jaipur,Uttar Pradesh,South,Consumer
CUST21473,Customer_11473,18,Female,Hyderabad,Rajasthan,South,Small Business
CUST21474,Customer_11474,34,Female,Chennai,Tamil Nadu,West,Consumer
CUST21475,Customer_11475,48,Male,Kolkata,Gujarat,West,Consumer
CUST21476,Customer_11476,61,Female,Ahmedabad,Maharashtra,East,Consumer
CUST21477,Customer_11477,27,Female,,Telangana,West,
CUST21478,Customer_11478,54,Female,Delhi,Rajasthan,South,CORPORATE
CUST21479,Customer_11479,46,Male,Mumbai,Delhi,South,Corporate
CUST21480,Customer_11480,35,Female,Lucknow,Telangana,South,Consumer
CUST21481,Customer_11481,64,Male,Lucknow,West Bengal,North,Small Business
CUST21482,Customer_11482,55,Female,Hyderabad,Telangana,West,Corporate
CUST21483,Customer_11483,56,Other,Pune,Tamil Nadu,,Small Business
CUST21484,Customer_11484,66,Female,Ahmedabad,West Bengal,South,consumer 
CUST21485,Customer_11485,23,Male,Ahmedabad,Telangana,SOUTH,Consumer
CUST21486,Customer_11486,57,Female,Jaipur,Maharashtra,East,consumer 
CUST21487,Customer_11487,29,male ,Mumbai,Maharashtra,North,consumer 
CUST21488,Customer_11488,31,male ,Jaipur,Tamil Nadu,,Corporate
CUST21489,Customer_11489,61,Female,Delhi,Maharashtra,,Small Business
CUST21490,Customer_11490,27,Male,Ahmedabad,Gujarat,West,Consumer
CUST21491,Customer_11491,37,Female,Mumbai,Uttar Pradesh,North,Corporate
CUST21492,Customer_11492,32,Female,Kolkata,Karnataka,South,Corporate
CUST21493,Customer_11493,48,,Pune,Uttar Pradesh, north ,Consumer
CUST21494,Customer_11494,24,Female,Jaipur,Tamil Nadu,North,Consumer
CUST21495,Customer_11495,58,Female,Pune,Maharashtra,West,Corporate
CUST21496,Customer_11496,27,Female,Delhi,West Bengal,North,CORPORATE
CUST21497,Customer_11497,27,Male,Kolkata,Rajasthan,East,Consumer
CUST21498,Customer_11498,65,male ,Hyderabad,Delhi,East,Consumer
CUST21499,Customer_11499,56,Female,Bengaluru,Karnataka,East,Small Business
CUST21500,Customer_11500,45,,,Delhi,South,Consumer
CUST21501,Customer_11501,47,Female,Pune,Karnataka,South,
CUST21502,Customer_11502,54,Male,Jaipur,Karnataka,West,Corporate
CUST21503,Customer_11503,20,Female,Chennai,West Bengal,South,consumer 
CUST21504,Customer_11504,67,Male,,Maharashtra,East,Small Business
CUST21505,Customer_11505,60,Male,Jaipur,Delhi, north ,Small Business
CUST21506,Customer_11506,32,Male,Kolkata,Karnataka,West,Consumer
CUST21507,Customer_11507,38,Female,,Uttar Pradesh,North,Consumer
CUST21508,Customer_11508,69,Female,Chennai,Telangana,West,Consumer
CUST21509,Customer_11509,54,Male,Kolkata,Telangana,East,consumer 
CUST21510,Customer_11510,29,Female,Lucknow,Tamil Nadu,South,Small Business
CUST21511,Customer_11511,21,Female,Hyderabad,Uttar Pradesh,South,Consumer
CUST21512,Customer_11512,64,Other,Chennai,Tamil Nadu,South,Consumer
CUST21513,Customer_11513,26,Female,Ahmedabad,Delhi,East,Consumer
CUST21514,Customer_11514,56,Female,Delhi,Maharashtra,West,Small Business
CUST21515,Customer_11515,59,Male,Bengaluru,Maharashtra, north ,Consumer
CUST21516,Customer_11516,45,male ,Chennai,Tamil Nadu,West,Consumer
CUST21517,Customer_11517,40,Female,Delhi,Delhi,East,Corporate
CUST21518,Customer_11518,62, FEMALE,Ahmedabad,Karnataka,SOUTH,Consumer
CUST21519,Customer_11519,57,Male,Bengaluru,West Bengal,East,Consumer
CUST21520,Customer_11520,61,Female,Bengaluru,Karnataka,East,Consumer
CUST21521,Customer_11521,39,Female,Lucknow,Rajasthan, north ,CORPORATE
CUST21522,Customer_11522,41,Male,Bengaluru,Telangana,North,Consumer
CUST21523,Customer_11523,68,Female,Kolkata,,North,Corporate
CUST21524,Customer_11524,43,Other,Lucknow,Gujarat,West,Corporate
CUST21525,Customer_11525,47,Female,Lucknow,Uttar Pradesh, north ,Corporate
CUST21526,Customer_11526,50,,Jaipur,Gujarat,North,Consumer
CUST21527,Customer_11527,33,Male,Delhi,Maharashtra,West,Consumer
CUST21528,Customer_11528,39,Female,Delhi,Uttar Pradesh,South,Consumer
CUST21529,Customer_11529,66,Female,Bengaluru,Karnataka,West,Consumer
CUST21530,Customer_11530,67,Female,Delhi,Uttar Pradesh,North,Corporate
CUST21531,Customer_11531,60,Other,Chennai,Telangana,,Consumer
CUST21532,Customer_11532,35,Male,Hyderabad,Karnataka, north ,Consumer
CUST21533,Customer_11533,24, FEMALE,Pune,Gujarat,South,Consumer
CUST21534,Customer_11534,67,Female,Bengaluru,Maharashtra, north ,Corporate
CUST21535,Customer_11535,43,Male,Chennai,Uttar Pradesh, north ,consumer 
CUST21536,Customer_11536,25, FEMALE,Bengaluru,Rajasthan,East,Consumer
CUST21537,Customer_11537,23,Female,Mumbai,Karnataka,SOUTH,Consumer
CUST21538,Customer_11538,47,male ,Kolkata,Telangana,,Consumer
CUST21539,Customer_11539,56,Female,Kolkata,Maharashtra,North,Consumer
CUST21540,Customer_11540,40, FEMALE,Lucknow,Gujarat,North,Consumer
CUST21541,Customer_11541,49,Female,Ahmedabad,Gujarat,South,Consumer
CUST21542,Customer_11542,39,Male,Kolkata,Uttar Pradesh,East,consumer 
CUST21543,Customer_11543,59,Female,Kolkata,Gujarat,North,Small Business
CUST21544,Customer_11544,60,Male,Delhi,Delhi,North,CORPORATE
CUST21545,Customer_11545,62,Female,Delhi,Telangana,,Consumer
CUST21546,Customer_11546,26,Male,Lucknow,Karnataka,West,consumer 
CUST21547,Customer_11547,48,Male,Mumbai,West Bengal, north ,Small Business
CUST21548,Customer_11548,24,Male,Hyderabad,Maharashtra,,consumer 
CUST21549,Customer_11549,26,Female,Mumbai,West Bengal,South,Consumer
CUST21550,Customer_11550,30,Female,Mumbai,Rajasthan,West,Corporate
CUST21551,Customer_11551,20,Female,Jaipur,Maharashtra,North,Corporate
CUST21552,Customer_11552,52,Male,Bengaluru,Maharashtra,East,Corporate
CUST21553,Customer_11553,50,Female,Hyderabad,Delhi,North,Corporate
CUST21554,Customer_11554,38,Female,Mumbai,Uttar Pradesh,North,Small Business
CUST21555,Customer_11555,48,Male,Kolkata,Karnataka,North,CORPORATE
CUST21556,Customer_11556,69, FEMALE,Jaipur,Maharashtra,East,Small Business
CUST21557,Customer_11557,51,Female,Hyderabad,Uttar Pradesh,SOUTH,consumer 
CUST21558,Customer_11558,49,Female,Jaipur,Maharashtra,North,Corporate
CUST21559,Customer_11559,52,Male,Mumbai,Telangana,East,Small Business
CUST21560,Customer_11560,32,Male,Kolkata,Uttar Pradesh,West,Consumer
CUST21561,Customer_11561,49, FEMALE,Jaipur,West Bengal,East,Consumer
CUST21562,Customer_11562,23,male ,Ahmedabad,Tamil Nadu,SOUTH,consumer 
CUST21563,Customer_11563,62,Male,Mumbai,Maharashtra,North,consumer 
CUST21564,Customer_11564,38,Male,Delhi,Maharashtra,North,Small Business
CUST21565,Customer_11565,50,Female,Bengaluru,West Bengal,South,Small Business
CUST21566,Customer_11566,49,Female,Mumbai,Delhi,East,Consumer
CUST21567,Customer_11567,69, FEMALE,Mumbai,Gujarat,South,Consumer
CUST21568,Customer_11568,36,Male,Bengaluru,Karnataka,North,Small Business
CUST21569,Customer_11569,50,Female,Hyderabad,Telangana,West,Consumer
CUST21570,Customer_11570,45,Male,Ahmedabad,Karnataka,North,Consumer
CUST21571,Customer_11571,48,Female,Mumbai,Gujarat,South,Consumer
CUST21572,Customer_11572,38,Male,Ahmedabad,Rajasthan,SOUTH,Consumer
CUST21573,Customer_11573,51, FEMALE,Lucknow,Telangana,East,Consumer
CUST21574,Customer_11574,32,Female,Ahmedabad,West Bengal,East,Consumer
CUST21575,Customer_11575,31, FEMALE,Ahmedabad,Telangana,South,CORPORATE
CUST21576,Customer_11576,36,Male,Jaipur,Tamil Nadu,East,consumer 
CUST21577,Customer_11577,60,Male,Jaipur,Karnataka,West,Consumer
CUST21578,Customer_11578,32,Male,Hyderabad,Telangana,,Small Business
CUST21579,Customer_11579,23,Female,Chennai,Karnataka,West,Consumer
CUST21580,Customer_11580,69,male ,Ahmedabad,Delhi,West,Small Business
CUST21581,Customer_11581,26,Female,Hyderabad,Delhi,North,Consumer
CUST21582,Customer_11582,54,Male,Delhi,Maharashtra,North,Small Business
CUST21583,Customer_11583,37,Male,Jaipur,Karnataka,West,Corporate
CUST21584,Customer_11584,51,Male,Pune,Gujarat,South,Consumer
CUST21585,Customer_11585,55,male ,Lucknow,West Bengal, north ,Small Business
CUST21586,Customer_11586,43,Female,,Gujarat,East,Corporate
CUST21587,Customer_11587,35,Female,Pune,Karnataka,East,Small Business
CUST21588,Customer_11588,45,Female,Bengaluru,Telangana,West,Consumer
CUST21589,Customer_11589,68,Male,Ahmedabad,Rajasthan,West,Corporate
CUST21590,Customer_11590,26,Male,Delhi,West Bengal,West,Consumer
CUST21591,Customer_11591,49,Female,Lucknow,Tamil Nadu,West,consumer 
CUST21592,Customer_11592,23,Female,Delhi,West Bengal,East,CORPORATE
CUST21593,Customer_11593,31,Male,Delhi,West Bengal,SOUTH,Consumer
CUST21594,Customer_11594,45,Male,Mumbai,Uttar Pradesh, north ,Small Business
CUST21595,Customer_11595,41,Male,Bengaluru,Rajasthan,South,Consumer
CUST21596,Customer_11596,30,Male,Pune,Gujarat,West,consumer 
CUST21597,Customer_11597,60,Male,Mumbai,Gujarat, north ,Consumer
CUST21598,Customer_11598,29,Male,Hyderabad,Telangana,East,Consumer
CUST21599,Customer_11599,68,Female,Mumbai,Delhi,East,Consumer
CUST21600,Customer_11600,36,Male,Lucknow,Delhi,West,Small Business
CUST21601,Customer_11601,38,Male,Delhi,Maharashtra,North,Consumer
CUST21602,Customer_11602,44, FEMALE,Hyderabad,Delhi,North,Corporate
CUST21603,Customer_11603,36,Female,Kolkata,Telangana,West,Corporate
CUST21604,Customer_11604,41,Other,Ahmedabad,Delhi,East,Consumer
CUST21605,Customer_11605,43,Male,Ahmedabad,West Bengal,North,Corporate
CUST21606,Customer_11606,62,Female,Ahmedabad,Maharashtra,South,Consumer
CUST21607,Customer_11607,45,Male,Delhi,Tamil Nadu,South,consumer 
CUST21608,Customer_11608,63,Female,Lucknow,Maharashtra, north ,Consumer
CUST21609,Customer_11609,35,Male,Jaipur,Uttar Pradesh,East,consumer 
CUST21610,Customer_11610,61,Male,Ahmedabad,Uttar Pradesh,East,Corporate
CUST21611,Customer_11611,53,Other,Bengaluru,Telangana,South,Corporate
CUST21612,Customer_11612,59,Female,,Gujarat,,Consumer
CUST21613,Customer_11613,46,Other,Hyderabad,Maharashtra,SOUTH,Consumer
CUST21614,Customer_11614,34,Male,Kolkata,Uttar Pradesh,West,Corporate
CUST21615,Customer_11615,21,Male,Hyderabad,Tamil Nadu,East,Consumer
CUST21616,Customer_11616,61,Female,Hyderabad,Karnataka,West,Consumer
CUST21617,Customer_11617,62,Female,Pune,Delhi,North,Consumer
CUST21618,Customer_11618,46,Female,Hyderabad,Maharashtra,North,Consumer
CUST21619,Customer_11619,21,Other,Lucknow,Gujarat,South,Consumer
CUST21620,Customer_11620,27,Male,Kolkata,West Bengal,North,
CUST21621,Customer_11621,42,Female,Kolkata,Maharashtra,South,Corporate
CUST21622,Customer_11622,48,Male,Mumbai,Tamil Nadu,East,Small Business
CUST21623,Customer_11623,20,Male,Ahmedabad,Maharashtra,South,Consumer
CUST21624,Customer_11624,64,Female,Kolkata,Delhi, north ,Consumer
CUST21625,Customer_11625,19,Female,Mumbai,Gujarat,,Corporate
CUST21626,Customer_11626,42,Male,Jaipur,Telangana,,Small Business
CUST21627,Customer_11627,66,Male,Mumbai,Telangana,South,Corporate
CUST21628,Customer_11628,23,Female,Delhi,Gujarat,East,Corporate
CUST21629,Customer_11629,43,Female,Chennai,Telangana,North,Consumer
CUST21630,Customer_11630,25,Male,Pune,Karnataka,East,
CUST21631,Customer_11631,52,Male,Mumbai,Karnataka,SOUTH,Corporate
CUST21632,Customer_11632,44,Male,Bengaluru,West Bengal,West,Consumer
CUST21633,Customer_11633,42,Other,Ahmedabad,Tamil Nadu,South,Consumer
CUST21634,Customer_11634,35,Other,Bengaluru,Delhi,South,Consumer
CUST21635,Customer_11635,18,Female,Mumbai,Rajasthan,South,Consumer
CUST21636,Customer_11636,65,,,Uttar Pradesh,North,Small Business
CUST21637,Customer_11637,56,Female,Bengaluru,West Bengal, north ,Consumer
CUST21638,Customer_11638,20,Male,Kolkata,Gujarat,South,Consumer
CUST21639,Customer_11639,21,Male,Mumbai,Karnataka,East,Corporate
CUST21640,Customer_11640,58,Other,Pune,Maharashtra,South,Corporate
CUST21641,Customer_11641,54,Female,Hyderabad,Rajasthan,North,Consumer
CUST21642,Customer_11642,68, FEMALE,Ahmedabad,Maharashtra, north ,Corporate
CUST21643,Customer_11643,32, FEMALE,Hyderabad,Delhi,North,Consumer
CUST21644,Customer_11644,25,Female,Pune,Delhi,South,Consumer
CUST21645,Customer_11645,55,Male,Ahmedabad,Uttar Pradesh,West,
CUST21646,Customer_11646,67,Male,,Delhi,South,Small Business
CUST21647,Customer_11647,36,Male,Delhi,Karnataka,South,Consumer
CUST21648,Customer_11648,64,Male,Lucknow,Maharashtra,East,Corporate
CUST21649,Customer_11649,43,Female,Hyderabad,Uttar Pradesh,,Consumer
CUST21650,Customer_11650,56,Male,Pune,Tamil Nadu,West,Consumer
CUST21651,Customer_11651,27,Male,Hyderabad,Maharashtra,SOUTH,Small Business
CUST21652,Customer_11652,55,Female,Hyderabad,Uttar Pradesh,West,Consumer
CUST21653,Customer_11653,31,Male,Mumbai,Uttar Pradesh,South,consumer 
CUST21654,Customer_11654,66,Female,Pune,Tamil Nadu,South,Consumer
CUST21655,Customer_11655,58,Female,Pune,Karnataka,West,Small Business
CUST21656,Customer_11656,36,Female,Mumbai,West Bengal,South,Consumer
CUST21657,Customer_11657,47,Other,Pune,Gujarat,South,Corporate
CUST21658,Customer_11658,22,Male,Ahmedabad,Delhi,SOUTH,Consumer
CUST21659,Customer_11659,48,Male,Jaipur,Karnataka,North,Consumer
CUST21660,Customer_11660,24, FEMALE,Chennai,Karnataka,East,Small Business
CUST21661,Customer_11661,36,Female,Ahmedabad,West Bengal,West,consumer 
CUST21662,Customer_11662,48,male ,Pune,Rajasthan,West,consumer 
CUST21663,Customer_11663,69,Male,Mumbai,Maharashtra,South,Consumer
CUST21664,Customer_11664,56,male ,Pune,Maharashtra,East,Small Business
CUST21665,Customer_11665,41,Other,Mumbai,Gujarat,North,Small Business
CUST21666,Customer_11666,51,Female,Jaipur,Uttar Pradesh,East,Consumer
CUST21667,Customer_11667,40,Male,Ahmedabad,Gujarat,East,Consumer
CUST21668,Customer_11668,65, FEMALE,,Uttar Pradesh, north ,Consumer
CUST21669,Customer_11669,62,male ,Hyderabad,Telangana,North,Consumer
CUST21670,Customer_11670,57,Female,Hyderabad,Maharashtra,West,consumer 
CUST21671,Customer_11671,23,Male,Bengaluru,West Bengal,West,Consumer
CUST21672,Customer_11672,55,male ,Lucknow,Karnataka,West,Consumer
CUST21673,Customer_11673,58,Male,Pune,Telangana,South,Consumer
CUST21674,Customer_11674,53,Male,Delhi,Telangana,South,Corporate
CUST21675,Customer_11675,44,Female,Lucknow,Gujarat,West,Consumer
CUST21676,Customer_11676,28,Male,Mumbai,Delhi,,Consumer
CUST21677,Customer_11677,22,Female,Ahmedabad,Maharashtra,South,Small Business
CUST21678,Customer_11678,34,Female,Hyderabad,West Bengal,SOUTH,Small Business
CUST21679,Customer_11679,69,Male,Pune,Gujarat,East,Consumer
CUST21680,Customer_11680,24,Female,Delhi,Gujarat, north ,CORPORATE
CUST21681,Customer_11681,44,Other,Bengaluru,Tamil Nadu,North,Small Business
CUST21682,Customer_11682,64,Male,Lucknow,Delhi,West,Small Business
CUST21683,Customer_11683,32,Female,Chennai,Telangana,West,Small Business
CUST21684,Customer_11684,63,Male,Ahmedabad,Gujarat,West,Consumer
CUST21685,Customer_11685,30,Female,Pune,Tamil Nadu,West,Consumer
CUST21686,Customer_11686,28,Male,Ahmedabad,Uttar Pradesh,South,consumer 
CUST21687,Customer_11687,62,Male,,Karnataka,East,Consumer
CUST21688,Customer_11688,43,Male,Chennai,Delhi,South,Small Business
CUST21689,Customer_11689,39,,,West Bengal,,Consumer
CUST21690,Customer_11690,45,Female,Lucknow,Uttar Pradesh,South,Consumer
CUST21691,Customer_11691,41,Female,Mumbai,,South,Consumer
CUST21692,Customer_11692,46,Female,Ahmedabad,Gujarat,West,Corporate
CUST21693,Customer_11693,26,Female,Pune,Tamil Nadu,West,Corporate
CUST21694,Customer_11694,59,Female,Jaipur,West Bengal,North,Consumer
CUST21695,Customer_11695,21,Male,Delhi,Uttar Pradesh,West,Corporate
CUST21696,Customer_11696,66,Female,Jaipur,Delhi,South,Consumer
CUST21697,Customer_11697,63,Male,Bengaluru,Gujarat,North,Small Business
CUST21698,Customer_11698,35,Male,Lucknow,Tamil Nadu,West,Corporate
CUST21699,Customer_11699,60,Female,Chennai,Gujarat,South,Consumer
CUST21700,Customer_11700,33, FEMALE,Bengaluru,Uttar Pradesh,East,Corporate
CUST21701,Customer_11701,50,Male,Ahmedabad,Maharashtra,North,Corporate
CUST21702,Customer_11702,46,Male,Jaipur,Maharashtra,East,CORPORATE
CUST21703,Customer_11703,56,Male,,Karnataka,North,Consumer
CUST21704,Customer_11704,27,Other,Hyderabad,Karnataka,North,Consumer
CUST21705,Customer_11705,26,male ,Kolkata,Telangana,South,Corporate
CUST21706,Customer_11706,48,Female,Pune,West Bengal,West,Corporate
CUST21707,Customer_11707,45,Other,Kolkata,Telangana,North,consumer 
CUST21708,Customer_11708,20,Female,Delhi,Delhi,North,Consumer
CUST21709,Customer_11709,31,,Bengaluru,,North,Corporate
CUST21710,Customer_11710,42,Male,Ahmedabad,Telangana,South,Consumer
CUST21711,Customer_11711,32,Male,Hyderabad,Gujarat,South,Consumer
CUST21712,Customer_11712,19,Female,Ahmedabad,Delhi,South,Small Business
CUST21713,Customer_11713,41,Male,Mumbai,Uttar Pradesh,,consumer 
CUST21714,Customer_11714,31,Female,,Maharashtra,North,Small Business
CUST21715,Customer_11715,65,Male,Kolkata,Rajasthan,South,Corporate
CUST21716,Customer_11716,24,Female,Jaipur,Rajasthan,,Corporate
CUST21717,Customer_11717,53,Male,Hyderabad,Gujarat,North,Corporate
CUST21718,Customer_11718,67,Male,Ahmedabad,Karnataka,West,Corporate
CUST21719,Customer_11719,41,Other,Pune,Maharashtra,South,consumer 
CUST21720,Customer_11720,44, FEMALE,Kolkata,Gujarat, north ,Consumer
CUST21721,Customer_11721,54,Other,Delhi,Karnataka,SOUTH,Consumer
CUST21722,Customer_11722,55,Female,Kolkata,Maharashtra,South,Corporate
CUST21723,Customer_11723,47,Female,Ahmedabad,Tamil Nadu,North,Small Business
CUST21724,Customer_11724,44,Female,Mumbai,Maharashtra,South,Small Business
CUST21725,Customer_11725,56,Male,Jaipur,Karnataka,SOUTH,Consumer
CUST21726,Customer_11726,32,Male,Delhi,Telangana,South,Consumer
CUST21727,Customer_11727,43,Male,Ahmedabad,Karnataka,,consumer 
CUST21728,Customer_11728,18, FEMALE,,Telangana,,Consumer
CUST21729,Customer_11729,21,Male,Hyderabad,Telangana,South,Consumer
CUST21730,Customer_11730,46,Other,Delhi,Uttar Pradesh,West,Consumer
CUST21731,Customer_11731,18,Female,Kolkata,Gujarat,North,CORPORATE
CUST21732,Customer_11732,60,Female,Delhi,Maharashtra,East,Consumer
CUST21733,Customer_11733,67,Male,Chennai,Uttar Pradesh,South,Corporate
CUST21734,Customer_11734,63,Male,Bengaluru,Gujarat,South,Small Business
CUST21735,Customer_11735,39,Other,Chennai,Rajasthan,East,Corporate
CUST21736,Customer_11736,28,Male,Delhi,,East,Consumer
CUST21737,Customer_11737,27,Male,Delhi,Karnataka,West,Consumer
CUST21738,Customer_11738,34,Male,Delhi,Uttar Pradesh,West,Small Business
CUST21739,Customer_11739,53,Male,Pune,Rajasthan,,Corporate
CUST21740,Customer_11740,64,Male,Pune,Karnataka,West,Consumer
CUST21741,Customer_11741,43,Female,Mumbai,Rajasthan,West,Consumer
CUST21742,Customer_11742,65,Female,Kolkata,Tamil Nadu,South,Consumer
CUST21743,Customer_11743,38,Female,Ahmedabad,Maharashtra,North,Consumer
CUST21744,Customer_11744,30,Male,Bengaluru,Maharashtra,North,Corporate
CUST21745,Customer_11745,26,male ,Lucknow,Rajasthan,East,Consumer
CUST21746,Customer_11746,28,male ,Kolkata,Rajasthan,West,Small Business
CUST21747,Customer_11747,28,Male,Delhi,Tamil Nadu,West,Consumer
CUST21748,Customer_11748,23,Female,Hyderabad,Tamil Nadu,SOUTH,Corporate
CUST21749,Customer_11749,18,Male,Chennai,Maharashtra,South,Consumer
CUST21750,Customer_11750,23,male ,Jaipur,Telangana,West,Consumer
CUST21751,Customer_11751,30,Female,Bengaluru,Gujarat, north ,Small Business
CUST21752,Customer_11752,39, FEMALE,,Gujarat,South,Consumer
CUST21753,Customer_11753,48,Male,Kolkata,Rajasthan,East,Small Business
CUST21754,Customer_11754,39,Female,Hyderabad,,SOUTH,Corporate
CUST21755,Customer_11755,54,Male,Delhi,Gujarat,East,Consumer
CUST21756,Customer_11756,64,Male,Mumbai,Maharashtra,West,Consumer
CUST21757,Customer_11757,44,Female,Chennai,Telangana,SOUTH,Consumer
CUST21758,Customer_11758,67,Male,Chennai,Maharashtra,East,Small Business
CUST21759,Customer_11759,69,Female,Jaipur,Tamil Nadu,North,Consumer
CUST21760,Customer_11760,31,Female,Jaipur,Uttar Pradesh,West,Small Business
CUST21761,Customer_11761,64,male ,Mumbai,Maharashtra,West,Corporate
CUST21762,Customer_11762,22,Male,Pune,Gujarat,North,Consumer
CUST21763,Customer_11763,53, FEMALE,Delhi,West Bengal,East,consumer 
CUST21764,Customer_11764,49,,Hyderabad,Uttar Pradesh,East,CORPORATE
CUST21765,Customer_11765,51,Other,Jaipur,Delhi, north ,Consumer
CUST21766,Customer_11766,24,male ,Hyderabad,Delhi,South,Consumer
CUST21767,Customer_11767,59,male ,Lucknow,West Bengal,South,Small Business
CUST21768,Customer_11768,65,Female,Ahmedabad,Uttar Pradesh,East,
CUST21769,Customer_11769,27,Male,Pune,Gujarat,East,consumer 
CUST21770,Customer_11770,67,Female,Mumbai,Rajasthan,SOUTH,Consumer
CUST21771,Customer_11771,34,Female,,Maharashtra,SOUTH,Corporate
CUST21772,Customer_11772,47,,Delhi,Maharashtra,North,Corporate
CUST21773,Customer_11773,38,Female,Pune,Gujarat,South,Corporate
CUST21774,Customer_11774,30,Male,Lucknow,Maharashtra,North,Corporate
CUST21775,Customer_11775,18,Female,Pune,Rajasthan,South,Consumer
CUST21776,Customer_11776,18,Other,Jaipur,Tamil Nadu,,Corporate
CUST21777,Customer_11777,64,Male,Lucknow,Telangana,East,Small Business
CUST21778,Customer_11778,50,Male,Lucknow,Telangana,North,Corporate
CUST21779,Customer_11779,55,Female,Bengaluru,Gujarat,North,Corporate
CUST21780,Customer_11780,42,Male,Ahmedabad,Gujarat,North,Consumer
CUST21781,Customer_11781,43,Male,Kolkata,Gujarat,East,Corporate
CUST21782,Customer_11782,30,Male,Bengaluru,Telangana,West,Consumer
CUST21783,Customer_11783,45, FEMALE,,Maharashtra,South,Consumer
CUST21784,Customer_11784,50,Male,Ahmedabad,,North,Small Business
CUST21785,Customer_11785,54,Female,Pune,Maharashtra,West,Corporate
CUST21786,Customer_11786,58,male ,Lucknow,Tamil Nadu, north ,Corporate
CUST21787,Customer_11787,47,Other,Bengaluru,Karnataka,South,CORPORATE
CUST21788,Customer_11788,66,,Hyderabad,Tamil Nadu,,Consumer
CUST21789,Customer_11789,65,Female,Mumbai,Karnataka,North,Consumer
CUST21790,Customer_11790,25,Other,Chennai,Gujarat,North,Consumer
CUST21791,Customer_11791,66,Male,Chennai,Gujarat,West,Consumer
CUST21792,Customer_11792,64,Female,Mumbai,Telangana,South,Corporate
CUST21793,Customer_11793,18,Female,Kolkata,Delhi,East,Small Business
CUST21794,Customer_11794,29,Male,Delhi,Rajasthan,SOUTH,Consumer
CUST21795,Customer_11795,22,Female,Delhi,Telangana,West,Consumer
CUST21796,Customer_11796,41,Male,Hyderabad,,South,Corporate
CUST21797,Customer_11797,23, FEMALE,Hyderabad,Delhi,South,Consumer
CUST21798,Customer_11798,42,Male,Bengaluru,Maharashtra,North,Small Business
CUST21799,Customer_11799,18,Female,Bengaluru,Rajasthan,West,Consumer
CUST21800,Customer_11800,42,Male,Bengaluru,Uttar Pradesh,North,Corporate
CUST21801,Customer_11801,18,Male,Mumbai,Tamil Nadu,North,Consumer
CUST21802,Customer_11802,49,,Hyderabad,Karnataka,North,Consumer
CUST21803,Customer_11803,59,Female,Ahmedabad,Karnataka,South,Consumer
CUST21804,Customer_11804,59,Other,Mumbai,Karnataka,West,Consumer
CUST21805,Customer_11805,20,Male,Kolkata,Maharashtra, north ,Small Business
CUST21806,Customer_11806,66,Male,Mumbai,Gujarat,,Consumer
CUST21807,Customer_11807,36,Female,Hyderabad,Delhi,West,consumer 
CUST21808,Customer_11808,60,Female,Bengaluru,Telangana,North,consumer 
CUST21809,Customer_11809,46,Male,Ahmedabad,Uttar Pradesh,South,Consumer
CUST21810,Customer_11810,67,Female,Hyderabad,Delhi,North,Consumer
CUST21811,Customer_11811,19,Male,Kolkata,Gujarat,North,Consumer
CUST21812,Customer_11812,26,Male,Pune,Rajasthan,East,Consumer
CUST21813,Customer_11813,34,Male,Mumbai,Delhi, north ,Corporate
CUST21814,Customer_11814,63,Female,Ahmedabad,Gujarat,West,Consumer
CUST21815,Customer_11815,53,Female,Bengaluru,Tamil Nadu,West,Corporate
CUST21816,Customer_11816,34,Female,Delhi,Rajasthan,East,Corporate
CUST21817,Customer_11817,66,Female,Bengaluru,Gujarat,East,Corporate
CUST21818,Customer_11818,29,Male,Bengaluru,Gujarat,SOUTH,Corporate
CUST21819,Customer_11819,37,Other,Delhi,Telangana,West,Small Business
CUST21820,Customer_11820,67,Other,Pune,Maharashtra,South,Corporate
CUST21821,Customer_11821,20,Female,Bengaluru,Karnataka,South,CORPORATE
CUST21822,Customer_11822,60,Male,Pune,Uttar Pradesh,North,Small Business
CUST21823,Customer_11823,67,Female,Delhi,Gujarat,West,Consumer
CUST21824,Customer_11824,21,Female,,Delhi,North,Consumer
CUST21825,Customer_11825,34,,Mumbai,Delhi,East,Consumer
CUST21826,Customer_11826,67,,Kolkata,Uttar Pradesh,West,Consumer
CUST21827,Customer_11827,54, FEMALE,Jaipur,Telangana,West,Consumer
CUST21828,Customer_11828,63,Male,Mumbai,Karnataka,North,Consumer
CUST21829,Customer_11829,59,Other,,Maharashtra,North,Small Business
CUST21830,Customer_11830,32,Female,Mumbai,Karnataka,West,Consumer
CUST21831,Customer_11831,50,male ,Bengaluru,,South,Consumer
CUST21832,Customer_11832,33,Female,Mumbai,,North,Consumer
CUST21833,Customer_11833,28,Male,Kolkata,Karnataka,,Corporate
CUST21834,Customer_11834,37,Female,Hyderabad,Gujarat,West,Corporate
CUST21835,Customer_11835,55,Male,Chennai,Karnataka,East,consumer 
CUST21836,Customer_11836,41,Male,Delhi,Gujarat,West,Corporate
CUST21837,Customer_11837,33, FEMALE,Ahmedabad,Maharashtra,North,Consumer
CUST21838,Customer_11838,47,Male,Mumbai,Uttar Pradesh,SOUTH,Consumer
CUST21839,Customer_11839,51,Male,Hyderabad,Karnataka,,Consumer
CUST21840,Customer_11840,18,Male,Delhi,Maharashtra,West,Consumer
CUST21841,Customer_11841,41,Female,Mumbai,Gujarat,,Small Business
CUST21842,Customer_11842,41,,Kolkata,Maharashtra,West,Consumer
CUST21843,Customer_11843,26,Male,Kolkata,,West,Consumer
CUST21844,Customer_11844,39,Male,Kolkata,Maharashtra,South,Corporate
CUST21845,Customer_11845,29,Other,Pune,Delhi,East,Consumer
CUST21846,Customer_11846,34, FEMALE,Ahmedabad,Gujarat,South,CORPORATE
CUST21847,Customer_11847,42,Male,Chennai,West Bengal,South,consumer 
CUST21848,Customer_11848,45,Female,Hyderabad,Telangana,South,Small Business
CUST21849,Customer_11849,32,Female,Bengaluru,Delhi,South,Consumer
CUST21850,Customer_11850,47,male ,Delhi,West Bengal,West,Consumer
CUST21851,Customer_11851,68,Female,Pune,Telangana,South,Consumer
CUST21852,Customer_11852,44,,Bengaluru,Tamil Nadu,East,Consumer
CUST21853,Customer_11853,39,Male,Chennai,West Bengal,North,Consumer
CUST21854,Customer_11854,27,Male,Mumbai,West Bengal,East,Consumer
CUST21855,Customer_11855,48,Female,Lucknow,Gujarat,West,Corporate
CUST21856,Customer_11856,44,Female,,Rajasthan,South,Consumer
CUST21857,Customer_11857,29,Other,Bengaluru,Karnataka,East,Corporate
CUST21858,Customer_11858,63,Female,Lucknow,Karnataka,West,Corporate
CUST21859,Customer_11859,48,Male,Ahmedabad,Tamil Nadu,South,consumer 
CUST21860,Customer_11860,49,Female,,Karnataka,South,Small Business
CUST21861,Customer_11861,49,Female,Bengaluru,Telangana,North,Consumer
CUST21862,Customer_11862,58,Other,Jaipur,Gujarat,East,Corporate
CUST21863,Customer_11863,62,Female,Mumbai,Gujarat,West,Corporate
CUST21864,Customer_11864,52,Female,Pune,West Bengal,East,consumer 
CUST21865,Customer_11865,63,Female,Kolkata,West Bengal,South,Corporate
CUST21866,Customer_11866,38,male ,Jaipur,Telangana,South,Consumer
CUST21867,Customer_11867,27,Female,Mumbai,West Bengal,North,Consumer
CUST21868,Customer_11868,33,Male,Lucknow,Uttar Pradesh,North,Corporate
CUST21869,Customer_11869,24, FEMALE,Hyderabad,Uttar Pradesh,South,consumer 
CUST21870,Customer_11870,21,Female,Mumbai,Delhi,North,consumer 
CUST21871,Customer_11871,44,Female,Pune,Uttar Pradesh,West,Consumer
CUST21872,Customer_11872,69,,Ahmedabad,Rajasthan,SOUTH,Small Business
CUST21873,Customer_11873,42,male ,Ahmedabad,Delhi,North,Corporate
CUST21874,Customer_11874,48,male ,Jaipur,Maharashtra, north ,Consumer
CUST21875,Customer_11875,28,Other,Delhi,Uttar Pradesh,West,Consumer
CUST21876,Customer_11876,65,Male,Mumbai,Tamil Nadu, north ,Corporate
CUST21877,Customer_11877,37,Female,Delhi,Uttar Pradesh,North,Corporate
CUST21878,Customer_11878,53,Female,Delhi,Maharashtra, north ,Consumer
CUST21879,Customer_11879,34,Male,Hyderabad,Delhi,SOUTH,Small Business
CUST21880,Customer_11880,62,male ,Bengaluru,Maharashtra, north ,Consumer
CUST21881,Customer_11881,28,male ,Delhi,Telangana,West,Corporate
CUST21882,Customer_11882,47,Female,Ahmedabad,Tamil Nadu,North,Consumer
CUST21883,Customer_11883,52,,Pune,Gujarat,North,Consumer
CUST21884,Customer_11884,58,Male,Lucknow,Rajasthan,SOUTH,Consumer
CUST21885,Customer_11885,55,Female,Hyderabad,,North,Corporate
CUST21886,Customer_11886,39,Female,Hyderabad,Delhi,South,Small Business
CUST21887,Customer_11887,60,Male,Bengaluru,Maharashtra,North,Consumer
CUST21888,Customer_11888,65,Male,Hyderabad,Delhi,West,Consumer
CUST21889,Customer_11889,68, FEMALE,Pune,Tamil Nadu,East,Consumer
CUST21890,Customer_11890,44,Female,Chennai,Karnataka,SOUTH,Corporate
CUST21891,Customer_11891,54,male ,Lucknow,Rajasthan, north ,Consumer
CUST21892,Customer_11892,63,Female,Ahmedabad,Maharashtra,East,Consumer
CUST21893,Customer_11893,66,Male,Chennai,Maharashtra,,Small Business
CUST21894,Customer_11894,52,Male,Mumbai,Tamil Nadu,South,Consumer
CUST21895,Customer_11895,21,Female,Ahmedabad,Telangana,North,Corporate
CUST21896,Customer_11896,33,Other,Jaipur,Uttar Pradesh, north ,Consumer
CUST21897,Customer_11897,33,Male,Kolkata,Uttar Pradesh,East,Corporate
CUST21898,Customer_11898,38,,Jaipur,Maharashtra,South,consumer 
CUST21899,Customer_11899,43,,Delhi,Uttar Pradesh,North,Consumer
CUST21900,Customer_11900,53,,Delhi,West Bengal,West,Small Business
CUST21901,Customer_11901,36,Female,Mumbai,Tamil Nadu,South,Consumer
CUST21902,Customer_11902,34,Other,Mumbai,Delhi,South,CORPORATE
CUST21903,Customer_11903,62,Female,Hyderabad,Uttar Pradesh, north ,Consumer
CUST21904,Customer_11904,43,Male,Mumbai,Delhi,North,Small Business
CUST21905,Customer_11905,39,Male,Lucknow,Karnataka,East,Consumer
CUST21906,Customer_11906,45,Other,Pune,Delhi,West,Consumer
CUST21907,Customer_11907,18,Male,Hyderabad,Tamil Nadu, north ,Corporate
CUST21908,Customer_11908,61,Female,Delhi,Rajasthan,West,Corporate
CUST21909,Customer_11909,53,Male,Pune,Gujarat, north ,Small Business
CUST21910,Customer_11910,60,Male,Delhi,Uttar Pradesh,North,Consumer
CUST21911,Customer_11911,54,Male,Jaipur,Gujarat,SOUTH,Corporate
CUST21912,Customer_11912,19, FEMALE,Lucknow,Uttar Pradesh,North,Consumer
CUST21913,Customer_11913,34,Female,Pune,Karnataka,South,Corporate
CUST21914,Customer_11914,57, FEMALE,Mumbai,Tamil Nadu,North,Corporate
CUST21915,Customer_11915,55,Female,Jaipur,Telangana,SOUTH,Consumer
CUST21916,Customer_11916,38,Other,Bengaluru,West Bengal,South,consumer 
CUST21917,Customer_11917,26,Female,Mumbai,West Bengal,South,consumer 
CUST21918,Customer_11918,30,Female,Chennai,Rajasthan,North,Consumer
CUST21919,Customer_11919,28,Female,Ahmedabad,Delhi,North,Consumer
CUST21920,Customer_11920,33,Female,Bengaluru,Uttar Pradesh,East,Consumer
CUST21921,Customer_11921,33, FEMALE,Ahmedabad,Maharashtra,North,Corporate
CUST21922,Customer_11922,19,Female,Delhi,Delhi,East,Consumer
CUST21923,Customer_11923,59,male ,Delhi,Tamil Nadu,West,Small Business
CUST21924,Customer_11924,61,male ,Kolkata,West Bengal,East,consumer 
CUST21925,Customer_11925,25,Male,Mumbai,Delhi,West,Consumer
CUST21926,Customer_11926,60,Female,Bengaluru,Tamil Nadu,South,consumer 
CUST21927,Customer_11927,59,Male,Mumbai,Tamil Nadu,North,consumer 
CUST21928,Customer_11928,30,Female,Bengaluru,Delhi,,Corporate
CUST21929,Customer_11929,34,Female,Bengaluru,Rajasthan,West,Consumer
CUST21930,Customer_11930,56,,Jaipur,Maharashtra,East,Consumer
CUST21931,Customer_11931,41,Male,Kolkata,Uttar Pradesh,West,Corporate
CUST21932,Customer_11932,20,Male,Ahmedabad,Karnataka,South,Corporate
CUST21933,Customer_11933,47,Male,Jaipur,Tamil Nadu,North,Corporate
CUST21934,Customer_11934,69,Female,Kolkata,Gujarat,East,Small Business
CUST21935,Customer_11935,30,male ,Kolkata,Uttar Pradesh,,CORPORATE
CUST21936,Customer_11936,36, FEMALE,Ahmedabad,Uttar Pradesh,East,Small Business
CUST21937,Customer_11937,24,Female,Bengaluru,Maharashtra,North,consumer 
CUST21938,Customer_11938,26, FEMALE,Bengaluru,Delhi,North,Corporate
CUST21939,Customer_11939,36,Male,Jaipur,West Bengal, north ,Consumer
CUST21940,Customer_11940,62,Male,Mumbai,Telangana,North,Consumer
CUST21941,Customer_11941,57,Male,Ahmedabad,Gujarat,North,Consumer
CUST21942,Customer_11942,39, FEMALE,Chennai,Karnataka,,Corporate
CUST21943,Customer_11943,35,Female,Bengaluru,Telangana,East,Consumer
CUST21944,Customer_11944,40,Female,Jaipur,Tamil Nadu,East,Consumer
CUST21945,Customer_11945,19,Male,Bengaluru,Uttar Pradesh, north ,consumer 
CUST21946,Customer_11946,67,Male,Ahmedabad,Karnataka,East,
CUST21947,Customer_11947,67,Other,,Gujarat,North,Consumer
CUST21948,Customer_11948,28,Male,Kolkata,Tamil Nadu,South,Consumer
CUST21949,Customer_11949,48,male ,Delhi,Gujarat,West,Corporate
CUST21950,Customer_11950,50,Male,Bengaluru,Tamil Nadu, north ,Consumer
CUST21951,Customer_11951,31,Male,Chennai,Uttar Pradesh,South,Small Business
CUST21952,Customer_11952,33,Female,Lucknow,Delhi,South,Corporate
CUST21953,Customer_11953,28,Male,Mumbai,Uttar Pradesh,South,Consumer
CUST21954,Customer_11954,50,Female,Delhi,Tamil Nadu,East,Corporate
CUST21955,Customer_11955,24,Female,Delhi,Telangana,South,Consumer
CUST21956,Customer_11956,48,Female,Chennai,Maharashtra, north ,CORPORATE
CUST21957,Customer_11957,65,male ,Ahmedabad,Uttar Pradesh,,Consumer
CUST21958,Customer_11958,63,Female,Delhi,Maharashtra,,CORPORATE
CUST21959,Customer_11959,64,Male,Mumbai,Maharashtra,,Consumer
CUST21960,Customer_11960,31,Female,Kolkata,Maharashtra,South,Consumer
CUST21961,Customer_11961,45,Female,Lucknow,Delhi,West,Consumer
CUST21962,Customer_11962,60,Male,Lucknow,Rajasthan,West,consumer 
CUST21963,Customer_11963,33, FEMALE,Jaipur,Karnataka,South,Corporate
CUST21964,Customer_11964,36,Female,Mumbai,Maharashtra,South,Small Business
CUST21965,Customer_11965,34, FEMALE,Hyderabad,Karnataka,East,Consumer
CUST21966,Customer_11966,43, FEMALE,,Tamil Nadu,West,Consumer
CUST21967,Customer_11967,23,Female,,Tamil Nadu, north ,Consumer
CUST21968,Customer_11968,60,Female,Pune,Telangana,West,Corporate
CUST21969,Customer_11969,66,Female,Kolkata,Tamil Nadu,West,consumer 
CUST21970,Customer_11970,26,Female,Ahmedabad,Telangana,South,Consumer
CUST21971,Customer_11971,67, FEMALE,Hyderabad,Uttar Pradesh,West,Consumer
CUST21972,Customer_11972,34,male ,Mumbai,Delhi,East,Corporate
CUST21973,Customer_11973,48,Male,Kolkata,Gujarat,North,Consumer
CUST21974,Customer_11974,29,Female,Ahmedabad,Karnataka,SOUTH,Corporate
CUST21975,Customer_11975,40,,Kolkata,Uttar Pradesh,East,Consumer
CUST21976,Customer_11976,22,Female,Lucknow,Telangana,West,Small Business
CUST21977,Customer_11977,60,male ,Hyderabad,Karnataka,East,Small Business
CUST21978,Customer_11978,53,male ,Delhi,West Bengal,SOUTH,Corporate
CUST21979,Customer_11979,53,Male,Mumbai,Uttar Pradesh,North,Consumer
CUST21980,Customer_11980,20,Male,,Telangana,East,Consumer
CUST21981,Customer_11981,41,Female,Chennai,Tamil Nadu,North,Consumer
CUST21982,Customer_11982,34,Female,Delhi,Delhi,North,Corporate
CUST21983,Customer_11983,56,Female,Ahmedabad,Gujarat,South,Consumer
CUST21984,Customer_11984,43,Female,Chennai,Gujarat,East,consumer 
CUST21985,Customer_11985,21,male ,Lucknow,Telangana,West,consumer 
CUST21986,Customer_11986,62,Male,Pune,Uttar Pradesh,East,Consumer
CUST21987,Customer_11987,29,Male,Delhi,Karnataka,East,Small Business
CUST21988,Customer_11988,18,Male,Pune,Uttar Pradesh,SOUTH,Small Business
CUST21989,Customer_11989,38,Female,,Tamil Nadu,West,Consumer
CUST21990,Customer_11990,36,Male,Delhi,Tamil Nadu,North,Consumer
CUST21991,Customer_11991,38,Female,Lucknow,Delhi,North,Consumer
CUST21992,Customer_11992,69,Male,Mumbai,Gujarat,North,Small Business
CUST21993,Customer_11993,35,Female,Hyderabad,Uttar Pradesh,North,Consumer
CUST21994,Customer_11994,60,Male,Hyderabad,Uttar Pradesh,South,Corporate
CUST21995,Customer_11995,69,Female,Ahmedabad,Karnataka,West,consumer 
CUST21996,Customer_11996,20,Female,Chennai,Karnataka,South,Corporate
CUST21997,Customer_11997,66,Male,Hyderabad,West Bengal,South,
CUST21998,Customer_11998,61, FEMALE,Lucknow,Gujarat,South,Corporate
CUST21999,Customer_11999,49,Male,Delhi,Gujarat,East,Consumer
